# 3ds Max Wavefront OBJ Exporter v0.99 - (c)2007 guruware
# File Created: 13.03.2026 10:48:21

mtllib engineanim_down.mtl

#
# object Egnine_Cone004
#

v  154.2817 -0.0000 -216.6386
v  149.0247 -39.9311 -216.6386
v  134.1222 -35.9380 -216.6386
v  138.8535 -0.0000 -216.6386
v  133.6119 -77.1409 -216.6386
v  120.2507 -69.4268 -216.6386
v  109.0937 -109.0937 -216.6386
v  98.1843 -98.1843 -216.6386
v  77.1409 -133.6119 -216.6386
v  69.4268 -120.2507 -216.6386
v  39.9311 -149.0247 -216.6386
v  35.9380 -134.1222 -216.6386
v  0.0000 -154.2818 -216.6386
v  0.0000 -138.8536 -216.6386
v  -39.9310 -149.0247 -216.6386
v  -35.9379 -134.1223 -216.6386
v  -77.1408 -133.6119 -216.6386
v  -69.4268 -120.2507 -216.6386
v  -109.0936 -109.0937 -216.6386
v  -98.1843 -98.1843 -216.6386
v  -133.6119 -77.1409 -216.6386
v  -120.2507 -69.4268 -216.6386
v  -149.0247 -39.9311 -216.6386
v  -134.1222 -35.9380 -216.6386
v  -154.2817 -0.0001 -216.6386
v  -138.8535 -0.0001 -216.6386
v  -149.0247 39.9310 -216.6386
v  -134.1222 35.9379 -216.6386
v  -133.6119 77.1408 -216.6386
v  -120.2507 69.4267 -216.6386
v  -109.0937 109.0936 -216.6386
v  -98.1843 98.1842 -216.6386
v  -77.1409 133.6119 -216.6386
v  -69.4268 120.2507 -216.6386
v  -39.9311 149.0247 -216.6386
v  -35.9380 134.1222 -216.6386
v  -0.0001 154.2817 -216.6386
v  -0.0001 138.8535 -216.6386
v  39.9310 149.0247 -216.6386
v  35.9379 134.1222 -216.6386
v  77.1408 133.6119 -216.6386
v  69.4267 120.2507 -216.6386
v  109.0936 109.0937 -216.6386
v  98.1842 98.1843 -216.6386
v  133.6118 77.1409 -216.6386
v  120.2507 69.4268 -216.6386
v  149.0247 39.9312 -216.6386
v  134.1222 35.9380 -216.6386
v  107.2978 -28.7504 -169.3711
v  77.0954 -20.6577 -135.2502
v  79.8151 -0.0000 -135.2502
v  111.0828 -0.0000 -169.3711
v  96.2006 -55.5414 -169.3711
v  69.1219 -39.9075 -135.2502
v  78.5474 -78.5474 -169.3711
v  56.4378 -56.4378 -135.2502
v  55.5414 -96.2006 -169.3711
v  39.9075 -69.1219 -135.2502
v  28.7504 -107.2978 -169.3711
v  20.6577 -77.0955 -135.2502
v  0.0000 -111.0828 -169.3711
v  0.0000 -79.8151 -135.2502
v  -28.7503 -107.2978 -169.3711
v  -20.6577 -77.0955 -135.2502
v  -55.5414 -96.2006 -169.3711
v  -39.9075 -69.1219 -135.2502
v  -78.5474 -78.5475 -169.3711
v  -56.4378 -56.4378 -135.2502
v  -96.2005 -55.5415 -169.3711
v  -69.1219 -39.9076 -135.2502
v  -107.2978 -28.7504 -169.3711
v  -77.0954 -20.6577 -135.2502
v  -111.0828 -0.0001 -169.3711
v  -79.8151 -0.0000 -135.2502
v  -107.2978 28.7503 -169.3711
v  -77.0955 20.6576 -135.2502
v  -96.2006 55.5414 -169.3711
v  -69.1219 39.9075 -135.2502
v  -78.5475 78.5474 -169.3711
v  -56.4378 56.4378 -135.2502
v  -55.5415 96.2005 -169.3711
v  -39.9076 69.1219 -135.2502
v  -28.7504 107.2978 -169.3711
v  -20.6577 77.0954 -135.2502
v  -0.0001 111.0828 -169.3711
v  -0.0000 79.8151 -135.2502
v  28.7503 107.2978 -169.3711
v  20.6576 77.0954 -135.2502
v  55.5414 96.2006 -169.3711
v  39.9075 69.1219 -135.2502
v  78.5474 78.5475 -169.3711
v  56.4378 56.4378 -135.2502
v  96.2005 55.5415 -169.3711
v  69.1219 39.9076 -135.2502
v  107.2978 28.7504 -169.3711
v  77.0954 20.6577 -135.2502
v  132.7810 -35.5786 -214.2752
v  137.4650 -0.0000 -214.2752
v  119.0482 -68.7325 -214.2752
v  97.2025 -97.2025 -214.2752
v  68.7325 -119.0482 -214.2752
v  35.5786 -132.7810 -214.2752
v  0.0000 -137.4650 -214.2752
v  -35.5786 -132.7810 -214.2752
v  -68.7325 -119.0482 -214.2752
v  -97.2024 -97.2025 -214.2752
v  -119.0482 -68.7325 -214.2752
v  -132.7810 -35.5786 -214.2752
v  -137.4650 -0.0001 -214.2752
v  -132.7810 35.5785 -214.2752
v  -119.0482 68.7324 -214.2752
v  -97.2025 97.2024 -214.2752
v  -68.7325 119.0482 -214.2752
v  -35.5786 132.7810 -214.2752
v  -0.0001 137.4650 -214.2752
v  35.5785 132.7810 -214.2752
v  68.7324 119.0482 -214.2752
v  97.2024 97.2025 -214.2752
v  119.0482 68.7326 -214.2752
v  132.7810 35.5787 -214.2752
v  75.5059 -20.2317 -133.4543
v  74.4299 -19.9434 -133.4543
v  77.0555 -0.0000 -133.4543
v  78.1694 -0.0000 -133.4543
v  74.4299 19.9435 -133.4543
v  75.5058 20.2318 -133.4543
v  66.7320 38.5278 -133.4543
v  67.6967 39.0847 -133.4543
v  54.4864 54.4865 -133.4543
v  55.2741 55.2741 -133.4543
v  38.5277 66.7320 -133.4543
v  39.0847 67.6967 -133.4543
v  19.9434 74.4299 -133.4543
v  20.2317 75.5058 -133.4543
v  -0.0000 77.0555 -133.4543
v  -0.0000 78.1694 -133.4543
v  -19.9435 74.4299 -133.4543
v  -20.2318 75.5058 -133.4543
v  -38.5278 66.7320 -133.4543
v  -39.0847 67.6967 -133.4543
v  -54.4865 54.4864 -133.4543
v  -55.2742 55.2741 -133.4543
v  -66.7320 38.5277 -133.4543
v  -67.6967 39.0847 -133.4543
v  -74.4299 19.9434 -133.4543
v  -75.5059 20.2317 -133.4543
v  -77.0555 -0.0000 -133.4543
v  -78.1694 -0.0000 -133.4543
v  -74.4299 -19.9435 -133.4543
v  -75.5058 -20.2318 -133.4543
v  -66.7320 -38.5278 -133.4543
v  -67.6967 -39.0847 -133.4543
v  -54.4864 -54.4865 -133.4543
v  -55.2741 -55.2741 -133.4543
v  -38.5277 -66.7320 -133.4543
v  -39.0847 -67.6967 -133.4543
v  -19.9434 -74.4299 -133.4543
v  -20.2317 -75.5059 -133.4543
v  0.0000 -77.0555 -133.4543
v  0.0000 -78.1694 -133.4543
v  19.9434 -74.4299 -133.4543
v  20.2317 -75.5059 -133.4543
v  38.5277 -66.7320 -133.4543
v  39.0847 -67.6967 -133.4543
v  54.4865 -54.4865 -133.4543
v  55.2741 -55.2741 -133.4543
v  66.7320 -38.5277 -133.4543
v  67.6967 -39.0847 -133.4543
v  52.8541 -14.1622 -133.4543
v  52.3256 -14.0206 -135.3348
v  54.1714 -0.0000 -135.3348
v  54.7186 -0.0000 -133.4543
v  52.3255 14.0206 -135.3348
v  52.8541 14.1622 -133.4543
v  46.9138 27.0857 -135.3348
v  47.3877 27.3593 -133.4543
v  38.3049 38.3050 -135.3348
v  38.6919 38.6919 -133.4543
v  27.0857 46.9138 -135.3348
v  27.3593 47.3877 -133.4543
v  14.0206 52.3256 -135.3348
v  14.1622 52.8541 -133.4543
v  -0.0000 54.1714 -135.3348
v  -0.0000 54.7186 -133.4543
v  -14.0206 52.3255 -135.3348
v  -14.1622 52.8541 -133.4543
v  -27.0857 46.9138 -135.3348
v  -27.3593 47.3877 -133.4543
v  -38.3050 38.3049 -135.3348
v  -38.6919 38.6919 -133.4543
v  -46.9138 27.0857 -135.3348
v  -47.3877 27.3593 -133.4543
v  -52.3256 14.0206 -135.3348
v  -52.8541 14.1622 -133.4543
v  -54.1714 -0.0000 -135.3348
v  -54.7186 -0.0000 -133.4543
v  -52.3255 -14.0206 -135.3348
v  -52.8541 -14.1622 -133.4543
v  -46.9138 -27.0857 -135.3348
v  -47.3877 -27.3593 -133.4543
v  -38.3050 -38.3050 -135.3348
v  -38.6919 -38.6919 -133.4543
v  -27.0857 -46.9138 -135.3348
v  -27.3593 -47.3877 -133.4543
v  -14.0206 -52.3256 -135.3348
v  -14.1622 -52.8541 -133.4543
v  0.0000 -54.1714 -135.3348
v  0.0000 -54.7186 -133.4543
v  14.0206 -52.3256 -135.3348
v  14.1622 -52.8541 -133.4543
v  27.0857 -46.9138 -135.3348
v  27.3593 -47.3877 -133.4543
v  38.3050 -38.3050 -135.3348
v  38.6919 -38.6919 -133.4543
v  46.9138 -27.0857 -135.3348
v  47.3877 -27.3593 -133.4543
v  33.8368 -9.0666 -180.5088
v  25.3700 -6.7979 -189.9751
v  26.2649 -0.0000 -189.9751
v  35.0304 -0.0000 -180.5088
v  25.3700 6.7979 -189.9751
v  33.8368 9.0666 -180.5088
v  22.7461 13.1325 -189.9751
v  30.3372 17.5152 -180.5088
v  18.5721 18.5721 -189.9751
v  24.7703 24.7703 -180.5088
v  13.1324 22.7461 -189.9751
v  17.5152 30.3373 -180.5088
v  6.7978 25.3700 -189.9751
v  9.0665 33.8368 -180.5088
v  -0.0000 26.2649 -189.9751
v  -0.0000 35.0304 -180.5088
v  -6.7979 25.3700 -189.9751
v  -9.0666 33.8368 -180.5088
v  -13.1325 22.7461 -189.9751
v  -17.5152 30.3372 -180.5088
v  -18.5721 18.5721 -189.9751
v  -24.7703 24.7702 -180.5088
v  -22.7461 13.1324 -189.9751
v  -30.3373 17.5152 -180.5088
v  -25.3700 6.7978 -189.9751
v  -33.8368 9.0665 -180.5088
v  -26.2649 -0.0000 -189.9751
v  -35.0304 -0.0000 -180.5088
v  -25.3700 -6.7979 -189.9751
v  -33.8368 -9.0666 -180.5088
v  -22.7461 -13.1325 -189.9751
v  -30.3373 -17.5152 -180.5088
v  -18.5721 -18.5721 -189.9751
v  -24.7703 -24.7703 -180.5088
v  -13.1325 -22.7461 -189.9751
v  -17.5152 -30.3373 -180.5088
v  -6.7979 -25.3700 -189.9751
v  -9.0665 -33.8368 -180.5088
v  0.0000 -26.2649 -189.9751
v  0.0000 -35.0304 -180.5088
v  6.7979 -25.3700 -189.9751
v  9.0665 -33.8368 -180.5088
v  13.1325 -22.7461 -189.9751
v  17.5152 -30.3373 -180.5088
v  18.5721 -18.5721 -189.9751
v  24.7703 -24.7703 -180.5088
v  22.7461 -13.1325 -189.9751
v  30.3373 -17.5152 -180.5088
v  17.7590 -4.7585 -193.5469
v  18.3854 -0.0000 -193.5469
v  17.7590 4.7585 -193.5469
v  15.9223 9.1927 -193.5469
v  13.0005 13.0005 -193.5469
v  9.1927 15.9223 -193.5469
v  4.7585 17.7590 -193.5469
v  -0.0000 18.3854 -193.5469
v  -4.7585 17.7590 -193.5469
v  -9.1927 15.9223 -193.5469
v  -13.0005 13.0005 -193.5469
v  -15.9223 9.1927 -193.5469
v  -17.7590 4.7585 -193.5469
v  -18.3854 -0.0000 -193.5469
v  -17.7590 -4.7585 -193.5469
v  -15.9223 -9.1927 -193.5469
v  -13.0005 -13.0005 -193.5469
v  -9.1927 -15.9223 -193.5469
v  -4.7585 -17.7590 -193.5469
v  0.0000 -18.3855 -193.5469
v  4.7585 -17.7590 -193.5469
v  9.1927 -15.9223 -193.5469
v  13.0005 -13.0005 -193.5469
v  15.9223 -9.1927 -193.5469
v  18.3854 -0.0000 -196.1183
v  17.7590 -4.7585 -196.1183
v  15.9831 -4.2827 -196.1183
v  16.5469 -0.0000 -196.1183
v  17.7590 4.7585 -196.1183
v  15.9831 4.2827 -196.1183
v  15.9223 9.1927 -196.1183
v  14.3300 8.2735 -196.1183
v  13.0005 13.0005 -196.1183
v  11.7004 11.7004 -196.1183
v  9.1927 15.9223 -196.1183
v  8.2734 14.3300 -196.1183
v  4.7585 17.7590 -196.1183
v  4.2826 15.9831 -196.1183
v  -0.0000 18.3854 -196.1183
v  -0.0000 16.5469 -196.1183
v  -4.7585 17.7590 -196.1183
v  -4.2827 15.9831 -196.1183
v  -9.1927 15.9223 -196.1183
v  -8.2735 14.3300 -196.1183
v  -13.0005 13.0005 -196.1183
v  -11.7004 11.7004 -196.1183
v  -15.9223 9.1927 -196.1183
v  -14.3300 8.2734 -196.1183
v  -17.7590 4.7585 -196.1183
v  -15.9831 4.2826 -196.1183
v  -18.3854 -0.0000 -196.1183
v  -16.5469 -0.0000 -196.1183
v  -17.7590 -4.7585 -196.1183
v  -15.9831 -4.2827 -196.1183
v  -15.9223 -9.1927 -196.1183
v  -14.3300 -8.2735 -196.1183
v  -13.0005 -13.0005 -196.1183
v  -11.7004 -11.7004 -196.1183
v  -9.1927 -15.9223 -196.1183
v  -8.2734 -14.3300 -196.1183
v  -4.7585 -17.7590 -196.1183
v  -4.2827 -15.9831 -196.1183
v  0.0000 -18.3855 -196.1183
v  0.0000 -16.5469 -196.1183
v  4.7585 -17.7590 -196.1183
v  4.2827 -15.9831 -196.1183
v  9.1927 -15.9223 -196.1183
v  8.2734 -14.3300 -196.1183
v  13.0005 -13.0005 -196.1183
v  11.7004 -11.7004 -196.1183
v  15.9223 -9.1927 -196.1183
v  14.3300 -8.2735 -196.1183
v  1.7262 0.4625 -188.5872
v  0.8935 1.5476 -188.5872
v  1.2636 1.2636 -188.5872
v  1.5476 0.8935 -188.5872
v  1.7871 -0.0000 -188.5872
v  0.4625 1.7262 -188.5872
v  1.7262 -0.4625 -188.5872
v  -0.0000 1.7871 -188.5872
v  1.5476 -0.8935 -188.5872
v  -0.4625 1.7262 -188.5872
v  1.2636 -1.2637 -188.5872
v  -0.8935 1.5476 -188.5872
v  0.8935 -1.5477 -188.5872
v  -1.2636 1.2636 -188.5872
v  0.4625 -1.7262 -188.5872
v  -1.5476 0.8935 -188.5872
v  0.0000 -1.7871 -188.5872
v  -1.7262 0.4625 -188.5872
v  -0.4625 -1.7262 -188.5872
v  -1.7871 -0.0000 -188.5872
v  -0.8935 -1.5477 -188.5872
v  -1.7262 -0.4625 -188.5872
v  -1.2636 -1.2637 -188.5872
v  -1.5476 -0.8935 -188.5872
v  15.9831 -4.2827 -193.5469
v  16.5469 -0.0000 -193.5469
v  15.9831 4.2827 -193.5469
v  14.3300 8.2735 -193.5469
v  11.7004 11.7004 -193.5469
v  8.2734 14.3300 -193.5469
v  4.2826 15.9831 -193.5469
v  -0.0000 16.5469 -193.5469
v  -4.2827 15.9831 -193.5469
v  -8.2735 14.3300 -193.5469
v  -11.7004 11.7004 -193.5469
v  -14.3300 8.2734 -193.5469
v  -15.9831 4.2826 -193.5469
v  -16.5469 -0.0000 -193.5469
v  -15.9831 -4.2827 -193.5469
v  -14.3300 -8.2735 -193.5469
v  -11.7004 -11.7004 -193.5469
v  -8.2734 -14.3300 -193.5469
v  -4.2827 -15.9831 -193.5469
v  0.0000 -16.5469 -193.5469
v  4.2827 -15.9831 -193.5469
v  8.2734 -14.3300 -193.5469
v  11.7004 -11.7004 -193.5469
v  14.3300 -8.2735 -193.5469
v  55.8911 -0.0000 -133.4543
v  53.9867 -14.4657 -133.4543
v  53.9867 14.4657 -133.4543
v  48.4031 27.9456 -133.4543
v  39.5210 39.5210 -133.4543
v  27.9455 48.4031 -133.4543
v  14.4657 53.9867 -133.4543
v  -0.0000 55.8911 -133.4543
v  -14.4657 53.9867 -133.4543
v  -27.9456 48.4031 -133.4543
v  -39.5210 39.5210 -133.4543
v  -48.4031 27.9455 -133.4543
v  -53.9867 14.4657 -133.4543
v  -55.8911 -0.0000 -133.4543
v  -53.9867 -14.4657 -133.4543
v  -48.4031 -27.9456 -133.4543
v  -39.5210 -39.5210 -133.4543
v  -27.9456 -48.4031 -133.4543
v  -14.4657 -53.9867 -133.4543
v  0.0000 -55.8911 -133.4543
v  14.4657 -53.9867 -133.4543
v  27.9456 -48.4031 -133.4543
v  39.5210 -39.5210 -133.4543
v  48.4031 -27.9456 -133.4543
v  45.7530 -12.2595 -158.7200
v  47.3670 -0.0000 -158.7200
v  45.7530 12.2595 -158.7200
v  41.0210 23.6835 -158.7200
v  33.4935 33.4935 -158.7200
v  23.6835 41.0210 -158.7200
v  12.2594 45.7530 -158.7200
v  -0.0000 47.3670 -158.7200
v  -12.2595 45.7530 -158.7200
v  -23.6835 41.0210 -158.7200
v  -33.4935 33.4935 -158.7200
v  -41.0210 23.6835 -158.7200
v  -45.7530 12.2594 -158.7200
v  -47.3670 -0.0000 -158.7200
v  -45.7530 -12.2595 -158.7200
v  -41.0210 -23.6835 -158.7200
v  -33.4935 -33.4935 -158.7200
v  -23.6835 -41.0210 -158.7200
v  -12.2595 -45.7530 -158.7200
v  0.0000 -47.3670 -158.7200
v  12.2595 -45.7530 -158.7200
v  23.6835 -41.0210 -158.7200
v  33.4935 -33.4935 -158.7200
v  41.0210 -23.6835 -158.7200
v  153.8910 -0.0000 -214.6851
v  148.6473 -39.8299 -214.6851
v  133.2735 -76.9455 -214.6851
v  108.8174 -108.8174 -214.6851
v  76.9455 -133.2736 -214.6851
v  39.8299 -148.6473 -214.6851
v  0.0000 -153.8911 -214.6851
v  -39.8299 -148.6474 -214.6851
v  -76.9455 -133.2736 -214.6851
v  -108.8174 -108.8174 -214.6851
v  -133.2735 -76.9456 -214.6851
v  -148.6473 -39.8300 -214.6851
v  -153.8910 -0.0001 -214.6851
v  -148.6473 39.8299 -214.6851
v  -133.2736 76.9454 -214.6851
v  -108.8175 108.8173 -214.6851
v  -76.9456 133.2735 -214.6851
v  -39.8300 148.6473 -214.6851
v  -0.0001 153.8910 -214.6851
v  39.8299 148.6473 -214.6851
v  76.9454 133.2736 -214.6851
v  108.8173 108.8175 -214.6851
v  133.2735 76.9456 -214.6851
v  148.6473 39.8300 -214.6851
v  42.4868 -0.0000 -170.3398
v  41.0391 -10.9964 -170.3398
v  41.0391 10.9964 -170.3398
v  36.7946 21.2434 -170.3398
v  30.0427 30.0427 -170.3398
v  21.2434 36.7946 -170.3398
v  10.9964 41.0391 -170.3398
v  -0.0000 42.4868 -170.3398
v  -10.9964 41.0391 -170.3398
v  -21.2434 36.7946 -170.3398
v  -30.0427 30.0427 -170.3398
v  -36.7946 21.2434 -170.3398
v  -41.0391 10.9964 -170.3398
v  -42.4868 -0.0000 -170.3398
v  -41.0391 -10.9964 -170.3398
v  -36.7946 -21.2434 -170.3398
v  -30.0427 -30.0427 -170.3398
v  -21.2434 -36.7946 -170.3398
v  -10.9964 -41.0391 -170.3398
v  0.0000 -42.4868 -170.3398
v  10.9964 -41.0391 -170.3398
v  21.2434 -36.7946 -170.3398
v  30.0427 -30.0427 -170.3398
v  36.7946 -21.2434 -170.3398
v  135.4277 0.0000 -28.2440
v  135.4278 0.0002 -23.2684
v  130.8131 -35.0513 -23.2684
v  130.8131 -35.0513 -28.2440
v  130.8131 35.0514 -28.2440
v  130.8131 35.0513 -23.2684
v  117.2838 67.7140 -28.2440
v  117.2838 67.7139 -23.2684
v  95.7618 95.7619 -28.2440
v  95.7618 95.7620 -23.2684
v  67.7138 117.2839 -28.2440
v  67.7137 117.2839 -23.2684
v  35.0514 130.8131 -28.2440
v  35.0514 130.8131 -23.2684
v  -0.0002 135.4277 -28.2440
v  -0.0002 135.4277 -23.2684
v  -35.0514 130.8131 -28.2440
v  -35.0514 130.8131 -23.2684
v  -67.7139 117.2839 -28.2440
v  -67.7139 117.2839 -23.2684
v  -95.7619 95.7618 -28.2440
v  -95.7619 95.7618 -23.2684
v  -117.2838 67.7139 -28.2440
v  -117.2838 67.7139 -23.2684
v  -130.8132 35.0512 -28.2440
v  -130.8132 35.0512 -23.2684
v  -135.4277 -0.0002 -28.2440
v  -135.4277 -0.0002 -23.2684
v  -130.8131 -35.0513 -28.2440
v  -130.8131 -35.0513 -23.2684
v  -117.2838 -67.7139 -28.2440
v  -117.2838 -67.7139 -23.2684
v  -95.7618 -95.7619 -28.2440
v  -95.7618 -95.7619 -23.2684
v  -67.7139 -117.2838 -28.2440
v  -67.7139 -117.2838 -23.2684
v  -35.0512 -130.8132 -28.2440
v  -35.0512 -130.8132 -23.2684
v  0.0001 -135.4277 -28.2440
v  0.0001 -135.4277 -23.2684
v  35.0512 -130.8131 -28.2440
v  35.0512 -130.8131 -23.2684
v  67.7138 -117.2839 -28.2440
v  67.7138 -117.2839 -23.2684
v  95.7619 -95.7619 -28.2440
v  95.7619 -95.7619 -23.2684
v  117.2838 -67.7139 -28.2440
v  117.2838 -67.7139 -23.2684
v  160.6697 0.0000 -201.6954
v  169.5850 -0.0001 -201.6954
v  163.8065 -43.8919 -201.6954
v  155.1950 -41.5844 -201.6954
v  155.1950 41.5846 -201.6954
v  163.8065 43.8920 -201.6954
v  139.1440 80.3350 -201.6954
v  146.8649 84.7926 -201.6954
v  113.6106 113.6107 -201.6954
v  119.9147 119.9148 -201.6954
v  80.3348 139.1441 -201.6954
v  84.7924 146.8650 -201.6954
v  41.5843 155.1950 -201.6954
v  43.8919 163.8066 -201.6954
v  -0.0001 160.6697 -201.6954
v  -0.0002 169.5850 -201.6954
v  -41.5844 155.1950 -201.6954
v  -43.8919 163.8065 -201.6954
v  -80.3349 139.1440 -201.6954
v  -84.7926 146.8649 -201.6954
v  -113.6107 113.6106 -201.6954
v  -119.9148 119.9147 -201.6954
v  -139.1441 80.3348 -201.6954
v  -146.8650 84.7925 -201.6954
v  -155.1951 41.5843 -201.6954
v  -163.8066 43.8918 -201.6954
v  -160.6697 -0.0001 -201.6954
v  -169.5850 -0.0002 -201.6954
v  -155.1950 -41.5844 -201.6954
v  -163.8065 -43.8919 -201.6954
v  -139.1441 -80.3349 -201.6954
v  -146.8650 -84.7925 -201.6954
v  -113.6106 -113.6107 -201.6954
v  -119.9147 -119.9148 -201.6954
v  -80.3348 -139.1441 -201.6954
v  -84.7926 -146.8649 -201.6954
v  -41.5844 -155.1951 -201.6954
v  -43.8918 -163.8066 -201.6954
v  0.0001 -160.6697 -201.6954
v  0.0001 -169.5851 -201.6954
v  139.1441 -80.3349 -201.6954
v  146.8650 -84.7925 -201.6954
v  119.9148 -119.9147 -201.6954
v  113.6107 -113.6106 -201.6954
v  158.9854 0.0005 0.0001
v  153.5680 -41.1485 0.0001
v  139.6073 -37.4077 -11.8874
v  144.5321 0.0000 -11.8874
v  153.5681 41.1483 0.0001
v  139.6073 37.4078 -11.8874
v  137.6855 79.4925 0.0001
v  125.1685 72.2661 -11.8874
v  112.4194 112.4198 0.0001
v  102.1995 102.1997 -11.8874
v  79.4925 137.6854 0.0001
v  72.2660 125.1686 -11.8874
v  41.1486 153.5681 0.0001
v  37.4078 139.6073 -11.8874
v  -0.0002 158.9854 0.0001
v  -0.0002 144.5322 -11.8874
v  -41.1486 153.5680 0.0001
v  -37.4078 139.6073 -11.8874
v  -79.4927 137.6854 0.0001
v  -72.2661 125.1685 -11.8874
v  -112.4197 112.4195 0.0001
v  -102.1997 102.1996 -11.8874
v  -137.6853 79.4927 0.0001
v  -125.1685 72.2661 -11.8874
v  -153.5681 41.1483 0.0001
v  -139.6074 37.4076 -11.8874
v  -158.9853 -0.0002 0.0001
v  -144.5321 -0.0002 -11.8874
v  -153.5681 -41.1484 0.0001
v  -139.6073 -37.4076 -11.8874
v  -137.6853 -79.4928 0.0001
v  -125.1684 -72.2661 -11.8874
v  -112.4196 -112.4197 0.0001
v  -102.1996 -102.1997 -11.8874
v  -79.4928 -137.6853 0.0001
v  -72.2662 -125.1684 -11.8874
v  -41.1483 -153.5681 0.0001
v  -37.4075 -139.6074 -11.8874
v  0.0001 -158.9854 0.0001
v  0.0001 -144.5321 -11.8874
v  41.1484 -153.5681 0.0001
v  37.4076 -139.6073 -11.8874
v  79.4926 -137.6854 0.0001
v  72.2660 -125.1686 -11.8874
v  112.4196 -112.4197 0.0001
v  102.1996 -102.1997 -11.8874
v  137.6853 -79.4927 0.0001
v  125.1685 -72.2661 -11.8874
v  127.0814 -34.0514 -11.8874
v  131.5644 0.0002 -11.8874
v  127.0814 34.0514 -11.8874
v  113.9381 65.7822 -11.8874
v  93.0300 93.0302 -11.8874
v  65.7821 113.9381 -11.8874
v  34.0514 127.0815 -11.8874
v  -0.0002 131.5644 -11.8874
v  -34.0514 127.0814 -11.8874
v  -65.7822 113.9381 -11.8874
v  -93.0301 93.0300 -11.8874
v  -113.9381 65.7822 -11.8874
v  -127.0815 34.0514 -11.8874
v  -131.5644 -0.0002 -11.8874
v  -127.0814 -34.0514 -11.8874
v  -113.9381 -65.7822 -11.8874
v  -93.0300 -93.0301 -11.8874
v  -65.7822 -113.9380 -11.8874
v  -34.0513 -127.0815 -11.8874
v  0.0001 -131.5644 -11.8874
v  34.0513 -127.0814 -11.8874
v  65.7821 -113.9381 -11.8874
v  93.0301 -93.0301 -11.8874
v  113.9381 -65.7822 -11.8874
v  131.5644 -0.0001 -39.6250
v  127.0814 -34.0514 -39.6250
v  124.7328 -33.4221 -41.6867
v  129.1329 -0.0000 -41.6867
v  127.0814 34.0515 -39.6250
v  124.7328 33.4222 -41.6867
v  113.9380 65.7823 -39.6250
v  111.8323 64.5666 -41.6867
v  93.0300 93.0301 -39.6250
v  91.3107 91.3108 -41.6867
v  65.7821 113.9381 -39.6250
v  64.5664 111.8324 -41.6867
v  34.0514 127.0815 -39.6250
v  33.4221 124.7329 -41.6867
v  -0.0002 131.5644 -39.6250
v  -0.0001 129.1329 -41.6867
v  -34.0514 127.0814 -39.6250
v  -33.4221 124.7328 -41.6867
v  -65.7822 113.9381 -39.6250
v  -64.5665 111.8324 -41.6867
v  -93.0301 93.0300 -39.6250
v  -91.3108 91.3107 -41.6867
v  -113.9381 65.7822 -39.6250
v  -111.8324 64.5664 -41.6867
v  -127.0815 34.0514 -39.6250
v  -124.7329 33.4220 -41.6867
v  -131.5644 -0.0002 -39.6250
v  -129.1329 -0.0001 -41.6867
v  -127.0814 -34.0514 -39.6250
v  -124.7328 -33.4221 -41.6867
v  -113.9381 -65.7822 -39.6250
v  -111.8324 -64.5665 -41.6867
v  -93.0300 -93.0301 -39.6250
v  -91.3107 -91.3108 -41.6867
v  -65.7822 -113.9380 -39.6250
v  -64.5665 -111.8324 -41.6867
v  -34.0513 -127.0815 -39.6250
v  -33.4220 -124.7328 -41.6867
v  0.0001 -131.5644 -39.6250
v  0.0001 -129.1329 -41.6867
v  34.0513 -127.0814 -39.6250
v  33.4220 -124.7328 -41.6867
v  65.7821 -113.9381 -39.6250
v  64.5664 -111.8324 -41.6867
v  93.0301 -93.0301 -39.6250
v  91.3108 -91.3108 -41.6867
v  113.9381 -65.7822 -39.6250
v  111.8324 -64.5665 -41.6867
v  163.8065 -43.8919 -70.8676
v  169.5850 -0.0001 -70.8676
v  146.8650 -84.7925 -70.8676
v  119.9148 -119.9147 -70.8676
v  84.7924 -146.8650 -70.8676
v  43.8918 -163.8066 -70.8676
v  0.0001 -169.5850 -70.8676
v  -43.8918 -163.8066 -70.8676
v  -84.7926 -146.8649 -70.8676
v  -119.9147 -119.9148 -70.8676
v  -146.8650 -84.7925 -70.8676
v  -163.8065 -43.8919 -70.8676
v  -169.5850 -0.0002 -70.8676
v  -163.8066 43.8918 -70.8676
v  -146.8650 84.7925 -70.8676
v  -119.9148 119.9147 -70.8676
v  -84.7926 146.8649 -70.8676
v  -43.8919 163.8065 -70.8676
v  -0.0002 169.5850 -70.8676
v  43.8919 163.8066 -70.8676
v  84.7924 146.8650 -70.8676
v  119.9147 119.9148 -70.8676
v  146.8649 84.7927 -70.8676
v  163.8065 43.8920 -70.8676
v  188.8583 -50.6045 -216.2904
v  195.5205 0.0000 -216.2904
v  195.5205 0.0000 -189.1569
v  188.8584 -50.6043 -189.1569
v  163.8065 -43.8919 -95.3978
v  169.5850 -0.0001 -95.3978
v  169.3257 -97.7604 -227.4272
v  169.3257 -97.7604 -189.1569
v  146.8650 -84.7925 -95.3978
v  138.2540 -138.2539 -227.4272
v  138.2540 -138.2539 -189.1569
v  119.9148 -119.9147 -95.3978
v  97.7603 -169.3258 -216.2904
v  97.7603 -169.3257 -189.1569
v  84.7924 -146.8650 -95.3978
v  50.6043 -188.8584 -216.2904
v  50.6043 -188.8584 -189.1569
v  43.8918 -163.8066 -95.3978
v  0.0001 -195.5206 -227.4272
v  0.0003 -195.5206 -189.1569
v  0.0001 -169.5850 -95.3978
v  -50.6044 -188.8584 -227.4272
v  -50.6045 -188.8583 -189.1569
v  -43.8918 -163.8066 -95.3978
v  -97.7602 -169.3258 -216.2904
v  -97.7602 -169.3257 -189.1569
v  -84.7926 -146.8649 -95.3978
v  -138.2539 -138.2539 -216.2904
v  -138.2539 -138.2539 -189.1569
v  -119.9147 -119.9148 -95.3978
v  -169.3257 -97.7604 -227.4272
v  -169.3257 -97.7604 -189.1569
v  -146.8650 -84.7925 -95.3978
v  -188.8583 -50.6045 -227.4272
v  -188.8583 -50.6045 -189.1570
v  -163.8065 -43.8919 -95.3978
v  -195.5206 -0.0002 -216.2904
v  -195.5206 -0.0002 -189.1569
v  -169.5850 -0.0002 -95.3978
v  -188.8584 50.6045 -216.2904
v  -188.8584 50.6043 -189.1570
v  -163.8066 43.8918 -95.3978
v  -169.3258 97.7602 -227.4272
v  -169.3258 97.7602 -189.1569
v  -146.8650 84.7925 -95.3978
v  -138.2539 138.2538 -227.4272
v  -138.2539 138.2538 -189.1569
v  -119.9148 119.9147 -95.3978
v  -97.7604 169.3257 -216.2904
v  -97.7604 169.3257 -189.1569
v  -84.7926 146.8649 -95.3978
v  -50.6044 188.8583 -216.2904
v  -50.6046 188.8583 -189.1570
v  -43.8919 163.8065 -95.3978
v  -0.0002 195.5205 -227.4273
v  -0.0002 195.5206 -189.1570
v  -0.0002 169.5850 -95.3978
v  50.6042 188.8584 -227.4273
v  50.6044 188.8584 -189.1570
v  43.8919 163.8066 -95.3978
v  97.7600 169.3258 -216.2904
v  97.7605 169.3256 -189.1569
v  84.7924 146.8650 -95.3978
v  138.2539 138.2539 -216.2904
v  138.2539 138.2539 -189.1570
v  119.9147 119.9148 -95.3978
v  169.3257 97.7602 -227.4272
v  169.3256 97.7605 -189.1570
v  146.8649 84.7927 -95.3978
v  188.8583 50.6045 -227.4272
v  188.8583 50.6046 -189.1569
v  163.8065 43.8920 -95.3978
v  80.3348 -139.1441 -201.6954
v  41.5844 -155.1950 -201.6954
v  84.7924 -146.8650 -201.6954
v  43.8918 -163.8066 -201.6954
v  182.5528 -0.0001 -216.2904
v  176.3325 -47.2481 -216.2904
v  158.0953 91.2764 -227.4272
v  176.3324 47.2483 -227.4272
v  91.2763 158.0954 -216.2904
v  129.0843 129.0844 -216.2904
v  -0.0002 182.5528 -227.4273
v  47.2481 176.3325 -227.4273
v  -91.2765 158.0953 -216.2904
v  -47.2482 176.3324 -216.2904
v  -158.0954 91.2763 -227.4272
v  -129.0843 129.0843 -227.4272
v  -182.5528 -0.0001 -216.2904
v  -176.3325 47.2481 -216.2904
v  -158.0953 -91.2765 -227.4272
v  -176.3324 -47.2482 -227.4272
v  -91.2763 -158.0954 -216.2904
v  -129.0844 -129.0842 -216.2904
v  0.0002 -182.5528 -227.4272
v  -47.2482 -176.3325 -227.4272
v  91.2763 -158.0954 -216.2904
v  47.2480 -176.3325 -216.2904
v  158.0953 -91.2765 -227.4272
v  129.0844 -129.0843 -227.4272
v  169.5850 -0.0001 -177.1651
v  163.8065 -43.8919 -177.1652
v  176.3325 -47.2481 -189.1569
v  182.5528 -0.0001 -189.1569
v  146.8650 -84.7925 -177.1652
v  158.0953 -91.2765 -189.1569
v  119.9148 -119.9147 -177.1652
v  129.0844 -129.0843 -189.1569
v  84.7924 -146.8650 -177.1652
v  91.2763 -158.0954 -189.1569
v  43.8918 -163.8066 -177.1652
v  47.2480 -176.3325 -189.1569
v  0.0001 -169.5850 -177.1652
v  0.0002 -182.5528 -189.1569
v  -43.8918 -163.8066 -177.1652
v  -47.2482 -176.3324 -189.1569
v  -84.7926 -146.8649 -177.1652
v  -91.2763 -158.0954 -189.1569
v  -119.9147 -119.9148 -177.1652
v  -129.0844 -129.0842 -189.1569
v  -146.8650 -84.7925 -177.1652
v  -158.0953 -91.2765 -189.1569
v  -163.8065 -43.8919 -177.1652
v  -176.3324 -47.2482 -189.1570
v  -169.5850 -0.0002 -177.1651
v  -182.5528 -0.0001 -189.1569
v  -163.8066 43.8918 -177.1652
v  -176.3325 47.2481 -189.1570
v  -146.8650 84.7925 -177.1652
v  -158.0954 91.2763 -189.1569
v  -119.9148 119.9147 -177.1652
v  -129.0843 129.0843 -189.1569
v  -84.7926 146.8649 -177.1652
v  -91.2765 158.0953 -189.1569
v  -43.8919 163.8065 -177.1652
v  -47.2482 176.3324 -189.1570
v  -0.0002 169.5850 -177.1652
v  -0.0002 182.5528 -189.1570
v  43.8919 163.8066 -177.1652
v  47.2481 176.3325 -189.1570
v  84.7924 146.8650 -177.1652
v  91.2765 158.0952 -189.1570
v  119.9147 119.9148 -177.1652
v  129.0843 129.0844 -189.1569
v  146.8649 84.7926 -177.1652
v  158.0952 91.2766 -189.1570
v  163.8065 43.8920 -177.1652
v  176.3324 47.2483 -189.1569
v  9.5898 2.5696 -182.3232
v  8.5980 4.9641 -182.3232
v  9.9281 -0.0000 -182.3232
v  9.5898 -2.5696 -182.3232
v  8.5980 -4.9641 -182.3232
v  7.0203 -7.0203 -182.3232
v  4.9641 -8.5980 -182.3232
v  2.5696 -9.5899 -182.3232
v  0.0000 -9.9281 -182.3232
v  -2.5696 -9.5899 -182.3232
v  -4.9641 -8.5980 -182.3232
v  -7.0203 -7.0203 -182.3232
v  -8.5980 -4.9641 -182.3232
v  -9.5898 -2.5696 -182.3232
v  -9.9281 -0.0000 -182.3232
v  -9.5898 2.5696 -182.3232
v  -8.5980 4.9641 -182.3232
v  -7.0203 7.0202 -182.3232
v  -4.9641 8.5980 -182.3232
v  -2.5696 9.5898 -182.3232
v  -0.0000 9.9281 -182.3232
v  2.5696 9.5898 -182.3232
v  4.9641 8.5980 -182.3232
v  7.0203 7.0203 -182.3232
v  8.6309 2.3126 -182.3232
v  7.7382 4.4677 -182.3232
v  8.9353 -0.0000 -182.3232
v  8.6309 -2.3126 -182.3232
v  7.7382 -4.4677 -182.3232
v  6.3182 -6.3182 -182.3232
v  4.4677 -7.7382 -182.3232
v  2.3126 -8.6309 -182.3232
v  0.0000 -8.9353 -182.3232
v  -2.3126 -8.6309 -182.3232
v  -4.4677 -7.7382 -182.3232
v  -6.3182 -6.3182 -182.3232
v  -7.7382 -4.4677 -182.3232
v  -8.6309 -2.3126 -182.3232
v  -8.9353 -0.0000 -182.3232
v  -8.6309 2.3126 -182.3232
v  -7.7382 4.4677 -182.3232
v  -6.3182 6.3182 -182.3232
v  -4.4677 7.7382 -182.3232
v  -2.3126 8.6309 -182.3232
v  -0.0000 8.9353 -182.3232
v  2.3126 8.6309 -182.3232
v  4.4677 7.7382 -182.3232
v  6.3182 6.3182 -182.3232
v  174.9963 -8.1476 -160.7239
v  174.9963 -8.1476 -111.8390
v  171.1421 -37.4225 -111.8391
v  171.1421 -37.4225 -160.7239
v  171.1421 37.4226 -160.7239
v  171.1421 37.4226 -111.8390
v  174.9963 8.1475 -111.8390
v  174.9963 8.1475 -160.7239
v  155.6249 80.4423 -160.7239
v  155.6249 80.4423 -111.8391
v  166.9247 53.1625 -111.8390
v  166.9247 53.1625 -160.7239
v  129.5022 117.9799 -160.7239
v  129.5022 117.9799 -111.8391
v  147.4774 94.5542 -111.8391
v  147.4774 94.5542 -160.7239
v  94.5540 147.4775 -160.7239
v  94.5540 147.4775 -111.8391
v  117.9798 129.5023 -111.8391
v  117.9798 129.5023 -160.7239
v  53.1623 166.9247 -160.7239
v  53.1623 166.9247 -111.8391
v  80.4421 155.6250 -111.8391
v  80.4421 155.6250 -160.7239
v  8.1473 174.9963 -160.7240
v  8.1473 174.9963 -111.8391
v  37.4224 171.1422 -111.8391
v  37.4224 171.1422 -160.7239
v  -37.4225 171.1421 -160.7239
v  -37.4225 171.1421 -111.8391
v  -8.1477 174.9962 -111.8391
v  -8.1477 174.9962 -160.7240
v  -80.4422 155.6250 -160.7239
v  -80.4422 155.6250 -111.8391
v  -53.1623 166.9246 -111.8391
v  -53.1623 166.9246 -160.7239
v  -117.9799 129.5022 -160.7239
v  -117.9799 129.5022 -111.8391
v  -94.5542 147.4774 -111.8391
v  -94.5542 147.4774 -160.7239
v  -147.4774 94.5541 -160.7239
v  -147.4774 94.5541 -111.8391
v  -129.5023 117.9798 -111.8391
v  -129.5023 117.9798 -160.7239
v  -166.9247 53.1623 -160.7239
v  -166.9247 53.1623 -111.8391
v  -155.6250 80.4421 -111.8391
v  -155.6250 80.4421 -160.7239
v  -174.9963 8.1474 -160.7239
v  -174.9963 8.1474 -111.8390
v  -171.1422 37.4224 -111.8391
v  -171.1422 37.4224 -160.7239
v  -171.1421 -37.4225 -160.7239
v  -171.1421 -37.4225 -111.8391
v  -174.9962 -8.1477 -111.8390
v  -174.9962 -8.1477 -160.7239
v  -155.6250 -80.4422 -160.7239
v  -155.6250 -80.4422 -111.8391
v  -166.9247 -53.1623 -111.8391
v  -166.9247 -53.1623 -160.7239
v  -129.5022 -117.9799 -160.7239
v  -129.5022 -117.9799 -111.8390
v  -147.4774 -94.5541 -111.8390
v  -147.4774 -94.5541 -160.7239
v  -94.5541 -147.4774 -160.7239
v  -94.5541 -147.4774 -111.8390
v  -117.9798 -129.5023 -111.8390
v  -117.9798 -129.5023 -160.7239
v  -53.1622 -166.9247 -160.7239
v  -53.1622 -166.9247 -111.8390
v  -80.4422 -155.6250 -111.8390
v  -80.4422 -155.6250 -160.7239
v  -8.1474 -174.9963 -160.7239
v  -8.1474 -174.9963 -111.8390
v  -37.4223 -171.1422 -111.8390
v  -37.4223 -171.1422 -160.7239
v  37.4224 -171.1422 -160.7239
v  37.4224 -171.1422 -111.8390
v  8.1476 -174.9963 -111.8390
v  8.1476 -174.9963 -160.7239
v  80.4421 -155.6250 -160.7239
v  80.4421 -155.6250 -111.8390
v  53.1623 -166.9247 -111.8390
v  53.1623 -166.9247 -160.7239
v  117.9799 -129.5022 -160.7239
v  117.9799 -129.5022 -111.8390
v  94.5540 -147.4775 -111.8390
v  94.5540 -147.4775 -160.7239
v  147.4774 -94.5541 -160.7239
v  147.4774 -94.5541 -111.8390
v  129.5023 -117.9799 -111.8390
v  129.5023 -117.9799 -160.7239
v  166.9247 -53.1624 -160.7239
v  166.9247 -53.1624 -111.8391
v  155.6250 -80.4421 -111.8391
v  155.6250 -80.4421 -160.7239
v  176.0689 -0.0001 -97.3025
v  170.0695 -45.5700 -97.3025
v  170.0695 -45.5701 -100.0345
v  176.0689 -0.0001 -100.0345
v  169.5850 -0.0001 -170.6238
v  163.8065 -43.8919 -170.6238
v  170.0695 45.5702 -97.3025
v  170.0695 45.5702 -100.0345
v  163.8065 43.8920 -170.6238
v  152.4801 88.0346 -97.3025
v  152.4801 88.0346 -100.0346
v  146.8649 84.7926 -170.6238
v  124.4995 124.4996 -97.3025
v  124.4995 124.4996 -100.0346
v  119.9147 119.9148 -170.6238
v  88.0344 152.4802 -97.3025
v  88.0343 152.4803 -100.0346
v  84.7924 146.8650 -170.6238
v  45.5701 170.0695 -97.3025
v  45.5700 170.0695 -100.0346
v  43.8919 163.8066 -170.6238
v  -0.0002 176.0689 -97.3025
v  -0.0002 176.0689 -100.0346
v  -0.0002 169.5850 -170.6238
v  -45.5701 170.0695 -97.3025
v  -45.5701 170.0695 -100.0346
v  -43.8919 163.8065 -170.6238
v  -88.0345 152.4801 -97.3025
v  -88.0345 152.4801 -100.0345
v  -84.7926 146.8649 -170.6238
v  -124.4995 124.4995 -97.3025
v  -124.4995 124.4995 -100.0345
v  -119.9148 119.9147 -170.6238
v  -152.4802 88.0344 -97.3025
v  -152.4802 88.0344 -100.0345
v  -146.8650 84.7925 -170.6238
v  -170.0696 45.5700 -97.3025
v  -170.0696 45.5700 -100.0345
v  -163.8066 43.8918 -170.6238
v  -176.0689 -0.0001 -97.3025
v  -176.0689 -0.0003 -100.0345
v  -169.5850 -0.0002 -170.6238
v  -170.0695 -45.5699 -97.3025
v  -170.0694 -45.5701 -100.0345
v  -163.8065 -43.8919 -170.6238
v  -152.4802 -88.0344 -97.3025
v  -152.4801 -88.0345 -100.0345
v  -146.8650 -84.7925 -170.6238
v  -124.4994 -124.4996 -97.3025
v  -124.4995 -124.4995 -100.0345
v  -119.9147 -119.9148 -170.6238
v  -88.0345 -152.4802 -97.3024
v  -88.0346 -152.4801 -100.0345
v  -84.7926 -146.8649 -170.6238
v  -45.5700 -170.0695 -97.3024
v  -45.5699 -170.0696 -100.0345
v  -43.8918 -163.8066 -170.6238
v  0.0000 -176.0689 -97.3025
v  0.0001 -176.0689 -100.0345
v  0.0001 -169.5850 -170.6238
v  45.5700 -170.0695 -97.3025
v  45.5699 -170.0695 -100.0345
v  43.8918 -163.8066 -170.6238
v  88.0344 -152.4802 -97.3025
v  88.0343 -152.4803 -100.0345
v  84.7924 -146.8650 -170.6238
v  124.4996 -124.4995 -97.3025
v  124.4996 -124.4995 -100.0345
v  119.9148 -119.9147 -170.6238
v  152.4802 -88.0344 -97.3025
v  152.4801 -88.0345 -100.0345
v  146.8650 -84.7925 -170.6238
v  163.8065 -43.8919 -101.9392
v  169.5850 -0.0001 -101.9392
v  163.8065 43.8920 -101.9392
v  146.8649 84.7927 -101.9392
v  119.9147 119.9148 -101.9392
v  84.7924 146.8650 -101.9392
v  43.8919 163.8066 -101.9392
v  -0.0002 169.5850 -101.9392
v  -43.8919 163.8065 -101.9392
v  -84.7926 146.8649 -101.9392
v  -119.9148 119.9147 -101.9392
v  -146.8650 84.7925 -101.9392
v  -163.8066 43.8918 -101.9392
v  -169.5850 -0.0002 -101.9392
v  -163.8065 -43.8919 -101.9392
v  -146.8650 -84.7925 -101.9392
v  -119.9147 -119.9148 -101.9392
v  -84.7926 -146.8649 -101.9392
v  -43.8918 -163.8066 -101.9392
v  0.0001 -169.5850 -101.9392
v  43.8918 -163.8066 -101.9392
v  84.7924 -146.8650 -101.9392
v  119.9148 -119.9147 -101.9392
v  146.8650 -84.7925 -101.9392
v  169.1263 -3.4849 -105.4541
v  169.1263 -3.4849 -167.1089
v  164.2653 -40.4071 -105.4541
v  164.2653 -40.4071 -167.1089
v  164.2653 40.4072 -105.4541
v  164.2653 40.4072 -167.1089
v  169.1263 3.4847 -105.4541
v  169.1263 3.4847 -167.1089
v  148.2099 81.5453 -105.4541
v  148.2099 81.5453 -167.1089
v  162.4615 47.1393 -105.4541
v  162.4615 47.1393 -167.1089
v  122.0544 117.1262 -105.4541
v  122.0544 117.1262 -167.1089
v  144.7251 87.5812 -105.4541
v  144.7251 87.5812 -167.1089
v  87.5810 144.7253 -105.4541
v  87.5810 144.7253 -167.1089
v  117.1261 122.0545 -105.4541
v  117.1261 122.0545 -167.1089
v  47.1392 162.4615 -105.4541
v  47.1392 162.4615 -167.1089
v  81.5451 148.2101 -105.4541
v  81.5451 148.2101 -167.1089
v  3.4846 169.1263 -105.4541
v  3.4846 169.1263 -167.1089
v  40.4071 164.2654 -105.4541
v  40.4071 164.2654 -167.1089
v  -40.4071 164.2653 -105.4541
v  -40.4071 164.2653 -167.1089
v  -3.4850 169.1263 -105.4541
v  -3.4850 169.1263 -167.1089
v  -81.5453 148.2100 -105.4541
v  -81.5453 148.2100 -167.1089
v  -47.1392 162.4614 -105.4541
v  -47.1392 162.4614 -167.1089
v  -117.1262 122.0544 -105.4541
v  -117.1262 122.0544 -167.1089
v  -87.5811 144.7252 -105.4541
v  -87.5811 144.7252 -167.1089
v  -144.7252 87.5811 -105.4541
v  -144.7252 87.5810 -167.1089
v  -122.0545 117.1261 -105.4541
v  -122.0545 117.1261 -167.1089
v  -162.4615 47.1391 -105.4541
v  -162.4615 47.1391 -167.1089
v  -148.2101 81.5452 -105.4541
v  -148.2101 81.5452 -167.1089
v  -169.1263 3.4846 -105.4541
v  -169.1263 3.4846 -167.1089
v  -164.2654 40.4070 -105.4541
v  -164.2654 40.4070 -167.1089
v  -164.2653 -40.4071 -105.4541
v  -164.2653 -40.4071 -167.1089
v  -169.1263 -3.4850 -105.4541
v  -169.1263 -3.4850 -167.1089
v  -148.2100 -81.5452 -105.4541
v  -148.2100 -81.5452 -167.1089
v  -162.4615 -47.1392 -105.4541
v  -162.4615 -47.1392 -167.1089
v  -122.0544 -117.1262 -105.4541
v  -122.0544 -117.1262 -167.1089
v  -144.7252 -87.5811 -105.4541
v  -144.7252 -87.5811 -167.1089
v  -87.5811 -144.7252 -105.4541
v  -87.5811 -144.7252 -167.1089
v  -117.1262 -122.0545 -105.4541
v  -117.1262 -122.0545 -167.1089
v  -47.1391 -162.4615 -105.4541
v  -47.1391 -162.4615 -167.1089
v  -81.5453 -148.2100 -105.4541
v  -81.5453 -148.2100 -167.1089
v  -3.4847 -169.1263 -105.4541
v  -3.4847 -169.1263 -167.1089
v  -40.4070 -164.2654 -105.4541
v  -40.4070 -164.2654 -167.1089
v  40.4070 -164.2654 -105.4541
v  40.4070 -164.2654 -167.1089
v  3.4849 -169.1263 -105.4541
v  3.4849 -169.1263 -167.1089
v  81.5451 -148.2101 -105.4541
v  81.5451 -148.2101 -167.1089
v  47.1391 -162.4615 -105.4541
v  47.1391 -162.4615 -167.1089
v  117.1262 -122.0544 -105.4541
v  117.1262 -122.0545 -167.1089
v  87.5810 -144.7253 -105.4541
v  87.5810 -144.7253 -167.1089
v  144.7253 -87.5810 -105.4541
v  144.7253 -87.5810 -167.1089
v  122.0545 -117.1262 -105.4541
v  122.0545 -117.1262 -167.1089
v  162.4615 -47.1392 -105.4541
v  162.4615 -47.1392 -167.1089
v  148.2101 -81.5452 -105.4541
v  148.2101 -81.5452 -167.1089
v  127.0814 -34.0514 -21.1332
v  131.5644 0.0001 -21.1332
v  131.5644 0.0000 -30.3791
v  127.0814 -34.0514 -30.3791
v  127.0814 34.0514 -21.1332
v  127.0814 34.0515 -30.3791
v  113.9381 65.7822 -21.1332
v  113.9380 65.7823 -30.3791
v  93.0300 93.0301 -21.1333
v  93.0300 93.0301 -30.3791
v  65.7821 113.9381 -21.1333
v  65.7821 113.9381 -30.3791
v  34.0514 127.0815 -21.1333
v  34.0514 127.0815 -30.3791
v  -0.0002 131.5644 -21.1333
v  -0.0002 131.5644 -30.3791
v  -34.0514 127.0814 -21.1333
v  -34.0514 127.0814 -30.3791
v  -65.7822 113.9381 -21.1333
v  -65.7822 113.9381 -30.3791
v  -93.0301 93.0300 -21.1333
v  -93.0301 93.0300 -30.3791
v  -113.9381 65.7822 -21.1332
v  -113.9381 65.7822 -30.3791
v  -127.0815 34.0514 -21.1332
v  -127.0815 34.0514 -30.3791
v  -131.5644 -0.0002 -21.1332
v  -131.5644 -0.0002 -30.3791
v  -127.0814 -34.0514 -21.1332
v  -127.0814 -34.0514 -30.3791
v  -113.9381 -65.7822 -21.1332
v  -113.9381 -65.7822 -30.3791
v  -93.0300 -93.0301 -21.1332
v  -93.0300 -93.0301 -30.3791
v  -65.7822 -113.9380 -21.1332
v  -65.7822 -113.9380 -30.3791
v  -34.0513 -127.0815 -21.1332
v  -34.0513 -127.0815 -30.3791
v  0.0001 -131.5644 -21.1332
v  0.0001 -131.5644 -30.3791
v  34.0513 -127.0814 -21.1332
v  34.0513 -127.0814 -30.3791
v  65.7821 -113.9381 -21.1332
v  65.7821 -113.9381 -30.3791
v  93.0301 -93.0301 -21.1332
v  93.0301 -93.0301 -30.3791
v  113.9381 -65.7822 -21.1332
v  113.9381 -65.7822 -30.3791
v  158.9854 0.0005 434.9154
v  153.5680 -41.1485 434.9154
v  137.6853 -79.4927 434.9154
v  112.4196 -112.4196 434.9154
v  79.4926 -137.6854 434.9154
v  41.1484 -153.5681 434.9154
v  0.0001 -158.9853 434.9154
v  -41.1483 -153.5681 434.9154
v  -79.4928 -137.6852 434.9154
v  -112.4196 -112.4196 434.9154
v  -137.6853 -79.4927 434.9154
v  -153.5681 -41.1484 434.9154
v  -158.9853 -0.0002 434.9154
v  -153.5681 41.1483 434.9154
v  -137.6853 79.4928 434.9154
v  -112.4197 112.4195 434.9154
v  -79.4927 137.6854 434.9154
v  -41.1486 153.5680 434.9154
v  -0.0002 158.9854 434.9154
v  41.1486 153.5681 434.9154
v  79.4925 137.6855 434.9154
v  112.4194 112.4198 434.9154
v  137.6855 79.4926 434.9154
v  153.5681 41.1483 434.9154
# 1272 vertices

vn 0.0000 1.0000 0.0000
vn 0.0000 1.0000 -0.0000
vn -0.0000 1.0000 -0.0000
vn -0.0000 1.0000 0.0000
vn -0.7797 0.5902 0.2089
vn -0.7121 0.6756 0.1908
vn -0.7373 0.6756 0.0000
vn -0.8072 0.5902 0.0000
vn -0.6991 0.5902 0.4036
vn -0.6385 0.6756 0.3686
vn -0.5708 0.5902 0.5708
vn -0.5213 0.6756 0.5213
vn -0.4036 0.5902 0.6991
vn -0.3686 0.6756 0.6385
vn -0.2089 0.5902 0.7797
vn -0.1908 0.6756 0.7121
vn -0.0000 0.5902 0.8072
vn -0.0000 0.6756 0.7373
vn 0.2089 0.5902 0.7797
vn 0.1908 0.6756 0.7121
vn 0.4036 0.5902 0.6991
vn 0.3686 0.6756 0.6385
vn 0.5708 0.5902 0.5708
vn 0.5213 0.6756 0.5213
vn 0.6991 0.5902 0.4036
vn 0.6385 0.6756 0.3686
vn 0.7797 0.5902 0.2089
vn 0.7121 0.6756 0.1908
vn 0.8072 0.5902 0.0000
vn 0.7373 0.6756 0.0000
vn 0.7797 0.5902 -0.2089
vn 0.7121 0.6756 -0.1908
vn 0.6991 0.5902 -0.4036
vn 0.6385 0.6756 -0.3686
vn 0.5708 0.5902 -0.5708
vn 0.5213 0.6756 -0.5213
vn 0.4036 0.5902 -0.6991
vn 0.3686 0.6756 -0.6385
vn 0.2089 0.5902 -0.7797
vn 0.1908 0.6756 -0.7121
vn 0.0000 0.5902 -0.8072
vn 0.0000 0.6756 -0.7373
vn -0.2089 0.5902 -0.7797
vn -0.1908 0.6756 -0.7121
vn -0.4036 0.5902 -0.6991
vn -0.3686 0.6756 -0.6385
vn -0.5708 0.5902 -0.5708
vn -0.5213 0.6756 -0.5213
vn -0.6991 0.5902 -0.4036
vn -0.6385 0.6756 -0.3686
vn -0.7797 0.5902 -0.2089
vn -0.7121 0.6756 -0.1908
vn -0.8328 0.5066 0.2232
vn -0.8622 0.5066 0.0000
vn -0.7467 0.5066 0.4311
vn -0.6097 0.5066 0.6097
vn -0.4311 0.5066 0.7467
vn -0.2232 0.5066 0.8328
vn -0.0000 0.5066 0.8622
vn 0.2232 0.5066 0.8328
vn 0.4311 0.5066 0.7467
vn 0.6097 0.5066 0.6097
vn 0.7467 0.5066 0.4311
vn 0.8328 0.5066 0.2232
vn 0.8622 0.5066 0.0000
vn 0.8328 0.5066 -0.2232
vn 0.7467 0.5066 -0.4311
vn 0.6097 0.5066 -0.6097
vn 0.4311 0.5066 -0.7467
vn 0.2232 0.5066 -0.8328
vn 0.0000 0.5066 -0.8622
vn -0.2232 0.5066 -0.8328
vn -0.4311 0.5066 -0.7467
vn -0.6097 0.5066 -0.6097
vn -0.7467 0.5066 -0.4311
vn -0.8328 0.5066 -0.2232
vn 0.9275 0.2794 -0.2485
vn 0.9602 0.2794 0.0000
vn 0.9602 0.2794 -0.0000
vn 0.9275 0.2794 0.2485
vn 0.8315 0.2794 0.4801
vn 0.6789 0.2794 0.6789
vn 0.4801 0.2794 0.8315
vn 0.2485 0.2794 0.9275
vn -0.0000 0.2794 0.9602
vn -0.2485 0.2794 0.9275
vn -0.4801 0.2794 0.8315
vn -0.6789 0.2794 0.6789
vn -0.8315 0.2794 0.4801
vn -0.9275 0.2794 0.2485
vn -0.9602 0.2794 -0.0000
vn -0.9275 0.2794 -0.2485
vn -0.8315 0.2794 -0.4801
vn -0.6789 0.2794 -0.6789
vn -0.4801 0.2794 -0.8315
vn -0.2485 0.2794 -0.9275
vn 0.0000 0.2794 -0.9602
vn 0.2485 0.2794 -0.9275
vn 0.4801 0.2794 -0.8315
vn 0.6789 0.2794 -0.6789
vn 0.8315 0.2794 -0.4801
vn 0.7469 0.6341 -0.2001
vn 0.5752 0.8034 -0.1541
vn 0.5955 0.8034 0.0000
vn 0.7733 0.6341 0.0000
vn 0.5752 0.8034 0.1541
vn 0.7469 0.6341 0.2001
vn 0.5157 0.8034 0.2977
vn 0.6697 0.6341 0.3866
vn 0.4211 0.8034 0.4211
vn 0.5468 0.6341 0.5468
vn 0.2977 0.8034 0.5157
vn 0.3866 0.6341 0.6697
vn 0.1541 0.8034 0.5752
vn 0.2001 0.6341 0.7469
vn -0.0000 0.8034 0.5955
vn -0.0000 0.6341 0.7733
vn -0.1541 0.8034 0.5752
vn -0.2001 0.6341 0.7469
vn -0.2977 0.8034 0.5157
vn -0.3866 0.6341 0.6697
vn -0.4211 0.8034 0.4211
vn -0.5468 0.6341 0.5468
vn -0.5157 0.8034 0.2977
vn -0.6697 0.6341 0.3866
vn -0.5752 0.8034 0.1541
vn -0.7469 0.6341 0.2001
vn -0.5955 0.8034 -0.0000
vn -0.7733 0.6341 -0.0000
vn -0.5752 0.8034 -0.1541
vn -0.7469 0.6341 -0.2001
vn -0.5157 0.8034 -0.2977
vn -0.6697 0.6341 -0.3866
vn -0.4211 0.8034 -0.4211
vn -0.5468 0.6341 -0.5468
vn -0.2977 0.8034 -0.5157
vn -0.3866 0.6341 -0.6697
vn -0.1541 0.8034 -0.5752
vn -0.2001 0.6341 -0.7469
vn 0.0000 0.8034 -0.5955
vn 0.0000 0.6341 -0.7733
vn 0.1541 0.8034 -0.5752
vn 0.2001 0.6341 -0.7469
vn 0.2977 0.8034 -0.5157
vn 0.3866 0.6341 -0.6697
vn 0.4211 0.8034 -0.4211
vn 0.5468 0.6341 -0.5468
vn 0.5157 0.8034 -0.2977
vn 0.6697 0.6341 -0.3866
vn 0.3988 0.9108 -0.1069
vn 0.4129 0.9108 0.0000
vn 0.3988 0.9108 0.1069
vn 0.3575 0.9108 0.2064
vn 0.2919 0.9108 0.2919
vn 0.2064 0.9108 0.3575
vn 0.1069 0.9108 0.3988
vn -0.0000 0.9108 0.4129
vn -0.1069 0.9108 0.3988
vn -0.2064 0.9108 0.3575
vn -0.2919 0.9108 0.2919
vn -0.3575 0.9108 0.2064
vn -0.3988 0.9108 0.1069
vn -0.4129 0.9108 -0.0000
vn -0.3988 0.9108 -0.1069
vn -0.3575 0.9108 -0.2064
vn -0.2919 0.9108 -0.2919
vn -0.2064 0.9108 -0.3575
vn -0.1069 0.9108 -0.3988
vn 0.0000 0.9108 -0.4129
vn 0.1069 0.9108 -0.3988
vn 0.2064 0.9108 -0.3575
vn 0.2919 0.9108 -0.2919
vn 0.3575 0.9108 -0.2064
vn 1.0000 0.0000 0.0000
vn 0.9659 0.0000 -0.2588
vn 0.8660 0.0000 -0.5000
vn 0.7071 0.0000 -0.7071
vn 0.5000 0.0000 -0.8660
vn 0.2588 0.0000 -0.9659
vn 0.0000 0.0000 -1.0000
vn -0.2588 0.0000 -0.9659
vn -0.5000 0.0000 -0.8660
vn -0.7071 0.0000 -0.7071
vn -0.8660 0.0000 -0.5000
vn -0.9659 0.0000 -0.2588
vn -1.0000 0.0000 -0.0000
vn -0.9659 0.0000 0.2588
vn -0.8660 0.0000 0.5000
vn -0.7071 0.0000 0.7071
vn -0.5000 0.0000 0.8660
vn -0.2588 0.0000 0.9659
vn -0.0000 0.0000 1.0000
vn 0.2588 0.0000 0.9659
vn 0.5000 0.0000 0.8660
vn 0.7071 0.0000 0.7071
vn 0.8660 0.0000 0.5000
vn 0.9659 0.0000 0.2588
vn -0.9333 0.2579 0.2501
vn -0.9662 0.2579 -0.0000
vn -0.9333 0.2579 -0.2501
vn -0.8367 0.2579 -0.4831
vn -0.6832 0.2579 -0.6832
vn -0.4831 0.2579 -0.8367
vn -0.2501 0.2579 -0.9333
vn 0.0000 0.2579 -0.9662
vn 0.2501 0.2579 -0.9333
vn 0.4831 0.2579 -0.8367
vn 0.6832 0.2579 -0.6832
vn 0.8367 0.2579 -0.4831
vn 0.9333 0.2579 -0.2501
vn 0.9662 0.2579 0.0000
vn 0.9333 0.2579 0.2501
vn 0.8367 0.2579 0.4831
vn 0.6832 0.2579 0.6832
vn 0.4831 0.2579 0.8367
vn 0.2501 0.2579 0.9333
vn -0.0000 0.2579 0.9662
vn -0.2501 0.2579 0.9333
vn -0.4831 0.2579 0.8367
vn -0.6832 0.2579 0.6832
vn -0.8367 0.2579 0.4831
vn 0.9110 0.3324 -0.2441
vn 0.9432 0.3324 0.0000
vn 0.9110 0.3324 0.2441
vn 0.8168 0.3324 0.4716
vn 0.6669 0.3324 0.6669
vn 0.4716 0.3324 0.8168
vn 0.2441 0.3324 0.9110
vn -0.0000 0.3324 0.9432
vn -0.2441 0.3324 0.9110
vn -0.4716 0.3324 0.8168
vn -0.6669 0.3324 0.6669
vn -0.8168 0.3324 0.4716
vn -0.9110 0.3324 0.2441
vn -0.9432 0.3324 -0.0000
vn -0.9110 0.3324 -0.2441
vn -0.8168 0.3324 -0.4716
vn -0.6669 0.3324 -0.6669
vn -0.4716 0.3324 -0.8168
vn -0.2441 0.3324 -0.9110
vn 0.0000 0.3324 -0.9432
vn 0.2441 0.3324 -0.9110
vn 0.4716 0.3324 -0.8168
vn 0.6669 0.3324 -0.6669
vn 0.8168 0.3324 -0.4716
vn 0.9472 -0.1961 -0.2538
vn 0.9806 -0.1961 0.0000
vn 0.9894 0.1453 -0.0000
vn 0.9557 0.1453 -0.2561
vn 0.8492 -0.1961 -0.4903
vn 0.8568 0.1453 -0.4947
vn 0.6934 -0.1961 -0.6934
vn 0.6996 0.1453 -0.6996
vn 0.4903 -0.1961 -0.8492
vn 0.4947 0.1453 -0.8568
vn 0.2538 -0.1961 -0.9472
vn 0.2561 0.1453 -0.9557
vn 0.0000 -0.1961 -0.9806
vn 0.0000 0.1453 -0.9894
vn -0.2538 -0.1961 -0.9472
vn -0.2561 0.1453 -0.9557
vn -0.4903 -0.1961 -0.8492
vn -0.4947 0.1453 -0.8568
vn -0.6934 -0.1961 -0.6934
vn -0.6996 0.1453 -0.6996
vn -0.8492 -0.1961 -0.4903
vn -0.8568 0.1453 -0.4947
vn -0.9472 -0.1961 -0.2538
vn -0.9557 0.1453 -0.2561
vn -0.9806 -0.1961 -0.0000
vn -0.9894 0.1453 -0.0000
vn -0.9472 -0.1961 0.2538
vn -0.9557 0.1453 0.2561
vn -0.8492 -0.1961 0.4903
vn -0.8568 0.1453 0.4947
vn -0.6934 -0.1961 0.6934
vn -0.6996 0.1453 0.6996
vn -0.4903 -0.1961 0.8492
vn -0.4947 0.1453 0.8568
vn -0.2538 -0.1961 0.9472
vn -0.2561 0.1453 0.9557
vn -0.0000 -0.1961 0.9806
vn -0.0000 0.1453 0.9894
vn 0.2538 -0.1961 0.9472
vn 0.2561 0.1453 0.9557
vn 0.4903 -0.1961 0.8492
vn 0.4947 0.1453 0.8568
vn 0.6934 -0.1961 0.6934
vn 0.6996 0.1453 0.6996
vn 0.8492 -0.1961 0.4903
vn 0.8568 0.1453 0.4947
vn 0.9472 -0.1961 0.2538
vn 0.9557 0.1453 0.2561
vn -0.7373 0.6756 -0.0000
vn 0.8725 0.4885 0.0000
vn 0.8428 0.4885 -0.2258
vn 0.8428 0.4885 0.2258
vn 0.7556 0.4885 0.4363
vn 0.6170 0.4885 0.6170
vn 0.4363 0.4885 0.7556
vn 0.2258 0.4885 0.8428
vn -0.0000 0.4885 0.8725
vn -0.2258 0.4885 0.8428
vn -0.4363 0.4885 0.7556
vn -0.6170 0.4885 0.6170
vn -0.7556 0.4885 0.4363
vn -0.8428 0.4885 0.2258
vn -0.8725 0.4885 -0.0000
vn -0.8428 0.4885 -0.2258
vn -0.7556 0.4885 -0.4363
vn -0.6170 0.4885 -0.6170
vn -0.4363 0.4885 -0.7556
vn -0.2258 0.4885 -0.8428
vn 0.0000 0.4885 -0.8725
vn 0.2258 0.4885 -0.8428
vn 0.4363 0.4885 -0.7556
vn 0.6170 0.4885 -0.6170
vn 0.7556 0.4885 -0.4363
vn 1.0000 0.0000 -0.0000
vn 0.8660 -0.0000 0.5000
vn 0.6352 0.7723 0.0000
vn 0.6136 0.7723 -0.1644
vn 0.3495 0.9322 -0.0936
vn 0.3618 0.9322 -0.0000
vn 0.6136 0.7723 0.1644
vn 0.3495 0.9322 0.0936
vn 0.5501 0.7723 0.3176
vn 0.3134 0.9322 0.1809
vn 0.4492 0.7723 0.4492
vn 0.2559 0.9322 0.2559
vn 0.3176 0.7723 0.5501
vn 0.1809 0.9322 0.3134
vn 0.1644 0.7723 0.6136
vn 0.0936 0.9322 0.3495
vn -0.0000 0.7723 0.6352
vn -0.0000 0.9322 0.3618
vn -0.1644 0.7723 0.6136
vn -0.0936 0.9322 0.3495
vn -0.3176 0.7723 0.5501
vn -0.1809 0.9322 0.3134
vn -0.4492 0.7723 0.4492
vn -0.2559 0.9322 0.2559
vn -0.5501 0.7723 0.3176
vn -0.3134 0.9322 0.1809
vn -0.6136 0.7723 0.1644
vn -0.3495 0.9322 0.0936
vn -0.6352 0.7723 -0.0000
vn -0.3618 0.9322 -0.0000
vn -0.6136 0.7723 -0.1644
vn -0.3495 0.9322 -0.0936
vn -0.5501 0.7723 -0.3176
vn -0.3134 0.9322 -0.1809
vn -0.4492 0.7723 -0.4492
vn -0.2559 0.9322 -0.2559
vn -0.3176 0.7723 -0.5501
vn -0.1809 0.9322 -0.3134
vn -0.1644 0.7723 -0.6136
vn -0.0936 0.9322 -0.3495
vn 0.0000 0.7723 -0.6352
vn 0.0000 0.9322 -0.3618
vn 0.1644 0.7723 -0.6136
vn 0.0936 0.9322 -0.3495
vn 0.3176 0.7723 -0.5501
vn 0.1809 0.9322 -0.3134
vn 0.4492 0.7723 -0.4492
vn 0.2559 0.9322 -0.2559
vn 0.5501 0.7723 -0.3176
vn 0.3134 0.9322 -0.1809
vn 0.6467 0.7627 -0.0000
vn 0.6247 0.7627 -0.1674
vn 0.6467 0.7627 0.0000
vn 0.6247 0.7627 0.1674
vn 0.5601 0.7627 0.3234
vn 0.4573 0.7627 0.4573
vn 0.3234 0.7627 0.5601
vn 0.1674 0.7627 0.6247
vn -0.0000 0.7627 0.6467
vn -0.1674 0.7627 0.6247
vn -0.3234 0.7627 0.5601
vn -0.4573 0.7627 0.4573
vn -0.5601 0.7627 0.3234
vn -0.6247 0.7627 0.1674
vn -0.6467 0.7627 -0.0000
vn -0.6247 0.7627 -0.1674
vn -0.5601 0.7627 -0.3234
vn -0.4573 0.7627 -0.4573
vn -0.3234 0.7627 -0.5601
vn -0.1674 0.7627 -0.6247
vn 0.0000 0.7627 -0.6467
vn 0.1674 0.7627 -0.6247
vn 0.3234 0.7627 -0.5601
vn 0.4573 0.7627 -0.4573
vn 0.5601 0.7627 -0.3234
vn 0.5850 -0.8110 -0.0000
vn 0.5651 -0.8110 -0.1514
vn 0.5067 -0.8110 -0.2925
vn 0.4137 -0.8110 -0.4137
vn 0.2925 -0.8110 -0.5067
vn 0.1514 -0.8110 -0.5651
vn 0.0000 -0.8110 -0.5850
vn -0.1514 -0.8110 -0.5651
vn -0.2925 -0.8110 -0.5067
vn -0.4137 -0.8110 -0.4137
vn -0.5067 -0.8110 -0.2925
vn -0.5651 -0.8110 -0.1514
vn -0.5850 -0.8110 -0.0000
vn -0.5651 -0.8110 0.1514
vn -0.5067 -0.8110 0.2925
vn -0.4137 -0.8110 0.4137
vn -0.2925 -0.8110 0.5067
vn -0.1514 -0.8110 0.5651
vn -0.0000 -0.8110 0.5850
vn 0.1514 -0.8110 0.5651
vn 0.2925 -0.8110 0.5067
vn 0.4137 -0.8110 0.4137
vn 0.5067 -0.8110 0.2925
vn 0.5651 -0.8110 0.1514
vn 0.9637 0.0000 -0.2669
vn 1.0000 0.0000 0.0084
vn 0.8612 0.0000 -0.5083
vn 0.7139 0.0000 -0.7002
vn 0.5073 0.0000 -0.8618
vn 0.2507 0.0000 -0.9681
vn -0.0097 0.0000 -1.0000
vn -0.2495 0.0000 -0.9684
vn -0.4927 0.0000 -0.8702
vn -0.7130 0.0000 -0.7011
vn -0.8708 -0.0000 -0.4916
vn -0.8660 -0.0000 -0.5000
vn -0.9634 -0.0000 -0.2681
vn -0.9659 -0.0000 -0.2588
vn -1.0000 -0.0000 -0.0084
vn -1.0000 -0.0000 -0.0000
vn -0.9637 -0.0000 0.2669
vn -0.9659 -0.0000 0.2588
vn -0.8612 -0.0000 0.5083
vn -0.8660 -0.0000 0.5000
vn -0.7139 0.0000 0.7002
vn -0.5073 0.0000 0.8618
vn -0.2507 -0.0000 0.9681
vn -0.2588 -0.0000 0.9659
vn 0.0097 -0.0000 1.0000
vn -0.0000 -0.0000 1.0000
vn 0.2495 -0.0000 0.9684
vn 0.2588 -0.0000 0.9659
vn 0.4927 0.0000 0.8702
vn 0.7130 0.0000 0.7011
vn 0.8708 0.0000 0.4916
vn 0.9634 0.0000 0.2681
vn 0.2295 0.4626 0.8563
vn -0.0000 0.4626 0.8865
vn 0.4433 0.4626 0.7678
vn 0.6269 0.4626 0.6269
vn 0.7678 0.4626 0.4433
vn 0.8563 0.4626 0.2295
vn 0.8865 0.4626 0.0000
vn 0.8563 0.4626 -0.2295
vn 0.7678 0.4626 -0.4433
vn 0.6269 0.4626 -0.6269
vn 0.4433 0.4626 -0.7678
vn 0.2295 0.4626 -0.8563
vn 0.0000 0.4626 -0.8865
vn -0.2295 0.4626 -0.8563
vn -0.4433 0.4626 -0.7678
vn -0.6269 0.4626 -0.6269
vn -0.7678 0.4626 -0.4433
vn -0.8563 0.4626 -0.2295
vn -0.8865 0.4626 -0.0000
vn -0.8563 0.4626 0.2295
vn -0.7678 0.4626 0.4433
vn -0.6269 0.4626 0.6269
vn -0.4433 0.4626 0.7678
vn -0.2295 0.4626 0.8563
vn -0.7574 0.6061 0.2429
vn -0.7945 0.6061 -0.0386
vn -0.7967 0.6026 -0.0462
vn -0.7576 0.6026 0.2508
vn -0.8299 0.4940 -0.2595
vn -0.7703 0.4940 -0.4033
vn -0.7746 0.4907 -0.3990
vn -0.8299 0.4907 -0.2656
vn -0.5891 0.6061 -0.5345
vn -0.3638 0.6061 -0.7073
vn -0.3583 0.6026 -0.7131
vn -0.5960 0.6026 -0.5307
vn -0.1902 0.4940 -0.8484
vn -0.0359 0.4940 -0.8687
vn -0.0418 0.4907 -0.8703
vn -0.1849 0.4907 -0.8515
vn 0.1683 0.6061 -0.7774
vn 0.4307 0.6061 -0.6687
vn 0.4384 0.6026 -0.6669
vn 0.1616 0.6026 -0.7815
vn 0.6396 0.4940 -0.5889
vn 0.7344 0.4940 -0.4654
vn 0.7328 0.4907 -0.4713
vn 0.6449 0.4907 -0.5859
vn 0.7574 0.6061 -0.2429
vn 0.7945 0.6061 0.0386
vn 0.7967 0.6026 0.0462
vn 0.7576 0.6026 -0.2508
vn 0.8299 0.4940 0.2595
vn 0.7703 0.4940 0.4033
vn 0.7746 0.4907 0.3990
vn 0.8299 0.4907 0.2656
vn 0.5891 0.6061 0.5345
vn 0.3638 0.6061 0.7073
vn 0.3583 0.6026 0.7131
vn 0.5960 0.6026 0.5307
vn 0.1902 0.4940 0.8484
vn 0.0359 0.4940 0.8687
vn 0.0418 0.4907 0.8703
vn 0.1849 0.4907 0.8515
vn -0.1683 0.6061 0.7774
vn -0.4307 0.6061 0.6687
vn -0.4384 0.6026 0.6669
vn -0.1616 0.6026 0.7815
vn -0.6396 0.4940 0.5889
vn -0.7344 0.4940 0.4654
vn -0.7328 0.4907 0.4713
vn -0.6449 0.4907 0.5859
vn 0.6789 -0.7342 -0.0000
vn 0.6558 -0.7342 -0.1757
vn 0.5880 -0.7342 -0.3395
vn 0.4801 -0.7342 -0.4801
vn 0.3395 -0.7342 -0.5880
vn 0.1757 -0.7342 -0.6558
vn -0.0000 -0.7342 -0.6789
vn 0.0000 -0.7342 -0.6789
vn -0.1757 -0.7342 -0.6558
vn -0.3395 -0.7342 -0.5880
vn -0.4801 -0.7342 -0.4801
vn -0.5880 -0.7342 -0.3395
vn -0.6558 -0.7342 -0.1757
vn -0.6789 -0.7342 -0.0000
vn -0.6558 -0.7342 0.1757
vn -0.5880 -0.7342 0.3395
vn -0.4801 -0.7342 0.4801
vn -0.3395 -0.7342 0.5880
vn -0.1757 -0.7342 0.6558
vn -0.0000 -0.7342 0.6789
vn 0.1757 -0.7342 0.6558
vn 0.3395 -0.7342 0.5880
vn 0.4801 -0.7342 0.4801
vn 0.5880 -0.7342 0.3395
vn 0.6558 -0.7342 0.1757
vn 0.0423 0.9939 0.1022
vn 0.0144 0.9939 -0.1097
vn 0.0145 0.9938 -0.1099
vn 0.0424 0.9938 0.1024
vn -0.0674 0.9939 0.0878
vn -0.0675 0.9938 0.0880
vn 0.1022 0.9939 -0.0423
vn 0.1024 0.9938 -0.0424
vn -0.1097 0.9939 -0.0144
vn -0.1099 0.9938 -0.0145
vn 0.0878 0.9939 0.0674
vn 0.0880 0.9938 0.0675
vn -0.0423 0.9939 -0.1022
vn -0.0424 0.9938 -0.1024
vn -0.0144 0.9939 0.1097
vn -0.0145 0.9938 0.1099
vn 0.0674 0.9939 -0.0878
vn 0.0675 0.9938 -0.0880
vn -0.1022 0.9939 0.0423
vn -0.1024 0.9938 0.0424
vn 0.1097 0.9939 0.0144
vn 0.1099 0.9938 0.0145
vn -0.0878 0.9939 -0.0674
vn -0.0880 0.9938 -0.0675
vn -0.0000 -1.0000 -0.0000
vn 0.0000 -1.0000 -0.0000
vn -0.0000 -1.0000 0.0000
vn 0.0000 -1.0000 0.0000
vn -0.8320 0.5080 -0.2229
vn -0.7460 0.5080 -0.4307
vn -0.8614 0.5080 -0.0000
vn -0.8320 0.5080 0.2229
vn -0.7460 0.5080 0.4307
vn -0.6091 0.5080 0.6091
vn -0.4307 0.5080 0.7460
vn -0.2229 0.5080 0.8320
vn -0.0000 0.5080 0.8614
vn 0.2229 0.5080 0.8320
vn 0.4307 0.5080 0.7460
vn 0.6091 0.5080 0.6091
vn 0.7460 0.5080 0.4307
vn 0.8320 0.5080 0.2229
vn 0.8614 0.5080 0.0000
vn 0.8320 0.5080 -0.2229
vn 0.7460 0.5080 -0.4307
vn 0.6091 0.5080 -0.6091
vn 0.4307 0.5080 -0.7460
vn 0.2229 0.5080 -0.8320
vn 0.0000 0.5080 -0.8614
vn -0.2229 0.5080 -0.8320
vn -0.4307 0.5080 -0.7460
vn -0.6091 0.5080 -0.6091
vn 0.5708 0.7521 0.3295
vn 0.6366 0.7521 0.1706
vn 0.6591 0.7521 0.0000
vn 0.6366 0.7521 -0.1706
vn 0.5708 0.7521 -0.3295
vn 0.4660 0.7521 -0.4660
vn 0.3295 0.7521 -0.5708
vn 0.1706 0.7521 -0.6366
vn 0.0000 0.7521 -0.6591
vn -0.1706 0.7521 -0.6366
vn -0.3295 0.7521 -0.5708
vn -0.4660 0.7521 -0.4660
vn -0.5708 0.7521 -0.3295
vn -0.6366 0.7521 -0.1706
vn -0.6591 0.7521 -0.0000
vn -0.6366 0.7521 0.1706
vn -0.5708 0.7521 0.3295
vn -0.4660 0.7521 0.4660
vn -0.3295 0.7521 0.5708
vn -0.1706 0.7521 0.6366
vn -0.0000 0.7521 0.6591
vn 0.1706 0.7521 0.6366
vn 0.3295 0.7521 0.5708
vn 0.4660 0.7521 0.4660
vn 0.8834 0.0000 0.4687
vn 0.7320 0.0000 -0.6813
vn 0.7320 0.0000 0.6813
vn 0.8834 0.0000 -0.4687
vn 0.5307 0.0000 0.8476
vn 0.9746 0.0000 -0.2241
vn 0.2932 0.0000 0.9560
vn 0.9994 0.0000 0.0358
vn 0.0358 0.0000 0.9994
vn 0.9560 0.0000 0.2932
vn -0.2241 0.0000 0.9746
vn 0.8476 0.0000 0.5307
vn -0.4687 0.0000 0.8834
vn 0.6813 0.0000 0.7320
vn -0.6813 0.0000 0.7320
vn 0.4687 0.0000 0.8834
vn -0.8476 0.0000 0.5307
vn 0.2241 0.0000 0.9746
vn -0.9560 0.0000 0.2932
vn -0.0358 0.0000 0.9994
vn -0.9994 0.0000 0.0358
vn -0.2932 0.0000 0.9560
vn -0.9746 0.0000 -0.2241
vn -0.5307 0.0000 0.8476
vn -0.8834 0.0000 -0.4687
vn -0.7320 0.0000 0.6813
vn -0.7320 0.0000 -0.6813
vn -0.8834 -0.0000 0.4687
vn -0.5307 0.0000 -0.8476
vn -0.9746 0.0000 0.2241
vn -0.2932 0.0000 -0.9560
vn -0.9994 0.0000 -0.0358
vn -0.0358 0.0000 -0.9994
vn -0.9560 0.0000 -0.2932
vn 0.2241 0.0000 -0.9746
vn -0.8476 0.0000 -0.5307
vn 0.4687 0.0000 -0.8834
vn -0.6813 0.0000 -0.7320
vn 0.6813 0.0000 -0.7320
vn -0.4687 0.0000 -0.8834
vn 0.8476 0.0000 -0.5307
vn -0.2241 0.0000 -0.9746
vn 0.9560 0.0000 -0.2933
vn 0.0358 0.0000 -0.9994
vn 0.9994 0.0000 -0.0358
vn 0.2932 0.0000 -0.9560
vn 0.9746 0.0000 0.2241
vn 0.5307 0.0000 -0.8476
vn 0.5000 -0.0000 0.8660
vn -1.0000 0.0000 0.0000
vn -0.2588 -0.0000 -0.9659
vn -0.0000 -0.0000 -1.0000
vn 0.0000 -0.0000 -1.0000
vn 0.2588 -0.0000 -0.9659
vn 0.5000 -0.0000 -0.8660
vn 0.7071 -0.0000 -0.7071
vn 0.8660 -0.0000 -0.5000
vn 0.2817 -0.9588 -0.0371
vn 0.2816 -0.9588 -0.0371
vn 0.2625 -0.9588 -0.1087
vn 0.2254 -0.9588 -0.1729
vn 0.1729 -0.9588 -0.2254
vn 0.1087 -0.9588 -0.2625
vn 0.0371 -0.9588 -0.2816
vn -0.0371 -0.9588 -0.2816
vn -0.1087 -0.9588 -0.2625
vn -0.1729 -0.9588 -0.2254
vn -0.2254 -0.9588 -0.1729
vn -0.2625 -0.9588 -0.1087
vn -0.2817 -0.9588 -0.0371
vn -0.2817 -0.9588 0.0371
vn -0.2625 -0.9588 0.1087
vn -0.2254 -0.9588 0.1729
vn -0.1729 -0.9588 0.2254
vn -0.1087 -0.9588 0.2625
vn -0.0371 -0.9588 0.2816
vn 0.0371 -0.9588 0.2816
vn 0.1087 -0.9588 0.2625
vn 0.1729 -0.9588 0.2254
vn 0.2254 -0.9588 0.1729
vn 0.2625 -0.9588 0.1087
vn 0.2817 -0.9588 0.0371
vn 0.2816 0.9588 -0.0371
vn 0.2816 0.9588 0.0371
vn 0.2625 0.9588 0.1087
vn 0.2254 0.9588 0.1729
vn 0.1729 0.9588 0.2254
vn 0.1087 0.9588 0.2625
vn 0.0371 0.9588 0.2817
vn -0.0371 0.9588 0.2817
vn -0.1087 0.9588 0.2625
vn -0.1729 0.9588 0.2254
vn -0.2254 0.9588 0.1729
vn -0.2625 0.9588 0.1087
vn -0.2816 0.9588 0.0371
vn -0.2816 0.9588 -0.0371
vn -0.2625 0.9588 -0.1087
vn -0.2254 0.9588 -0.1729
vn -0.1729 0.9588 -0.2254
vn -0.1087 0.9588 -0.2625
vn -0.0371 0.9588 -0.2817
vn 0.0371 0.9588 -0.2817
vn 0.1087 0.9588 -0.2625
vn 0.1729 0.9588 -0.2254
vn 0.2254 0.9588 -0.1729
vn 0.2625 0.9588 -0.1087
vn 0.9918 0.0000 0.1277
vn 0.9914 0.0000 -0.1305
vn 0.9250 0.0000 -0.3800
vn 0.9914 -0.0000 -0.1305
vn 0.9250 0.0000 0.3800
vn 0.9914 0.0000 0.1305
vn 0.9918 0.0000 -0.1277
vn 0.9914 -0.0000 0.1305
vn 0.7951 0.0000 0.6065
vn 0.9239 0.0000 0.3827
vn 0.9911 0.0000 0.1334
vn 0.9239 -0.0000 0.3827
vn 0.6110 0.0000 0.7916
vn 0.7934 0.0000 0.6088
vn 0.9228 0.0000 0.3853
vn 0.3853 0.0000 0.9228
vn 0.6088 0.0000 0.7934
vn 0.7916 0.0000 0.6110
vn 0.1334 0.0000 0.9911
vn 0.3827 0.0000 0.9239
vn 0.6065 0.0000 0.7951
vn 0.3827 -0.0000 0.9239
vn -0.1277 0.0000 0.9918
vn 0.1305 -0.0000 0.9914
vn 0.3800 0.0000 0.9250
vn 0.1305 0.0000 0.9914
vn -0.3800 0.0000 0.9250
vn -0.1305 -0.0000 0.9914
vn 0.1277 0.0000 0.9918
vn -0.1305 0.0000 0.9914
vn -0.6065 0.0000 0.7951
vn -0.3827 0.0000 0.9239
vn -0.1334 0.0000 0.9911
vn -0.7916 0.0000 0.6110
vn -0.6088 0.0000 0.7934
vn -0.3853 0.0000 0.9228
vn -0.9228 0.0000 0.3853
vn -0.7934 0.0000 0.6088
vn -0.6110 0.0000 0.7916
vn -0.7934 -0.0000 0.6088
vn -0.9911 0.0000 0.1334
vn -0.9239 -0.0000 0.3827
vn -0.7951 0.0000 0.6065
vn -0.9239 0.0000 0.3827
vn -0.9918 0.0000 -0.1277
vn -0.9914 -0.0000 0.1305
vn -0.9250 0.0000 0.3800
vn -0.9914 0.0000 0.1305
vn -0.9250 0.0000 -0.3800
vn -0.9914 -0.0000 -0.1305
vn -0.9918 -0.0000 0.1277
vn -0.9914 0.0000 -0.1305
vn -0.7951 0.0000 -0.6065
vn -0.9239 0.0000 -0.3827
vn -0.9911 0.0000 -0.1334
vn -0.9239 -0.0000 -0.3827
vn -0.6110 0.0000 -0.7916
vn -0.7934 0.0000 -0.6088
vn -0.9228 0.0000 -0.3853
vn -0.7934 -0.0000 -0.6088
vn -0.3853 0.0000 -0.9228
vn -0.6088 -0.0000 -0.7934
vn -0.7916 0.0000 -0.6110
vn -0.6088 0.0000 -0.7934
vn -0.1334 0.0000 -0.9911
vn -0.3827 0.0000 -0.9239
vn -0.6065 0.0000 -0.7951
vn 0.1277 0.0000 -0.9918
vn -0.1305 -0.0000 -0.9914
vn -0.3800 0.0000 -0.9250
vn -0.1305 0.0000 -0.9914
vn 0.3800 0.0000 -0.9250
vn 0.1305 0.0000 -0.9914
vn -0.1277 0.0000 -0.9918
vn 0.1305 -0.0000 -0.9914
vn 0.6065 0.0000 -0.7951
vn 0.3827 0.0000 -0.9239
vn 0.1334 0.0000 -0.9911
vn 0.7916 0.0000 -0.6110
vn 0.6088 -0.0000 -0.7934
vn 0.3853 0.0000 -0.9228
vn 0.6088 0.0000 -0.7934
vn 0.9228 0.0000 -0.3853
vn 0.7934 0.0000 -0.6088
vn 0.6110 0.0000 -0.7916
vn 0.7934 -0.0000 -0.6088
vn 0.9911 0.0000 -0.1334
vn 0.9239 0.0000 -0.3827
vn 0.7951 0.0000 -0.6065
vn 0.6987 -0.7095 -0.0920
vn 0.6987 0.7095 -0.0920
vn 0.6987 -0.7095 0.0920
vn 0.6987 0.7095 0.0920
vn 0.6511 -0.7095 0.2697
vn 0.6511 0.7095 0.2697
vn 0.5591 -0.7095 0.4290
vn 0.5591 0.7095 0.4290
vn 0.4290 -0.7095 0.5591
vn 0.4290 0.7095 0.5591
vn 0.2697 -0.7095 0.6511
vn 0.2697 0.7095 0.6511
vn 0.0920 -0.7095 0.6987
vn 0.0920 0.7095 0.6987
vn -0.0920 -0.7095 0.6987
vn -0.0920 0.7095 0.6987
vn -0.2697 -0.7095 0.6511
vn -0.2697 0.7095 0.6511
vn -0.4290 -0.7095 0.5591
vn -0.4290 0.7095 0.5591
vn -0.5591 -0.7095 0.4290
vn -0.5591 0.7095 0.4290
vn -0.6511 -0.7095 0.2697
vn -0.6511 0.7095 0.2697
vn -0.6987 -0.7095 0.0920
vn -0.6987 0.7095 0.0920
vn -0.6987 -0.7095 -0.0920
vn -0.6987 0.7095 -0.0920
vn -0.6511 -0.7095 -0.2697
vn -0.6511 0.7095 -0.2697
vn -0.5591 -0.7095 -0.4290
vn -0.5591 0.7095 -0.4290
vn -0.4290 -0.7095 -0.5591
vn -0.4290 0.7095 -0.5591
vn -0.2697 -0.7095 -0.6511
vn -0.2697 0.7095 -0.6511
vn -0.0920 -0.7095 -0.6987
vn -0.0920 0.7095 -0.6987
vn 0.0920 -0.7095 -0.6987
vn 0.0920 0.7095 -0.6987
vn 0.2697 -0.7095 -0.6511
vn 0.2697 0.7095 -0.6511
vn 0.4290 -0.7095 -0.5591
vn 0.4290 0.7095 -0.5591
vn 0.5591 -0.7095 -0.4290
vn 0.5591 0.7095 -0.4290
vn 0.6511 -0.7095 -0.2697
vn 0.6511 0.7095 -0.2697
vn 0.9659 -0.0000 -0.2588
vn 0.7071 -0.0000 0.7071
vn 0.4837 -0.8752 -0.0000
vn 0.4672 -0.8752 -0.1252
vn 0.4837 -0.8752 0.0000
vn 0.4189 -0.8752 -0.2419
vn 0.3420 -0.8752 -0.3420
vn 0.2419 -0.8752 -0.4189
vn 0.1252 -0.8752 -0.4672
vn 0.0000 -0.8752 -0.4837
vn -0.1252 -0.8752 -0.4672
vn -0.2419 -0.8752 -0.4189
vn -0.3420 -0.8752 -0.3420
vn -0.4189 -0.8752 -0.2419
vn -0.4672 -0.8752 -0.1252
vn -0.4837 -0.8752 -0.0000
vn -0.4672 -0.8752 0.1252
vn -0.4189 -0.8752 0.2419
vn -0.3420 -0.8752 0.3420
vn -0.2419 -0.8752 0.4189
vn -0.1252 -0.8752 0.4672
vn -0.0000 -0.8752 0.4837
vn 0.1252 -0.8752 0.4672
vn 0.2419 -0.8752 0.4189
vn 0.3420 -0.8752 0.3420
vn 0.4189 -0.8752 0.2419
vn 0.4672 -0.8752 0.1252
vn 0.4672 0.8752 -0.1252
vn 0.4837 0.8752 0.0000
vn 0.4672 0.8752 0.1252
vn 0.4189 0.8752 0.2419
vn 0.3420 0.8752 0.3420
vn 0.2419 0.8752 0.4189
vn 0.1252 0.8752 0.4672
vn -0.0000 0.8752 0.4837
vn -0.1252 0.8752 0.4672
vn -0.2419 0.8752 0.4189
vn -0.3420 0.8752 0.3420
vn -0.4189 0.8752 0.2419
vn -0.4672 0.8752 0.1252
vn -0.4837 0.8752 -0.0000
vn -0.4672 0.8752 -0.1252
vn -0.4189 0.8752 -0.2419
vn -0.3420 0.8752 -0.3420
vn -0.2419 0.8752 -0.4189
vn -0.1252 0.8752 -0.4672
vn 0.0000 0.8752 -0.4837
vn 0.1252 0.8752 -0.4672
vn 0.2419 0.8752 -0.4189
vn 0.3420 0.8752 -0.3420
vn 0.4189 0.8752 -0.2419
# 916 vertex normals

vt 0.7500 1.0000 0.0000
vt 0.7917 1.0000 0.0000
vt 0.8333 1.0000 0.0000
vt 0.8750 1.0000 0.0000
vt 0.9167 1.0000 0.0000
vt 0.9583 1.0000 0.0000
vt 1.0000 1.0000 0.0000
vt -0.0000 1.0000 0.0000
vt 0.0417 1.0000 0.0000
vt 0.0833 1.0000 0.0000
vt 0.1250 1.0000 0.0000
vt 0.1667 1.0000 0.0000
vt 0.2083 1.0000 0.0000
vt 0.2500 1.0000 0.0000
vt 0.2917 1.0000 0.0000
vt 0.3333 1.0000 0.0000
vt 0.3750 1.0000 0.0000
vt 0.4167 1.0000 0.0000
vt 0.4583 1.0000 0.0000
vt 0.5000 1.0000 0.0000
vt 0.5417 1.0000 0.0000
vt 0.5833 1.0000 0.0000
vt 0.6250 1.0000 0.0000
vt 0.6667 1.0000 0.0000
vt 0.7083 1.0000 0.0000
vt 0.7500 0.9899 0.0000
vt 0.7917 0.9899 0.0000
vt 0.8333 0.9899 0.0000
vt 0.8750 0.9899 0.0000
vt 0.9167 0.9899 0.0000
vt 0.9583 0.9899 0.0000
vt 1.0000 0.9899 0.0000
vt -0.0000 0.9899 0.0000
vt 0.0417 0.9899 0.0000
vt 0.0833 0.9899 0.0000
vt 0.1250 0.9899 0.0000
vt 0.1667 0.9899 0.0000
vt 0.2083 0.9899 0.0000
vt 0.2500 0.9899 0.0000
vt 0.2917 0.9899 0.0000
vt 0.3333 0.9899 0.0000
vt 0.3750 0.9899 0.0000
vt 0.4167 0.9899 0.0000
vt 0.4583 0.9899 0.0000
vt 0.5000 0.9899 0.0000
vt 0.5417 0.9899 0.0000
vt 0.5833 0.9899 0.0000
vt 0.6250 0.9899 0.0000
vt 0.6667 0.9899 0.0000
vt 0.7083 0.9899 0.0000
vt 0.7500 0.3333 0.0000
vt 0.7917 0.3333 0.0000
vt 0.7083 0.3333 0.0000
vt 0.6667 0.3333 0.0000
vt 0.6250 0.3333 0.0000
vt 0.5833 0.3333 0.0000
vt 0.5417 0.3333 0.0000
vt 0.5000 0.3333 0.0000
vt 0.4583 0.3333 0.0000
vt 0.4167 0.3333 0.0000
vt 0.3750 0.3333 0.0000
vt 0.3333 0.3333 0.0000
vt 0.2917 0.3333 0.0000
vt 0.2500 0.3333 0.0000
vt 0.2083 0.3333 0.0000
vt 0.1667 0.3333 0.0000
vt 0.1250 0.3333 0.0000
vt 0.0833 0.3333 0.0000
vt 0.0417 0.3333 0.0000
vt -0.0000 0.3333 0.0000
vt 0.9583 0.3333 0.0000
vt 1.0000 0.3333 0.0000
vt 0.9167 0.3333 0.0000
vt 0.8750 0.3333 0.0000
vt 0.8333 0.3333 0.0000
# 75 texture coords

o Egnine_Cone004
g Egnine_Cone004
usemtl Material__42
s off
f 1/1/1 2/2/2 3/2/2 4/1/1 
f 2/2/2 5/3/2 6/3/2 3/2/2 
f 5/3/2 7/4/2 8/4/2 6/3/2 
f 7/4/2 9/5/2 10/5/2 8/4/2 
f 9/5/2 11/6/2 12/6/2 10/5/2 
f 11/6/2 13/7/2 14/7/2 12/6/2 
f 13/8/2 15/9/3 16/9/3 14/8/2 
f 15/9/3 17/10/3 18/10/3 16/9/3 
f 17/10/3 19/11/3 20/11/3 18/10/3 
f 19/11/3 21/12/3 22/12/3 20/11/3 
f 21/12/3 23/13/3 24/13/3 22/12/3 
f 23/13/3 25/14/3 26/14/3 24/13/3 
f 25/14/3 27/15/4 28/15/4 26/14/3 
f 27/15/4 29/16/4 30/16/4 28/15/4 
f 29/16/4 31/17/4 32/17/4 30/16/4 
f 31/17/4 33/18/4 34/18/4 32/17/4 
f 33/18/4 35/19/4 36/19/4 34/18/4 
f 35/19/4 37/20/4 38/20/4 36/19/4 
f 37/20/4 39/21/1 40/21/1 38/20/4 
f 39/21/1 41/22/1 42/22/1 40/21/1 
f 41/22/1 43/23/1 44/23/1 42/22/1 
f 43/23/1 45/24/1 46/24/1 44/23/1 
f 45/24/1 47/25/1 48/25/1 46/24/1 
f 47/25/1 1/1/1 4/1/1 48/25/1 
f 49/2/5 50/2/6 51/1/7 52/1/8 
f 53/3/9 54/3/10 50/2/6 49/2/5 
f 55/4/11 56/4/12 54/3/10 53/3/9 
f 57/5/13 58/5/14 56/4/12 55/4/11 
f 59/6/15 60/6/16 58/5/14 57/5/13 
f 61/7/17 62/7/18 60/6/16 59/6/15 
f 63/9/19 64/9/20 62/8/18 61/8/17 
f 65/10/21 66/10/22 64/9/20 63/9/19 
f 67/11/23 68/11/24 66/10/22 65/10/21 
f 69/12/25 70/12/26 68/11/24 67/11/23 
f 71/13/27 72/13/28 70/12/26 69/12/25 
f 73/14/29 74/14/30 72/13/28 71/13/27 
f 75/15/31 76/15/32 74/14/30 73/14/29 
f 77/16/33 78/16/34 76/15/32 75/15/31 
f 79/17/35 80/17/36 78/16/34 77/16/33 
f 81/18/37 82/18/38 80/17/36 79/17/35 
f 83/19/39 84/19/40 82/18/38 81/18/37 
f 85/20/41 86/20/42 84/19/40 83/19/39 
f 87/21/43 88/21/44 86/20/42 85/20/41 
f 89/22/45 90/22/46 88/21/44 87/21/43 
f 91/23/47 92/23/48 90/22/46 89/22/45 
f 93/24/49 94/24/50 92/23/48 91/23/47 
f 95/25/51 96/25/52 94/24/50 93/24/49 
f 52/1/8 51/1/7 96/25/52 95/25/51 
f 3/2/53 97/2/53 98/1/54 4/1/54 
f 6/3/55 99/3/55 97/2/53 3/2/53 
f 8/4/56 100/4/56 99/3/55 6/3/55 
f 10/5/57 101/5/57 100/4/56 8/4/56 
f 12/6/58 102/6/58 101/5/57 10/5/57 
f 14/7/59 103/7/59 102/6/58 12/6/58 
f 16/9/60 104/9/60 103/8/59 14/8/59 
f 18/10/61 105/10/61 104/9/60 16/9/60 
f 20/11/62 106/11/62 105/10/61 18/10/61 
f 22/12/63 107/12/63 106/11/62 20/11/62 
f 24/13/64 108/13/64 107/12/63 22/12/63 
f 26/14/65 109/14/65 108/13/64 24/13/64 
f 28/15/66 110/15/66 109/14/65 26/14/65 
f 30/16/67 111/16/67 110/15/66 28/15/66 
f 32/17/68 112/17/68 111/16/67 30/16/67 
f 34/18/69 113/18/69 112/17/68 32/17/68 
f 36/19/70 114/19/70 113/18/69 34/18/69 
f 38/20/71 115/20/71 114/19/70 36/19/70 
f 40/21/72 116/21/72 115/20/71 38/20/71 
f 42/22/73 117/22/73 116/21/72 40/21/72 
f 44/23/74 118/23/74 117/22/73 42/22/73 
f 46/24/75 119/24/75 118/23/74 44/23/74 
f 48/25/76 120/25/76 119/24/75 46/24/75 
f 4/1/54 98/1/54 120/25/76 48/25/76 
f 121/2/2 122/2/4 123/1/4 124/1/2 
f 124/1/2 123/1/4 125/25/3 126/25/2 
f 126/25/2 125/25/3 127/24/3 128/24/2 
f 128/24/2 127/24/3 129/23/3 130/23/2 
f 130/23/2 129/23/3 131/22/3 132/22/2 
f 132/22/2 131/22/3 133/21/3 134/21/2 
f 134/21/2 133/21/3 135/20/2 136/20/2 
f 136/20/2 135/20/2 137/19/2 138/19/2 
f 138/19/2 137/19/2 139/18/2 140/18/2 
f 140/18/2 139/18/2 141/17/2 142/17/2 
f 142/17/2 141/17/2 143/16/2 144/16/2 
f 144/16/2 143/16/2 145/15/2 146/15/2 
f 146/15/2 145/15/2 147/14/1 148/14/2 
f 148/14/2 147/14/1 149/13/1 150/13/2 
f 150/13/2 149/13/1 151/12/1 152/12/2 
f 152/12/2 151/12/1 153/11/1 154/11/2 
f 154/11/2 153/11/1 155/10/1 156/10/2 
f 156/10/2 155/10/1 157/9/1 158/9/2 
f 158/9/2 157/9/1 159/8/4 160/8/2 
f 160/7/2 159/7/4 161/6/4 162/6/2 
f 162/6/2 161/6/4 163/5/4 164/5/2 
f 164/5/2 163/5/4 165/4/4 166/4/2 
f 166/4/2 165/4/4 167/3/4 168/3/2 
f 168/3/2 167/3/4 122/2/4 121/2/2 
f 169/2/77 170/2/77 171/1/78 172/1/79 
f 172/1/79 171/1/78 173/25/80 174/25/80 
f 174/25/80 173/25/80 175/24/81 176/24/81 
f 176/24/81 175/24/81 177/23/82 178/23/82 
f 178/23/82 177/23/82 179/22/83 180/22/83 
f 180/22/83 179/22/83 181/21/84 182/21/84 
f 182/21/84 181/21/84 183/20/85 184/20/85 
f 184/20/85 183/20/85 185/19/86 186/19/86 
f 186/19/86 185/19/86 187/18/87 188/18/87 
f 188/18/87 187/18/87 189/17/88 190/17/88 
f 190/17/88 189/17/88 191/16/89 192/16/89 
f 192/16/89 191/16/89 193/15/90 194/15/90 
f 194/15/90 193/15/90 195/14/91 196/14/91 
f 196/14/91 195/14/91 197/13/92 198/13/92 
f 198/13/92 197/13/92 199/12/93 200/12/93 
f 200/12/93 199/12/93 201/11/94 202/11/94 
f 202/11/94 201/11/94 203/10/95 204/10/95 
f 204/10/95 203/10/95 205/9/96 206/9/96 
f 206/9/96 205/9/96 207/8/97 208/8/97 
f 208/7/97 207/7/97 209/6/98 210/6/98 
f 210/6/98 209/6/98 211/5/99 212/5/99 
f 212/5/99 211/5/99 213/4/100 214/4/100 
f 214/4/100 213/4/100 215/3/101 216/3/101 
f 216/3/101 215/3/101 170/2/77 169/2/77 
f 217/2/102 218/2/103 219/1/104 220/1/105 
f 220/1/105 219/1/104 221/25/106 222/25/107 
f 222/25/107 221/25/106 223/24/108 224/24/109 
f 224/24/109 223/24/108 225/23/110 226/23/111 
f 226/23/111 225/23/110 227/22/112 228/22/113 
f 228/22/113 227/22/112 229/21/114 230/21/115 
f 230/21/115 229/21/114 231/20/116 232/20/117 
f 232/20/117 231/20/116 233/19/118 234/19/119 
f 234/19/119 233/19/118 235/18/120 236/18/121 
f 236/18/121 235/18/120 237/17/122 238/17/123 
f 238/17/123 237/17/122 239/16/124 240/16/125 
f 240/16/125 239/16/124 241/15/126 242/15/127 
f 242/15/127 241/15/126 243/14/128 244/14/129 
f 244/14/129 243/14/128 245/13/130 246/13/131 
f 246/13/131 245/13/130 247/12/132 248/12/133 
f 248/12/133 247/12/132 249/11/134 250/11/135 
f 250/11/135 249/11/134 251/10/136 252/10/137 
f 252/10/137 251/10/136 253/9/138 254/9/139 
f 254/9/139 253/9/138 255/8/140 256/8/141 
f 256/7/141 255/7/140 257/6/142 258/6/143 
f 258/6/143 257/6/142 259/5/144 260/5/145 
f 260/5/145 259/5/144 261/4/146 262/4/147 
f 262/4/147 261/4/146 263/3/148 264/3/149 
f 264/3/149 263/3/148 218/2/103 217/2/102 
f 219/1/104 218/2/103 265/2/150 266/1/151 
f 221/25/106 219/1/104 266/1/151 267/25/152 
f 223/24/108 221/25/106 267/25/152 268/24/153 
f 225/23/110 223/24/108 268/24/153 269/23/154 
f 227/22/112 225/23/110 269/23/154 270/22/155 
f 229/21/114 227/22/112 270/22/155 271/21/156 
f 231/20/116 229/21/114 271/21/156 272/20/157 
f 233/19/118 231/20/116 272/20/157 273/19/158 
f 235/18/120 233/19/118 273/19/158 274/18/159 
f 237/17/122 235/18/120 274/18/159 275/17/160 
f 239/16/124 237/17/122 275/17/160 276/16/161 
f 241/15/126 239/16/124 276/16/161 277/15/162 
f 243/14/128 241/15/126 277/15/162 278/14/163 
f 245/13/130 243/14/128 278/14/163 279/13/164 
f 247/12/132 245/13/130 279/13/164 280/12/165 
f 249/11/134 247/12/132 280/12/165 281/11/166 
f 251/10/136 249/11/134 281/11/166 282/10/167 
f 253/9/138 251/10/136 282/10/167 283/9/168 
f 255/8/140 253/9/138 283/9/168 284/8/169 
f 257/6/142 255/7/140 284/7/169 285/6/170 
f 259/5/144 257/6/142 285/6/170 286/5/171 
f 261/4/146 259/5/144 286/5/171 287/4/172 
f 263/3/148 261/4/146 287/4/172 288/3/173 
f 218/2/103 263/3/148 288/3/173 265/2/150 
f 289/1/2 290/2/2 291/2/2 292/1/2 
f 293/25/2 289/1/2 292/1/2 294/25/2 
f 295/24/2 293/25/2 294/25/2 296/24/2 
f 297/23/2 295/24/2 296/24/2 298/23/2 
f 299/22/2 297/23/2 298/23/2 300/22/2 
f 301/21/2 299/22/2 300/22/2 302/21/2 
f 303/20/2 301/21/2 302/21/2 304/20/2 
f 305/19/2 303/20/2 304/20/2 306/19/2 
f 307/18/2 305/19/2 306/19/2 308/18/2 
f 309/17/2 307/18/2 308/18/2 310/17/2 
f 311/16/2 309/17/2 310/17/2 312/16/2 
f 313/15/2 311/16/2 312/16/2 314/15/2 
f 315/14/2 313/15/2 314/15/2 316/14/2 
f 317/13/2 315/14/2 316/14/2 318/13/2 
f 319/12/2 317/13/2 318/13/2 320/12/2 
f 321/11/2 319/12/2 320/12/2 322/11/2 
f 323/10/2 321/11/2 322/11/2 324/10/2 
f 325/9/2 323/10/2 324/10/2 326/9/2 
f 327/8/2 325/9/2 326/9/2 328/8/2 
f 329/6/2 327/7/2 328/7/2 330/6/2 
f 331/5/2 329/6/2 330/6/2 332/5/2 
f 333/4/2 331/5/2 332/5/2 334/4/2 
f 335/3/2 333/4/2 334/4/2 336/3/2 
f 290/2/2 335/3/2 336/3/2 291/2/2 
f 337/25/2 338/22/2 339/23/2 340/24/2 
f 338/22/2 337/25/2 341/1/2 342/21/2 
f 342/21/2 341/1/2 343/2/2 344/20/2 
f 344/20/2 343/2/2 345/3/2 346/19/2 
f 346/19/2 345/3/2 347/4/2 348/18/2 
f 348/18/2 347/4/2 349/5/2 350/17/2 
f 350/17/2 349/5/2 351/6/2 352/16/2 
f 352/16/2 351/6/2 353/8/2 354/15/2 
f 354/15/2 353/8/2 355/9/2 356/14/2 
f 356/14/2 355/9/2 357/10/2 358/13/2 
f 358/13/2 357/10/2 359/11/2 360/12/2 
f 266/1/174 265/2/175 290/2/175 289/1/174 
f 265/2/175 288/3/176 335/3/176 290/2/175 
f 288/3/176 287/4/177 333/4/177 335/3/176 
f 287/4/177 286/5/178 331/5/178 333/4/177 
f 286/5/178 285/6/179 329/6/179 331/5/178 
f 285/6/179 284/7/180 327/7/180 329/6/179 
f 284/8/180 283/9/181 325/9/181 327/8/180 
f 283/9/181 282/10/182 323/10/182 325/9/181 
f 282/10/182 281/11/183 321/11/183 323/10/182 
f 281/11/183 280/12/184 319/12/184 321/11/183 
f 280/12/184 279/13/185 317/13/185 319/12/184 
f 279/13/185 278/14/186 315/14/186 317/13/185 
f 278/14/186 277/15/187 313/15/187 315/14/186 
f 277/15/187 276/16/188 311/16/188 313/15/187 
f 276/16/188 275/17/189 309/17/189 311/16/188 
f 275/17/189 274/18/190 307/18/190 309/17/189 
f 274/18/190 273/19/191 305/19/191 307/18/190 
f 273/19/191 272/20/192 303/20/192 305/19/191 
f 272/20/192 271/21/193 301/21/193 303/20/192 
f 271/21/193 270/22/194 299/22/194 301/21/193 
f 270/22/194 269/23/195 297/23/195 299/22/194 
f 269/23/195 268/24/196 295/24/196 297/23/195 
f 268/24/196 267/25/197 293/25/197 295/24/196 
f 267/25/197 266/1/174 289/1/174 293/25/197 
f 361/2/198 362/1/199 292/1/186 291/2/187 
f 362/1/199 363/25/200 294/25/185 292/1/186 
f 363/25/200 364/24/201 296/24/184 294/25/185 
f 364/24/201 365/23/202 298/23/183 296/24/184 
f 365/23/202 366/22/203 300/22/182 298/23/183 
f 366/22/203 367/21/204 302/21/181 300/22/182 
f 367/21/204 368/20/205 304/20/180 302/21/181 
f 368/20/205 369/19/206 306/19/179 304/20/180 
f 369/19/206 370/18/207 308/18/178 306/19/179 
f 370/18/207 371/17/208 310/17/177 308/18/178 
f 371/17/208 372/16/209 312/16/176 310/17/177 
f 372/16/209 373/15/210 314/15/175 312/16/176 
f 373/15/210 374/14/211 316/14/174 314/15/175 
f 374/14/211 375/13/212 318/13/197 316/14/174 
f 375/13/212 376/12/213 320/12/196 318/13/197 
f 376/12/213 377/11/214 322/11/195 320/12/196 
f 377/11/214 378/10/215 324/10/194 322/11/195 
f 378/10/215 379/9/216 326/9/193 324/10/194 
f 379/9/216 380/8/217 328/8/192 326/9/193 
f 380/7/217 381/6/218 330/6/191 328/7/192 
f 381/6/218 382/5/219 332/5/190 330/6/191 
f 382/5/219 383/4/220 334/4/189 332/5/190 
f 383/4/220 384/3/221 336/3/188 334/4/189 
f 384/3/221 361/2/198 291/2/187 336/3/188 
f 169/2/2 172/1/2 385/1/4 386/2/4 
f 172/1/2 174/25/2 387/25/3 385/1/4 
f 174/25/2 176/24/2 388/24/3 387/25/3 
f 176/24/2 178/23/2 389/23/3 388/24/3 
f 178/23/2 180/22/2 390/22/3 389/23/3 
f 180/22/2 182/21/2 391/21/3 390/22/3 
f 182/21/2 184/20/2 392/20/2 391/21/3 
f 184/20/2 186/19/2 393/19/2 392/20/2 
f 186/19/2 188/18/2 394/18/2 393/19/2 
f 188/18/2 190/17/2 395/17/2 394/18/2 
f 190/17/2 192/16/2 396/16/2 395/17/2 
f 192/16/2 194/15/2 397/15/2 396/16/2 
f 194/15/2 196/14/2 398/14/1 397/15/2 
f 196/14/2 198/13/2 399/13/1 398/14/1 
f 198/13/2 200/12/2 400/12/1 399/13/1 
f 200/12/2 202/11/2 401/11/1 400/12/1 
f 202/11/2 204/10/2 402/10/1 401/11/1 
f 204/10/2 206/9/2 403/9/1 402/10/1 
f 206/9/2 208/8/2 404/8/4 403/9/1 
f 208/7/2 210/6/2 405/6/4 404/7/4 
f 210/6/2 212/5/2 406/5/4 405/6/4 
f 212/5/2 214/4/2 407/4/4 406/5/4 
f 214/4/2 216/3/2 408/3/4 407/4/4 
f 216/3/2 169/2/2 386/2/4 408/3/4 
f 409/2/222 410/1/223 171/1/78 170/2/77 
f 410/1/223 411/25/224 173/25/80 171/1/78 
f 411/25/224 412/24/225 175/24/81 173/25/80 
f 412/24/225 413/23/226 177/23/82 175/24/81 
f 413/23/226 414/22/227 179/22/83 177/23/82 
f 414/22/227 415/21/228 181/21/84 179/22/83 
f 415/21/228 416/20/229 183/20/85 181/21/84 
f 416/20/229 417/19/230 185/19/86 183/20/85 
f 417/19/230 418/18/231 187/18/87 185/19/86 
f 418/18/231 419/17/232 189/17/88 187/18/87 
f 419/17/232 420/16/233 191/16/89 189/17/88 
f 420/16/233 421/15/234 193/15/90 191/16/89 
f 421/15/234 422/14/235 195/14/91 193/15/90 
f 422/14/235 423/13/236 197/13/92 195/14/91 
f 423/13/236 424/12/237 199/12/93 197/13/92 
f 424/12/237 425/11/238 201/11/94 199/12/93 
f 425/11/238 426/10/239 203/10/95 201/11/94 
f 426/10/239 427/9/240 205/9/96 203/10/95 
f 427/9/240 428/8/241 207/8/97 205/9/96 
f 428/7/241 429/6/242 209/6/98 207/7/97 
f 429/6/242 430/5/243 211/5/99 209/6/98 
f 430/5/243 431/4/244 213/4/100 211/5/99 
f 431/4/244 432/3/245 215/3/101 213/4/100 
f 432/3/245 409/2/222 170/2/77 215/3/101 
f 49/2/5 52/1/8 98/1/54 97/2/53 
f 53/3/9 49/2/5 97/2/53 99/3/55 
f 55/4/11 53/3/9 99/3/55 100/4/56 
f 57/5/13 55/4/11 100/4/56 101/5/57 
f 59/6/15 57/5/13 101/5/57 102/6/58 
f 61/7/17 59/6/15 102/6/58 103/7/59 
f 63/9/19 61/8/17 103/8/59 104/9/60 
f 65/10/21 63/9/19 104/9/60 105/10/61 
f 67/11/23 65/10/21 105/10/61 106/11/62 
f 69/12/25 67/11/23 106/11/62 107/12/63 
f 71/13/27 69/12/25 107/12/63 108/13/64 
f 73/14/29 71/13/27 108/13/64 109/14/65 
f 75/15/31 73/14/29 109/14/65 110/15/66 
f 77/16/33 75/15/31 110/15/66 111/16/67 
f 79/17/35 77/16/33 111/16/67 112/17/68 
f 81/18/37 79/17/35 112/17/68 113/18/69 
f 83/19/39 81/18/37 113/18/69 114/19/70 
f 85/20/41 83/19/39 114/19/70 115/20/71 
f 87/21/43 85/20/41 115/20/71 116/21/72 
f 89/22/45 87/21/43 116/21/72 117/22/73 
f 91/23/47 89/22/45 117/22/73 118/23/74 
f 93/24/49 91/23/47 118/23/74 119/24/75 
f 95/25/51 93/24/49 119/24/75 120/25/76 
f 52/1/8 95/25/51 120/25/76 98/1/54 
f 2/2/246 1/1/247 433/26/248 434/27/249 
f 5/3/250 2/2/246 434/27/249 435/28/251 
f 7/4/252 5/3/250 435/28/251 436/29/253 
f 9/5/254 7/4/252 436/29/253 437/30/255 
f 11/6/256 9/5/254 437/30/255 438/31/257 
f 13/7/258 11/6/256 438/31/257 439/32/259 
f 15/9/260 13/8/258 439/33/259 440/34/261 
f 17/10/262 15/9/260 440/34/261 441/35/263 
f 19/11/264 17/10/262 441/35/263 442/36/265 
f 21/12/266 19/11/264 442/36/265 443/37/267 
f 23/13/268 21/12/266 443/37/267 444/38/269 
f 25/14/270 23/13/268 444/38/269 445/39/271 
f 27/15/272 25/14/270 445/39/271 446/40/273 
f 29/16/274 27/15/272 446/40/273 447/41/275 
f 31/17/276 29/16/274 447/41/275 448/42/277 
f 33/18/278 31/17/276 448/42/277 449/43/279 
f 35/19/280 33/18/278 449/43/279 450/44/281 
f 37/20/282 35/19/280 450/44/281 451/45/283 
f 39/21/284 37/20/282 451/45/283 452/46/285 
f 41/22/286 39/21/284 452/46/285 453/47/287 
f 43/23/288 41/22/286 453/47/287 454/48/289 
f 45/24/290 43/23/288 454/48/289 455/49/291 
f 47/25/292 45/24/290 455/49/291 456/50/293 
f 1/1/247 47/25/292 456/50/293 433/26/248 
f 386/2/4 385/1/4 123/1/4 122/2/4 
f 385/1/4 387/25/3 125/25/3 123/1/4 
f 387/25/3 388/24/3 127/24/3 125/25/3 
f 388/24/3 389/23/3 129/23/3 127/24/3 
f 389/23/3 390/22/3 131/22/3 129/23/3 
f 390/22/3 391/21/3 133/21/3 131/22/3 
f 391/21/3 392/20/2 135/20/2 133/21/3 
f 392/20/2 393/19/2 137/19/2 135/20/2 
f 393/19/2 394/18/2 139/18/2 137/19/2 
f 394/18/2 395/17/2 141/17/2 139/18/2 
f 395/17/2 396/16/2 143/16/2 141/17/2 
f 396/16/2 397/15/2 145/15/2 143/16/2 
f 397/15/2 398/14/1 147/14/1 145/15/2 
f 398/14/1 399/13/1 149/13/1 147/14/1 
f 399/13/1 400/12/1 151/12/1 149/13/1 
f 400/12/1 401/11/1 153/11/1 151/12/1 
f 401/11/1 402/10/1 155/10/1 153/11/1 
f 402/10/1 403/9/1 157/9/1 155/10/1 
f 403/9/1 404/8/4 159/8/4 157/9/1 
f 404/7/4 405/6/4 161/6/4 159/7/4 
f 405/6/4 406/5/4 163/5/4 161/6/4 
f 406/5/4 407/4/4 165/4/4 163/5/4 
f 407/4/4 408/3/4 167/3/4 165/4/4 
f 408/3/4 386/2/4 122/2/4 167/3/4 
f 121/2/6 124/1/294 51/1/7 50/2/6 
f 168/3/10 121/2/6 50/2/6 54/3/10 
f 166/4/12 168/3/10 54/3/10 56/4/12 
f 164/5/14 166/4/12 56/4/12 58/5/14 
f 162/6/16 164/5/14 58/5/14 60/6/16 
f 160/7/18 162/6/16 60/6/16 62/7/18 
f 158/9/20 160/8/18 62/8/18 64/9/20 
f 156/10/22 158/9/20 64/9/20 66/10/22 
f 154/11/24 156/10/22 66/10/22 68/11/24 
f 152/12/26 154/11/24 68/11/24 70/12/26 
f 150/13/28 152/12/26 70/12/26 72/13/28 
f 148/14/30 150/13/28 72/13/28 74/14/30 
f 146/15/32 148/14/30 74/14/30 76/15/32 
f 144/16/34 146/15/32 76/15/32 78/16/34 
f 142/17/36 144/16/34 78/16/34 80/17/36 
f 140/18/38 142/17/36 80/17/36 82/18/38 
f 138/19/40 140/18/38 82/18/38 84/19/40 
f 136/20/42 138/19/40 84/19/40 86/20/42 
f 134/21/44 136/20/42 86/20/42 88/21/44 
f 132/22/46 134/21/44 88/21/44 90/22/46 
f 130/23/48 132/22/46 90/22/46 92/23/48 
f 128/24/50 130/23/48 92/23/48 94/24/50 
f 126/25/52 128/24/50 94/24/50 96/25/52 
f 124/1/294 126/25/52 96/25/52 51/1/7 
f 217/2/102 220/1/105 457/1/295 458/2/296 
f 220/1/105 222/25/107 459/25/297 457/1/295 
f 222/25/107 224/24/109 460/24/298 459/25/297 
f 224/24/109 226/23/111 461/23/299 460/24/298 
f 226/23/111 228/22/113 462/22/300 461/23/299 
f 228/22/113 230/21/115 463/21/301 462/22/300 
f 230/21/115 232/20/117 464/20/302 463/21/301 
f 232/20/117 234/19/119 465/19/303 464/20/302 
f 234/19/119 236/18/121 466/18/304 465/19/303 
f 236/18/121 238/17/123 467/17/305 466/18/304 
f 238/17/123 240/16/125 468/16/306 467/17/305 
f 240/16/125 242/15/127 469/15/307 468/16/306 
f 242/15/127 244/14/129 470/14/308 469/15/307 
f 244/14/129 246/13/131 471/13/309 470/14/308 
f 246/13/131 248/12/133 472/12/310 471/13/309 
f 248/12/133 250/11/135 473/11/311 472/12/310 
f 250/11/135 252/10/137 474/10/312 473/11/311 
f 252/10/137 254/9/139 475/9/313 474/10/312 
f 254/9/139 256/8/141 476/8/314 475/9/313 
f 256/7/141 258/6/143 477/6/315 476/7/314 
f 258/6/143 260/5/145 478/5/316 477/6/315 
f 260/5/145 262/4/147 479/4/317 478/5/316 
f 262/4/147 264/3/149 480/3/318 479/4/317 
f 264/3/149 217/2/102 458/2/296 480/3/318 
f 410/1/223 409/2/222 458/2/296 457/1/295 
f 411/25/224 410/1/223 457/1/295 459/25/297 
f 412/24/225 411/25/224 459/25/297 460/24/298 
f 413/23/226 412/24/225 460/24/298 461/23/299 
f 414/22/227 413/23/226 461/23/299 462/22/300 
f 415/21/228 414/22/227 462/22/300 463/21/301 
f 416/20/229 415/21/228 463/21/301 464/20/302 
f 417/19/230 416/20/229 464/20/302 465/19/303 
f 418/18/231 417/19/230 465/19/303 466/18/304 
f 419/17/232 418/18/231 466/18/304 467/17/305 
f 420/16/233 419/17/232 467/17/305 468/16/306 
f 421/15/234 420/16/233 468/16/306 469/15/307 
f 422/14/235 421/15/234 469/15/307 470/14/308 
f 423/13/236 422/14/235 470/14/308 471/13/309 
f 424/12/237 423/13/236 471/13/309 472/12/310 
f 425/11/238 424/12/237 472/12/310 473/11/311 
f 426/10/239 425/11/238 473/11/311 474/10/312 
f 427/9/240 426/10/239 474/10/312 475/9/313 
f 428/8/241 427/9/240 475/9/313 476/8/314 
f 429/6/242 428/7/241 476/7/314 477/6/315 
f 430/5/243 429/6/242 477/6/315 478/5/316 
f 431/4/244 430/5/243 478/5/316 479/4/317 
f 432/3/245 431/4/244 479/4/317 480/3/318 
f 409/2/222 432/3/245 480/3/318 458/2/296 
f 481/51/319 482/51/174 483/52/175 484/52/175 
f 485/53/197 486/53/197 482/51/174 481/51/319 
f 487/54/320 488/54/320 486/53/197 485/53/197 
f 489/55/195 490/55/195 488/54/320 487/54/320 
f 491/56/194 492/56/194 490/55/195 489/55/195 
f 493/57/193 494/57/193 492/56/194 491/56/194 
f 495/58/192 496/58/192 494/57/193 493/57/193 
f 497/59/191 498/59/191 496/58/192 495/58/192 
f 499/60/190 500/60/190 498/59/191 497/59/191 
f 501/61/189 502/61/189 500/60/190 499/60/190 
f 503/62/188 504/62/188 502/61/189 501/61/189 
f 505/63/187 506/63/187 504/62/188 503/62/188 
f 507/64/186 508/64/186 506/63/187 505/63/187 
f 509/65/185 510/65/185 508/64/186 507/64/186 
f 511/66/184 512/66/184 510/65/185 509/65/185 
f 513/67/183 514/67/183 512/66/184 511/66/184 
f 515/68/182 516/68/182 514/67/183 513/67/183 
f 517/69/181 518/69/181 516/68/182 515/68/182 
f 519/70/180 520/70/180 518/69/181 517/69/181 
f 521/71/179 522/71/179 520/72/180 519/72/180 
f 523/73/178 524/73/178 522/71/179 521/71/179 
f 525/74/177 526/74/177 524/73/178 523/73/178 
f 527/75/176 528/75/176 526/74/177 525/74/177 
f 484/52/175 483/52/175 528/75/176 527/75/176 
f 529/51/2 530/51/2 531/52/2 532/52/2 
f 533/53/2 534/53/2 530/51/2 529/51/2 
f 535/54/2 536/54/2 534/53/2 533/53/2 
f 537/55/2 538/55/2 536/54/2 535/54/2 
f 539/56/2 540/56/2 538/55/2 537/55/2 
f 541/57/2 542/57/2 540/56/2 539/56/2 
f 543/58/2 544/58/2 542/57/2 541/57/2 
f 545/59/2 546/59/2 544/58/2 543/58/2 
f 547/60/2 548/60/2 546/59/2 545/59/2 
f 549/61/2 550/61/2 548/60/2 547/60/2 
f 551/62/2 552/62/2 550/61/2 549/61/2 
f 553/63/2 554/63/2 552/62/2 551/62/2 
f 555/64/2 556/64/2 554/63/2 553/63/2 
f 557/65/2 558/65/2 556/64/2 555/64/2 
f 559/66/2 560/66/2 558/65/2 557/65/2 
f 561/67/2 562/67/2 560/66/2 559/66/2 
f 563/68/2 564/68/2 562/67/2 561/67/2 
f 565/69/2 566/69/2 564/68/2 563/68/2 
f 567/70/2 568/70/2 566/69/2 565/69/2 
f 569/75/2 570/75/2 571/74/2 572/74/2 
f 532/52/2 531/52/2 570/75/2 569/75/2 
f 573/51/321 574/52/322 575/52/323 576/51/324 
f 577/53/325 573/51/321 576/51/324 578/53/326 
f 579/54/327 577/53/325 578/53/326 580/54/328 
f 581/55/329 579/54/327 580/54/328 582/55/330 
f 583/56/331 581/55/329 582/55/330 584/56/332 
f 585/57/333 583/56/331 584/56/332 586/57/334 
f 587/58/335 585/57/333 586/57/334 588/58/336 
f 589/59/337 587/58/335 588/58/336 590/59/338 
f 591/60/339 589/59/337 590/59/338 592/60/340 
f 593/61/341 591/60/339 592/60/340 594/61/342 
f 595/62/343 593/61/341 594/61/342 596/62/344 
f 597/63/345 595/62/343 596/62/344 598/63/346 
f 599/64/347 597/63/345 598/63/346 600/64/348 
f 601/65/349 599/64/347 600/64/348 602/65/350 
f 603/66/351 601/65/349 602/65/350 604/66/352 
f 605/67/353 603/66/351 604/66/352 606/67/354 
f 607/68/355 605/67/353 606/67/354 608/68/356 
f 609/69/357 607/68/355 608/68/356 610/69/358 
f 611/70/359 609/69/357 610/69/358 612/70/360 
f 613/71/361 611/72/359 612/72/360 614/71/362 
f 615/73/363 613/71/361 614/71/362 616/73/364 
f 617/74/365 615/73/363 616/73/364 618/74/366 
f 619/75/367 617/74/365 618/74/366 620/75/368 
f 574/52/322 619/75/367 620/75/368 575/52/323 
f 621/52/3 622/51/3 576/51/324 575/52/323 
f 622/51/3 623/53/3 578/53/326 576/51/324 
f 623/53/3 624/54/1 580/54/328 578/53/326 
f 624/54/1 625/55/1 582/55/330 580/54/328 
f 625/55/1 626/56/1 584/56/332 582/55/330 
f 626/56/1 627/57/1 586/57/334 584/56/332 
f 627/57/1 628/58/2 588/58/336 586/57/334 
f 628/58/2 629/59/2 590/59/338 588/58/336 
f 629/59/2 630/60/2 592/60/340 590/59/338 
f 630/60/2 631/61/2 594/61/342 592/60/340 
f 631/61/2 632/62/2 596/62/344 594/61/342 
f 632/62/2 633/63/2 598/63/346 596/62/344 
f 633/63/2 634/64/2 600/64/348 598/63/346 
f 634/64/2 635/65/2 602/65/350 600/64/348 
f 635/65/2 636/66/2 604/66/352 602/65/350 
f 636/66/2 637/67/2 606/67/354 604/66/352 
f 637/67/2 638/68/2 608/68/356 606/67/354 
f 638/68/2 639/69/2 610/69/358 608/68/356 
f 639/69/2 640/70/2 612/70/360 610/69/358 
f 640/72/2 641/71/2 614/71/362 612/72/360 
f 641/71/2 642/73/2 616/73/364 614/71/362 
f 642/73/2 643/74/2 618/74/366 616/73/364 
f 643/74/2 644/75/2 620/75/368 618/74/366 
f 644/75/2 621/52/3 575/52/323 620/75/368 
f 645/51/369 646/52/370 647/52/370 648/51/371 
f 649/53/372 645/51/369 648/51/371 650/53/372 
f 651/54/373 649/53/372 650/53/372 652/54/373 
f 653/55/374 651/54/373 652/54/373 654/55/374 
f 655/56/375 653/55/374 654/55/374 656/56/375 
f 657/57/376 655/56/375 656/56/375 658/57/376 
f 659/58/377 657/57/376 658/57/376 660/58/377 
f 661/59/378 659/58/377 660/58/377 662/59/378 
f 663/60/379 661/59/378 662/59/378 664/60/379 
f 665/61/380 663/60/379 664/60/379 666/61/380 
f 667/62/381 665/61/380 666/61/380 668/62/381 
f 669/63/382 667/62/381 668/62/381 670/63/382 
f 671/64/383 669/63/382 670/63/382 672/64/383 
f 673/65/384 671/64/383 672/64/383 674/65/384 
f 675/66/385 673/65/384 674/65/384 676/66/385 
f 677/67/386 675/66/385 676/66/385 678/67/386 
f 679/68/387 677/67/386 678/67/386 680/68/387 
f 681/69/388 679/68/387 680/68/387 682/69/388 
f 683/70/389 681/69/388 682/69/388 684/70/389 
f 685/71/390 683/72/389 684/72/389 686/71/390 
f 687/73/391 685/71/390 686/71/390 688/73/391 
f 689/74/392 687/73/391 688/73/391 690/74/392 
f 691/75/393 689/74/392 690/74/392 692/75/393 
f 646/52/370 691/75/393 692/75/393 647/52/370 
f 648/51/394 647/52/395 693/52/395 694/51/394 
f 647/52/395 692/75/396 695/75/396 693/52/395 
f 692/75/396 690/74/397 696/74/397 695/75/396 
f 690/74/397 688/73/398 697/73/398 696/74/397 
f 688/73/398 686/71/399 698/71/399 697/73/398 
f 686/71/399 684/72/400 699/72/400 698/71/399 
f 684/70/400 682/69/401 700/69/401 699/70/400 
f 682/69/401 680/68/402 701/68/402 700/69/401 
f 680/68/402 678/67/403 702/67/403 701/68/402 
f 678/67/403 676/66/404 703/66/404 702/67/403 
f 676/66/404 674/65/405 704/65/405 703/66/404 
f 674/65/405 672/64/406 705/64/406 704/65/405 
f 672/64/406 670/63/407 706/63/407 705/64/406 
f 670/63/407 668/62/408 707/62/408 706/63/407 
f 668/62/408 666/61/409 708/61/409 707/62/408 
f 666/61/409 664/60/410 709/60/410 708/61/409 
f 664/60/410 662/59/411 710/59/411 709/60/410 
f 662/59/411 660/58/412 711/58/412 710/59/411 
f 660/58/412 658/57/413 712/57/413 711/58/412 
f 658/57/413 656/56/414 713/56/414 712/57/413 
f 656/56/414 654/55/415 714/55/415 713/56/414 
f 654/55/415 652/54/416 715/54/416 714/55/415 
f 652/54/416 650/53/417 716/53/417 715/54/416 
f 650/53/417 648/51/394 694/51/394 716/53/417 
f 717/52/418 718/51/419 719/51/319 720/52/175 
f 694/51/319 693/52/175 721/52/175 722/51/319 
f 723/75/420 717/52/418 720/52/175 724/75/176 
f 693/52/175 695/75/176 725/75/176 721/52/175 
f 726/74/421 723/75/420 724/75/176 727/74/177 
f 695/75/176 696/74/177 728/74/177 725/75/176 
f 729/73/422 726/74/421 727/74/177 730/73/178 
f 696/74/177 697/73/178 731/73/178 728/74/177 
f 732/71/423 729/73/422 730/73/178 733/71/179 
f 697/73/178 698/71/179 734/71/179 731/73/178 
f 735/72/424 732/71/423 733/71/179 736/72/180 
f 698/71/179 699/72/180 737/72/180 734/71/179 
f 738/69/425 735/70/424 736/70/180 739/69/181 
f 699/70/180 700/69/181 740/69/181 737/70/180 
f 741/68/426 738/69/425 739/69/181 742/68/182 
f 700/69/181 701/68/182 743/68/182 740/69/181 
f 744/67/427 741/68/426 742/68/182 745/67/183 
f 701/68/182 702/67/183 746/67/183 743/68/182 
f 747/66/428 744/67/427 745/67/183 748/66/429 
f 702/67/183 703/66/184 749/66/184 746/67/183 
f 750/65/430 747/66/428 748/66/429 751/65/431 
f 703/66/184 704/65/185 752/65/185 749/66/184 
f 753/64/432 750/65/430 751/65/431 754/64/433 
f 704/65/185 705/64/186 755/64/186 752/65/185 
f 756/63/434 753/64/432 754/64/433 757/63/435 
f 705/64/186 706/63/187 758/63/187 755/64/186 
f 759/62/436 756/63/434 757/63/435 760/62/437 
f 706/63/187 707/62/188 761/62/188 758/63/187 
f 762/61/438 759/62/436 760/62/437 763/61/189 
f 707/62/188 708/61/189 764/61/189 761/62/188 
f 765/60/439 762/61/438 763/61/189 766/60/190 
f 708/61/189 709/60/190 767/60/190 764/61/189 
f 768/59/440 765/60/439 766/60/190 769/59/441 
f 709/60/190 710/59/191 770/59/191 767/60/190 
f 771/58/442 768/59/440 769/59/441 772/58/443 
f 710/59/191 711/58/192 773/58/192 770/59/191 
f 774/57/444 771/58/442 772/58/443 775/57/445 
f 711/58/192 712/57/193 776/57/193 773/58/192 
f 777/56/446 774/57/444 775/57/445 778/56/194 
f 712/57/193 713/56/194 779/56/194 776/57/193 
f 780/55/447 777/56/446 778/56/194 781/55/195 
f 713/56/194 714/55/195 782/55/195 779/56/194 
f 783/54/448 780/55/447 781/55/195 784/54/196 
f 714/55/195 715/54/196 785/54/196 782/55/195 
f 786/53/449 783/54/448 784/54/196 787/53/197 
f 715/54/196 716/53/197 788/53/197 785/54/196 
f 718/51/419 786/53/449 787/53/197 719/51/319 
f 716/53/197 694/51/319 722/51/319 788/53/197 
f 541/51/450 452/5/285 451/4/283 543/52/451 
f 539/53/452 453/6/287 452/5/285 541/51/450 
f 537/54/453 454/7/289 453/6/287 539/53/452 
f 535/55/454 455/8/291 454/7/289 537/54/453 
f 533/56/455 456/9/293 455/8/291 535/55/454 
f 529/57/456 433/16/248 456/9/293 533/56/455 
f 532/58/457 434/17/249 433/16/248 529/57/456 
f 569/60/458 435/15/251 434/17/249 532/58/457 
f 572/61/459 436/14/253 435/15/251 569/60/458 
f 789/62/460 437/13/255 436/14/253 572/61/459 
f 790/63/461 438/12/257 437/13/255 789/62/460 
f 567/64/462 439/11/259 438/12/257 790/63/461 
f 565/65/463 440/10/261 439/11/259 567/64/462 
f 563/66/464 441/9/263 440/10/261 565/65/463 
f 561/67/465 442/7/265 441/9/263 563/66/464 
f 559/68/466 443/8/267 442/7/265 561/67/465 
f 557/69/467 444/6/269 443/8/267 559/68/466 
f 555/72/468 445/5/271 444/6/269 557/69/467 
f 553/70/469 446/4/273 445/5/271 555/72/468 
f 551/71/470 447/3/275 446/4/273 553/70/469 
f 549/73/471 448/1/277 447/3/275 551/71/470 
f 547/74/472 449/2/279 448/1/277 549/73/471 
f 545/75/473 450/3/281 449/2/279 547/74/472 
f 543/52/451 451/4/283 450/3/281 545/75/473 
f 572/61/2 571/74/2 791/75/2 789/62/2 
f 789/62/2 791/75/2 792/51/2 790/63/2 
f 790/63/2 792/51/2 568/52/2 567/64/2 
f 531/52/474 530/51/475 793/51/476 794/52/477 
f 534/53/478 536/54/479 795/54/480 796/53/481 
f 538/55/482 540/56/483 797/56/484 798/55/485 
f 542/57/486 544/58/487 799/58/488 800/57/489 
f 546/59/490 548/60/491 801/60/492 802/59/493 
f 550/61/494 552/62/495 803/62/496 804/61/497 
f 554/63/498 556/64/499 805/64/500 806/63/501 
f 558/65/502 560/66/503 807/66/504 808/65/505 
f 562/67/506 564/68/507 809/68/508 810/67/509 
f 566/69/510 568/70/511 811/70/512 812/69/513 
f 792/71/514 791/73/515 813/73/516 814/71/517 
f 571/74/518 570/75/519 815/75/520 816/74/521 
f 817/51/522 818/52/523 819/52/523 820/51/522 
f 818/52/523 821/75/524 822/75/524 819/52/523 
f 821/75/524 823/74/525 824/74/525 822/75/524 
f 823/74/525 825/73/526 826/73/526 824/74/525 
f 825/73/526 827/71/527 828/71/527 826/73/526 
f 827/71/527 829/72/528 830/72/529 828/71/527 
f 829/70/528 831/69/530 832/69/530 830/70/529 
f 831/69/530 833/68/531 834/68/531 832/69/530 
f 833/68/531 835/67/532 836/67/532 834/68/531 
f 835/67/532 837/66/533 838/66/533 836/67/532 
f 837/66/533 839/65/534 840/65/534 838/66/533 
f 839/65/534 841/64/535 842/64/535 840/65/534 
f 841/64/535 843/63/536 844/63/536 842/64/535 
f 843/63/536 845/62/537 846/62/537 844/63/536 
f 845/62/537 847/61/538 848/61/538 846/62/537 
f 847/61/538 849/60/539 850/60/539 848/61/538 
f 849/60/539 851/59/540 852/59/540 850/60/539 
f 851/59/540 853/58/541 854/58/541 852/59/540 
f 853/58/541 855/57/542 856/57/542 854/58/541 
f 855/57/542 857/56/543 858/56/543 856/57/542 
f 857/56/543 859/55/544 860/55/544 858/56/543 
f 859/55/544 861/54/545 862/54/545 860/55/544 
f 861/54/545 863/53/546 864/53/546 862/54/545 
f 863/53/546 817/51/522 820/51/522 864/53/546 
f 794/52/547 793/51/548 718/51/549 717/52/550 
f 796/53/548 795/54/551 783/54/552 786/53/549 
f 798/55/551 797/56/553 777/56/554 780/55/552 
f 800/57/553 799/58/555 771/58/556 774/57/554 
f 802/59/555 801/60/557 765/60/558 768/59/556 
f 804/61/557 803/62/559 759/62/560 762/61/558 
f 806/63/559 805/64/561 753/64/562 756/63/560 
f 808/65/561 807/66/563 747/66/564 750/65/562 
f 810/67/563 809/68/565 741/68/566 744/67/564 
f 812/69/565 811/70/567 735/70/568 738/69/566 
f 814/71/567 813/73/569 729/73/570 732/71/568 
f 816/74/569 815/75/547 723/75/550 726/74/570 
f 820/51/571 819/52/571 720/52/571 719/51/571 
f 819/52/572 822/75/572 724/75/572 720/52/572 
f 822/75/572 824/74/572 727/74/572 724/75/572 
f 824/74/572 826/73/572 730/73/572 727/74/572 
f 826/73/572 828/71/572 733/71/572 730/73/572 
f 828/71/571 830/72/571 736/72/571 733/71/571 
f 830/70/572 832/69/572 739/69/572 736/70/572 
f 832/69/572 834/68/572 742/68/572 739/69/572 
f 834/68/572 836/67/572 745/67/572 742/68/572 
f 836/67/572 838/66/572 748/66/572 745/67/572 
f 838/66/573 840/65/573 751/65/573 748/66/573 
f 840/65/572 842/64/572 754/64/572 751/65/572 
f 842/64/574 844/63/574 757/63/574 754/64/574 
f 844/63/571 846/62/571 760/62/571 757/63/571 
f 846/62/572 848/61/572 763/61/572 760/62/572 
f 848/61/572 850/60/572 766/60/572 763/61/572 
f 850/60/574 852/59/574 769/59/574 766/60/574 
f 852/59/572 854/58/572 772/58/572 769/59/572 
f 854/58/571 856/57/571 775/57/571 772/58/571 
f 856/57/571 858/56/571 778/56/571 775/57/571 
f 858/56/572 860/55/572 781/55/572 778/56/572 
f 860/55/574 862/54/574 784/54/574 781/55/574 
f 862/54/574 864/53/574 787/53/574 784/54/574 
f 864/53/573 820/51/573 719/51/573 787/53/573 
f 364/24/201 363/25/200 865/25/575 866/24/576 
f 363/25/200 362/1/199 867/1/577 865/25/575 
f 362/1/199 361/2/198 868/2/578 867/1/577 
f 361/2/198 384/3/221 869/3/579 868/2/578 
f 384/3/221 383/4/220 870/4/580 869/3/579 
f 383/4/220 382/5/219 871/5/581 870/4/580 
f 382/5/219 381/6/218 872/6/582 871/5/581 
f 381/6/218 380/8/217 873/8/583 872/6/582 
f 380/8/217 379/9/216 874/9/584 873/8/583 
f 379/9/216 378/10/215 875/10/585 874/9/584 
f 378/10/215 377/11/214 876/11/586 875/10/585 
f 377/11/214 376/12/213 877/12/587 876/11/586 
f 376/12/213 375/13/212 878/13/588 877/12/587 
f 375/13/212 374/14/211 879/14/589 878/13/588 
f 374/14/211 373/15/210 880/15/590 879/14/589 
f 373/15/210 372/16/209 881/16/591 880/15/590 
f 372/16/209 371/17/208 882/17/592 881/16/591 
f 371/17/208 370/18/207 883/18/593 882/17/592 
f 370/18/207 369/19/206 884/19/594 883/18/593 
f 369/19/206 368/20/205 885/20/595 884/19/594 
f 368/20/205 367/21/204 886/21/596 885/20/595 
f 367/21/204 366/22/203 887/22/597 886/21/596 
f 366/22/203 365/23/202 888/23/598 887/22/597 
f 365/23/202 364/24/201 866/24/576 888/23/598 
f 866/24/2 865/25/2 889/25/2 890/24/2 
f 865/25/2 867/1/2 891/1/2 889/25/2 
f 867/1/2 868/2/2 892/2/2 891/1/2 
f 868/2/2 869/3/2 893/3/2 892/2/2 
f 869/3/2 870/4/2 894/4/2 893/3/2 
f 870/4/2 871/5/2 895/5/2 894/4/2 
f 871/5/2 872/6/2 896/6/2 895/5/2 
f 872/6/2 873/8/2 897/8/2 896/6/2 
f 873/8/2 874/9/2 898/9/2 897/8/2 
f 874/9/2 875/10/2 899/10/2 898/9/2 
f 875/10/2 876/11/2 900/11/2 899/10/2 
f 876/11/2 877/12/2 901/12/2 900/11/2 
f 877/12/2 878/13/2 902/13/2 901/12/2 
f 878/13/2 879/14/2 903/14/2 902/13/2 
f 879/14/2 880/15/2 904/15/2 903/14/2 
f 880/15/2 881/16/2 905/16/2 904/15/2 
f 881/16/2 882/17/2 906/17/2 905/16/2 
f 882/17/2 883/18/2 907/18/2 906/17/2 
f 883/18/2 884/19/2 908/19/2 907/18/2 
f 884/19/2 885/20/2 909/20/2 908/19/2 
f 885/20/2 886/21/2 910/21/2 909/20/2 
f 886/21/2 887/22/2 911/22/2 910/21/2 
f 887/22/2 888/23/2 912/23/2 911/22/2 
f 888/23/2 866/24/2 890/24/2 912/23/2 
f 890/24/599 889/25/600 337/25/600 340/24/599 
f 889/25/600 891/1/601 341/1/601 337/25/600 
f 891/1/601 892/2/602 343/2/602 341/1/601 
f 892/2/602 893/3/603 345/3/603 343/2/602 
f 893/3/603 894/4/604 347/4/604 345/3/603 
f 894/4/604 895/5/605 349/5/605 347/4/604 
f 895/5/605 896/6/606 351/6/606 349/5/605 
f 896/6/606 897/8/607 353/8/607 351/6/606 
f 897/8/607 898/9/608 355/9/608 353/8/607 
f 898/9/608 899/10/609 357/10/609 355/9/608 
f 899/10/609 900/11/610 359/11/610 357/10/609 
f 900/11/610 901/12/611 360/12/611 359/11/610 
f 901/12/611 902/13/612 358/13/612 360/12/611 
f 902/13/612 903/14/613 356/14/613 358/13/612 
f 903/14/613 904/15/614 354/15/614 356/14/613 
f 904/15/614 905/16/615 352/16/615 354/15/614 
f 905/16/615 906/17/616 350/17/616 352/16/615 
f 906/17/616 907/18/617 348/18/617 350/17/616 
f 907/18/617 908/19/618 346/19/618 348/18/617 
f 908/19/618 909/20/619 344/20/619 346/19/618 
f 909/20/619 910/21/620 342/21/620 344/20/619 
f 910/21/620 911/22/621 338/22/621 342/21/620 
f 911/22/621 912/23/622 339/23/622 338/22/621 
f 912/23/622 890/24/599 340/24/599 339/23/622 
f 530/51/475 534/53/478 796/53/481 793/51/476 
f 536/54/479 538/55/482 798/55/485 795/54/480 
f 540/56/483 542/57/486 800/57/489 797/56/484 
f 544/58/487 546/59/490 802/59/493 799/58/488 
f 548/60/491 550/61/494 804/61/497 801/60/492 
f 552/62/495 554/63/498 806/63/501 803/62/496 
f 556/64/499 558/65/502 808/65/505 805/64/500 
f 560/66/503 562/67/506 810/67/509 807/66/504 
f 564/68/507 566/69/510 812/69/513 809/68/508 
f 568/72/511 792/71/514 814/71/517 811/72/512 
f 791/73/515 571/74/518 816/74/521 813/73/516 
f 570/75/519 531/52/474 794/52/477 815/75/520 
f 793/51/548 796/53/548 786/53/549 718/51/549 
f 795/54/551 798/55/551 780/55/552 783/54/552 
f 797/56/553 800/57/553 774/57/554 777/56/554 
f 799/58/555 802/59/555 768/59/556 771/58/556 
f 801/60/557 804/61/557 762/61/558 765/60/558 
f 803/62/559 806/63/559 756/63/560 759/62/560 
f 805/64/561 808/65/561 750/65/562 753/64/562 
f 807/66/563 810/67/563 744/67/564 747/66/564 
f 809/68/565 812/69/565 738/69/566 741/68/566 
f 811/72/567 814/71/567 732/71/568 735/72/568 
f 813/73/569 816/74/569 726/74/570 729/73/570 
f 815/75/547 794/52/547 717/52/550 723/75/550 
f 913/51/623 914/51/623 915/52/624 916/52/624 
f 917/53/625 918/53/625 919/51/626 920/51/626 
f 921/54/627 922/54/627 923/53/628 924/53/628 
f 925/55/629 926/55/629 927/54/630 928/54/630 
f 929/56/631 930/56/631 931/55/632 932/55/632 
f 933/57/633 934/57/633 935/56/634 936/56/634 
f 937/58/635 938/58/635 939/57/636 940/57/636 
f 941/59/637 942/59/637 943/58/638 944/58/638 
f 945/60/639 946/60/639 947/59/640 948/59/640 
f 949/61/641 950/61/641 951/60/642 952/60/642 
f 953/62/643 954/62/643 955/61/644 956/61/644 
f 957/63/645 958/63/645 959/62/646 960/62/646 
f 961/64/647 962/64/647 963/63/648 964/63/648 
f 965/65/649 966/65/649 967/64/650 968/64/650 
f 969/66/651 970/66/651 971/65/652 972/65/652 
f 973/67/653 974/67/653 975/66/654 976/66/654 
f 977/68/655 978/68/655 979/67/656 980/67/656 
f 981/69/657 982/69/657 983/68/658 984/68/658 
f 985/70/659 986/70/659 987/69/660 988/69/660 
f 989/71/661 990/71/661 991/72/662 992/72/662 
f 993/73/663 994/73/663 995/71/664 996/71/664 
f 997/74/665 998/74/665 999/73/666 1000/73/666 
f 1001/75/667 1002/75/667 1003/74/668 1004/74/668 
f 1005/52/669 1006/52/669 1007/75/670 1008/75/670 
f 1009/51/319 1010/52/175 1011/52/175 1012/51/319 
f 818/52/175 817/51/319 1013/51/319 1014/52/175 
f 1015/53/197 1009/51/319 1012/51/319 1016/53/197 
f 817/51/319 863/53/197 1017/53/197 1013/51/319 
f 1018/54/196 1015/53/197 1016/53/197 1019/54/196 
f 863/53/197 861/54/196 1020/54/196 1017/53/197 
f 1021/55/195 1018/54/196 1019/54/196 1022/55/195 
f 861/54/196 859/55/195 1023/55/195 1020/54/196 
f 1024/56/671 1021/55/195 1022/55/195 1025/56/671 
f 859/55/195 857/56/194 1026/56/194 1023/55/195 
f 1027/57/445 1024/56/671 1025/56/671 1028/57/445 
f 857/56/194 855/57/193 1029/57/193 1026/56/194 
f 1030/58/443 1027/57/445 1028/57/445 1031/58/443 
f 855/57/193 853/58/192 1032/58/192 1029/57/193 
f 1033/59/191 1030/58/443 1031/58/443 1034/59/191 
f 853/58/192 851/59/191 1035/59/191 1032/58/192 
f 1036/60/190 1033/59/191 1034/59/191 1037/60/190 
f 851/59/191 849/60/190 1038/60/190 1035/59/191 
f 1039/61/189 1036/60/190 1037/60/190 1040/61/189 
f 849/60/190 847/61/189 1041/61/189 1038/60/190 
f 1042/62/188 1039/61/189 1040/61/189 1043/62/188 
f 847/61/189 845/62/188 1044/62/188 1041/61/189 
f 1045/63/435 1042/62/188 1043/62/188 1046/63/435 
f 845/62/188 843/63/187 1047/63/187 1044/62/188 
f 1048/64/672 1045/63/435 1046/63/435 1049/64/186 
f 843/63/187 841/64/186 1050/64/186 1047/63/187 
f 1051/65/185 1048/64/672 1049/64/186 1052/65/185 
f 841/64/186 839/65/185 1053/65/185 1050/64/186 
f 1054/66/184 1051/65/185 1052/65/185 1055/66/184 
f 839/65/185 837/66/184 1056/66/184 1053/65/185 
f 1057/67/183 1054/66/184 1055/66/184 1058/67/183 
f 837/66/184 835/67/183 1059/67/183 1056/66/184 
f 1060/68/182 1057/67/183 1058/67/183 1061/68/182 
f 835/67/183 833/68/182 1062/68/182 1059/67/183 
f 1063/69/673 1060/68/182 1061/68/182 1064/69/673 
f 833/68/182 831/69/181 1065/69/181 1062/68/182 
f 1066/70/674 1063/69/673 1064/69/673 1067/70/675 
f 831/69/181 829/70/180 1068/70/180 1065/69/181 
f 1069/71/676 1066/72/674 1067/72/675 1070/71/676 
f 829/72/180 827/71/179 1071/71/179 1068/72/180 
f 1072/73/677 1069/71/676 1070/71/676 1073/73/677 
f 827/71/179 825/73/178 1074/73/178 1071/71/179 
f 1075/74/678 1072/73/677 1073/73/677 1076/74/678 
f 825/73/178 823/74/177 1077/74/177 1074/73/178 
f 1078/75/679 1075/74/678 1076/74/678 1079/75/679 
f 823/74/177 821/75/176 1080/75/176 1077/74/177 
f 1010/52/175 1078/75/679 1079/75/679 1011/52/175 
f 821/75/176 818/52/175 1014/52/175 1080/75/176 
f 722/51/680 721/52/681 1010/52/680 1009/51/680 
f 721/52/682 725/75/682 1078/75/682 1010/52/682 
f 725/75/683 728/74/683 1075/74/683 1078/75/683 
f 728/74/684 731/73/684 1072/73/684 1075/74/684 
f 731/73/685 734/71/685 1069/71/685 1072/73/685 
f 734/71/686 737/72/686 1066/72/686 1069/71/686 
f 737/70/687 740/69/687 1063/69/687 1066/70/687 
f 740/69/688 743/68/688 1060/68/688 1063/69/688 
f 743/68/689 746/67/689 1057/67/689 1060/68/689 
f 746/67/690 749/66/690 1054/66/690 1057/67/690 
f 749/66/691 752/65/691 1051/65/691 1054/66/691 
f 752/65/692 755/64/692 1048/64/692 1051/65/692 
f 755/64/693 758/63/693 1045/63/693 1048/64/693 
f 758/63/694 761/62/694 1042/62/694 1045/63/694 
f 761/62/695 764/61/695 1039/61/695 1042/62/695 
f 764/61/696 767/60/696 1036/60/696 1039/61/696 
f 767/60/697 770/59/697 1033/59/697 1036/60/697 
f 770/59/698 773/58/698 1030/58/698 1033/59/698 
f 773/58/699 776/57/699 1027/57/699 1030/58/699 
f 776/57/700 779/56/700 1024/56/700 1027/57/700 
f 779/56/701 782/55/701 1021/55/701 1024/56/701 
f 782/55/702 785/54/702 1018/54/702 1021/55/702 
f 785/54/703 788/53/703 1015/53/703 1018/54/703 
f 788/53/704 722/51/704 1009/51/704 1015/53/704 
f 1081/52/705 1082/51/705 1012/51/705 1011/52/705 
f 1082/51/706 1083/53/706 1016/53/706 1012/51/706 
f 1083/53/707 1084/54/707 1019/54/707 1016/53/707 
f 1084/54/708 1085/55/708 1022/55/708 1019/54/708 
f 1085/55/709 1086/56/709 1025/56/709 1022/55/709 
f 1086/56/710 1087/57/710 1028/57/710 1025/56/710 
f 1087/57/711 1088/58/711 1031/58/711 1028/57/711 
f 1088/58/712 1089/59/712 1034/59/712 1031/58/712 
f 1089/59/713 1090/60/713 1037/60/713 1034/59/713 
f 1090/60/714 1091/61/714 1040/61/714 1037/60/714 
f 1091/61/715 1092/62/715 1043/62/715 1040/61/715 
f 1092/62/716 1093/63/716 1046/63/716 1043/62/716 
f 1093/63/717 1094/64/717 1049/64/717 1046/63/717 
f 1094/64/718 1095/65/718 1052/65/718 1049/64/718 
f 1095/65/719 1096/66/719 1055/66/719 1052/65/719 
f 1096/66/720 1097/67/720 1058/67/720 1055/66/720 
f 1097/67/721 1098/68/721 1061/68/721 1058/67/721 
f 1098/68/722 1099/69/722 1064/69/722 1061/68/722 
f 1099/69/723 1100/70/723 1067/70/723 1064/69/723 
f 1100/72/724 1101/71/724 1070/71/724 1067/72/724 
f 1101/71/725 1102/73/725 1073/73/725 1070/71/725 
f 1102/73/726 1103/74/726 1076/74/726 1073/73/726 
f 1103/74/727 1104/75/727 1079/75/727 1076/74/727 
f 1104/75/728 1081/52/728 1011/52/728 1079/75/728 
f 1013/51/319 1082/51/319 1105/51/729 1106/51/729 
f 1082/51/730 1081/52/730 1107/52/730 1105/51/730 
f 1081/52/175 1014/52/175 1108/52/731 1107/52/731 
f 1014/52/732 1013/51/732 1106/51/732 1108/52/732 
f 1017/53/197 1083/53/197 1109/53/733 1110/53/733 
f 1083/53/734 1082/51/734 1111/51/734 1109/53/734 
f 1082/51/319 1013/51/319 1112/51/735 1111/51/735 
f 1013/51/736 1017/53/736 1110/53/736 1112/51/736 
f 1020/54/196 1084/54/196 1113/54/737 1114/54/737 
f 1084/54/738 1083/53/738 1115/53/738 1113/54/738 
f 1083/53/197 1017/53/197 1116/53/739 1115/53/739 
f 1017/53/740 1020/54/740 1114/54/740 1116/53/740 
f 1023/55/195 1085/55/195 1117/55/741 1118/55/741 
f 1085/55/742 1084/54/742 1119/54/742 1117/55/742 
f 1084/54/196 1020/54/196 1120/54/743 1119/54/743 
f 1020/54/742 1023/55/742 1118/55/742 1120/54/742 
f 1026/56/194 1086/56/194 1121/56/744 1122/56/744 
f 1086/56/745 1085/55/745 1123/55/745 1121/56/745 
f 1085/55/195 1023/55/195 1124/55/746 1123/55/746 
f 1023/55/745 1026/56/745 1122/56/745 1124/55/745 
f 1029/57/193 1087/57/193 1125/57/747 1126/57/747 
f 1087/57/748 1086/56/748 1127/56/748 1125/57/748 
f 1086/56/194 1026/56/194 1128/56/749 1127/56/749 
f 1026/56/750 1029/57/750 1126/57/750 1128/56/750 
f 1032/58/192 1088/58/192 1129/58/751 1130/58/751 
f 1088/58/752 1087/57/752 1131/57/752 1129/58/752 
f 1087/57/193 1029/57/193 1132/57/753 1131/57/753 
f 1029/57/754 1032/58/754 1130/58/754 1132/57/754 
f 1035/59/191 1089/59/191 1133/59/755 1134/59/755 
f 1089/59/756 1088/58/756 1135/58/756 1133/59/756 
f 1088/58/192 1032/58/192 1136/58/757 1135/58/757 
f 1032/58/758 1035/59/758 1134/59/758 1136/58/758 
f 1038/60/190 1090/60/190 1137/60/759 1138/60/759 
f 1090/60/760 1089/59/760 1139/59/760 1137/60/760 
f 1089/59/191 1035/59/191 1140/59/761 1139/59/761 
f 1035/59/760 1038/60/760 1138/60/760 1140/59/760 
f 1041/61/189 1091/61/189 1141/61/762 1142/61/762 
f 1091/61/763 1090/60/763 1143/60/763 1141/61/763 
f 1090/60/190 1038/60/190 1144/60/764 1143/60/764 
f 1038/60/763 1041/61/763 1142/61/763 1144/60/763 
f 1044/62/188 1092/62/188 1145/62/765 1146/62/765 
f 1092/62/766 1091/61/766 1147/61/766 1145/62/766 
f 1091/61/189 1041/61/189 1148/61/767 1147/61/767 
f 1041/61/768 1044/62/768 1146/62/768 1148/61/768 
f 1047/63/187 1093/63/187 1149/63/769 1150/63/769 
f 1093/63/770 1092/62/770 1151/62/770 1149/63/770 
f 1092/62/188 1044/62/188 1152/62/771 1151/62/771 
f 1044/62/772 1047/63/772 1150/63/772 1152/62/772 
f 1050/64/186 1094/64/186 1153/64/773 1154/64/773 
f 1094/64/774 1093/63/774 1155/63/774 1153/64/774 
f 1093/63/187 1047/63/187 1156/63/775 1155/63/775 
f 1047/63/776 1050/64/776 1154/64/776 1156/63/776 
f 1053/65/185 1095/65/185 1157/65/777 1158/65/777 
f 1095/65/778 1094/64/778 1159/64/778 1157/65/778 
f 1094/64/186 1050/64/186 1160/64/779 1159/64/779 
f 1050/64/780 1053/65/780 1158/65/780 1160/64/780 
f 1056/66/184 1096/66/184 1161/66/781 1162/66/781 
f 1096/66/782 1095/65/782 1163/65/782 1161/66/782 
f 1095/65/185 1053/65/185 1164/65/783 1163/65/783 
f 1053/65/784 1056/66/784 1162/66/784 1164/65/784 
f 1059/67/183 1097/67/183 1165/67/785 1166/67/785 
f 1097/67/786 1096/66/786 1167/66/786 1165/67/786 
f 1096/66/184 1056/66/184 1168/66/787 1167/66/787 
f 1056/66/788 1059/67/788 1166/67/788 1168/66/788 
f 1062/68/182 1098/68/182 1169/68/789 1170/68/789 
f 1098/68/790 1097/67/790 1171/67/790 1169/68/790 
f 1097/67/183 1059/67/183 1172/67/791 1171/67/791 
f 1059/67/792 1062/68/792 1170/68/792 1172/67/792 
f 1065/69/181 1099/69/181 1173/69/793 1174/69/793 
f 1099/69/794 1098/68/794 1175/68/794 1173/69/794 
f 1098/68/182 1062/68/182 1176/68/795 1175/68/795 
f 1062/68/794 1065/69/794 1174/69/794 1176/68/794 
f 1068/70/180 1100/70/180 1177/70/796 1178/70/796 
f 1100/70/797 1099/69/797 1179/69/797 1177/70/797 
f 1099/69/181 1065/69/181 1180/69/798 1179/69/798 
f 1065/69/799 1068/70/799 1178/70/799 1180/69/799 
f 1071/71/179 1101/71/179 1181/71/800 1182/71/800 
f 1101/71/801 1100/72/801 1183/72/801 1181/71/801 
f 1100/72/180 1068/72/180 1184/72/802 1183/72/802 
f 1068/72/803 1071/71/803 1182/71/803 1184/72/803 
f 1074/73/178 1102/73/178 1185/73/804 1186/73/804 
f 1102/73/805 1101/71/805 1187/71/805 1185/73/805 
f 1101/71/179 1071/71/179 1188/71/806 1187/71/806 
f 1071/71/805 1074/73/805 1186/73/805 1188/71/805 
f 1077/74/177 1103/74/177 1189/74/807 1190/74/807 
f 1103/74/808 1102/73/808 1191/73/808 1189/74/808 
f 1102/73/178 1074/73/178 1192/73/809 1191/73/809 
f 1074/73/810 1077/74/810 1190/74/810 1192/73/810 
f 1080/75/176 1104/75/176 1193/75/811 1194/75/811 
f 1104/75/812 1103/74/812 1195/74/812 1193/75/812 
f 1103/74/177 1077/74/177 1196/74/813 1195/74/813 
f 1077/74/814 1080/75/814 1194/75/814 1196/74/814 
f 1014/52/175 1081/52/175 1197/52/815 1198/52/815 
f 1081/52/816 1104/75/816 1199/75/816 1197/52/816 
f 1104/75/176 1080/75/176 1200/75/817 1199/75/817 
f 1080/75/816 1014/52/816 1198/52/816 1200/75/816 
f 1106/51/729 1105/51/729 914/51/623 913/51/623 
f 1105/51/818 1107/52/818 915/52/818 914/51/818 
f 1107/52/731 1108/52/731 916/52/624 915/52/624 
f 1108/52/819 1106/51/819 913/51/819 916/52/819 
f 1110/53/733 1109/53/733 918/53/625 917/53/625 
f 1109/53/820 1111/51/820 919/51/820 918/53/820 
f 1111/51/735 1112/51/735 920/51/626 919/51/626 
f 1112/51/821 1110/53/821 917/53/821 920/51/821 
f 1114/54/737 1113/54/737 922/54/627 921/54/627 
f 1113/54/822 1115/53/822 923/53/822 922/54/822 
f 1115/53/739 1116/53/739 924/53/628 923/53/628 
f 1116/53/823 1114/54/823 921/54/823 924/53/823 
f 1118/55/741 1117/55/741 926/55/629 925/55/629 
f 1117/55/824 1119/54/824 927/54/824 926/55/824 
f 1119/54/743 1120/54/743 928/54/630 927/54/630 
f 1120/54/825 1118/55/825 925/55/825 928/54/825 
f 1122/56/744 1121/56/744 930/56/631 929/56/631 
f 1121/56/826 1123/55/826 931/55/826 930/56/826 
f 1123/55/746 1124/55/746 932/55/632 931/55/632 
f 1124/55/827 1122/56/827 929/56/827 932/55/827 
f 1126/57/747 1125/57/747 934/57/633 933/57/633 
f 1125/57/828 1127/56/828 935/56/828 934/57/828 
f 1127/56/749 1128/56/749 936/56/634 935/56/634 
f 1128/56/829 1126/57/829 933/57/829 936/56/829 
f 1130/58/751 1129/58/751 938/58/635 937/58/635 
f 1129/58/830 1131/57/830 939/57/830 938/58/830 
f 1131/57/753 1132/57/753 940/57/636 939/57/636 
f 1132/57/831 1130/58/831 937/58/831 940/57/831 
f 1134/59/755 1133/59/755 942/59/637 941/59/637 
f 1133/59/832 1135/58/832 943/58/832 942/59/832 
f 1135/58/757 1136/58/757 944/58/638 943/58/638 
f 1136/58/833 1134/59/833 941/59/833 944/58/833 
f 1138/60/759 1137/60/759 946/60/639 945/60/639 
f 1137/60/834 1139/59/834 947/59/834 946/60/834 
f 1139/59/761 1140/59/761 948/59/640 947/59/640 
f 1140/59/835 1138/60/835 945/60/835 948/59/835 
f 1142/61/762 1141/61/762 950/61/641 949/61/641 
f 1141/61/836 1143/60/836 951/60/836 950/61/836 
f 1143/60/764 1144/60/764 952/60/642 951/60/642 
f 1144/60/837 1142/61/837 949/61/837 952/60/837 
f 1146/62/765 1145/62/765 954/62/643 953/62/643 
f 1145/62/838 1147/61/838 955/61/838 954/62/838 
f 1147/61/767 1148/61/767 956/61/644 955/61/644 
f 1148/61/839 1146/62/839 953/62/839 956/61/839 
f 1150/63/769 1149/63/769 958/63/645 957/63/645 
f 1149/63/840 1151/62/840 959/62/840 958/63/840 
f 1151/62/771 1152/62/771 960/62/646 959/62/646 
f 1152/62/841 1150/63/841 957/63/841 960/62/841 
f 1154/64/773 1153/64/773 962/64/647 961/64/647 
f 1153/64/842 1155/63/842 963/63/842 962/64/842 
f 1155/63/775 1156/63/775 964/63/648 963/63/648 
f 1156/63/843 1154/64/843 961/64/843 964/63/843 
f 1158/65/777 1157/65/777 966/65/649 965/65/649 
f 1157/65/844 1159/64/844 967/64/844 966/65/844 
f 1159/64/779 1160/64/779 968/64/650 967/64/650 
f 1160/64/845 1158/65/845 965/65/845 968/64/845 
f 1162/66/781 1161/66/781 970/66/651 969/66/651 
f 1161/66/846 1163/65/846 971/65/846 970/66/846 
f 1163/65/783 1164/65/783 972/65/652 971/65/652 
f 1164/65/847 1162/66/847 969/66/847 972/65/847 
f 1166/67/785 1165/67/785 974/67/653 973/67/653 
f 1165/67/848 1167/66/848 975/66/848 974/67/848 
f 1167/66/787 1168/66/787 976/66/654 975/66/654 
f 1168/66/849 1166/67/849 973/67/849 976/66/849 
f 1170/68/789 1169/68/789 978/68/655 977/68/655 
f 1169/68/850 1171/67/850 979/67/850 978/68/850 
f 1171/67/791 1172/67/791 980/67/656 979/67/656 
f 1172/67/851 1170/68/851 977/68/851 980/67/851 
f 1174/69/793 1173/69/793 982/69/657 981/69/657 
f 1173/69/852 1175/68/852 983/68/852 982/69/852 
f 1175/68/795 1176/68/795 984/68/658 983/68/658 
f 1176/68/853 1174/69/853 981/69/853 984/68/853 
f 1178/70/796 1177/70/796 986/70/659 985/70/659 
f 1177/70/854 1179/69/854 987/69/854 986/70/854 
f 1179/69/798 1180/69/798 988/69/660 987/69/660 
f 1180/69/855 1178/70/855 985/70/855 988/69/855 
f 1182/71/800 1181/71/800 990/71/661 989/71/661 
f 1181/71/856 1183/72/856 991/72/856 990/71/856 
f 1183/72/802 1184/72/802 992/72/662 991/72/662 
f 1184/72/857 1182/71/857 989/71/857 992/72/857 
f 1186/73/804 1185/73/804 994/73/663 993/73/663 
f 1185/73/858 1187/71/858 995/71/858 994/73/858 
f 1187/71/806 1188/71/806 996/71/664 995/71/664 
f 1188/71/859 1186/73/859 993/73/859 996/71/859 
f 1190/74/807 1189/74/807 998/74/665 997/74/665 
f 1189/74/860 1191/73/860 999/73/860 998/74/860 
f 1191/73/809 1192/73/809 1000/73/666 999/73/666 
f 1192/73/861 1190/74/861 997/74/861 1000/73/861 
f 1194/75/811 1193/75/811 1002/75/667 1001/75/667 
f 1193/75/862 1195/74/862 1003/74/862 1002/75/862 
f 1195/74/813 1196/74/813 1004/74/668 1003/74/668 
f 1196/74/863 1194/75/863 1001/75/863 1004/74/863 
f 1198/52/815 1197/52/815 1006/52/669 1005/52/669 
f 1197/52/864 1199/75/864 1007/75/864 1006/52/864 
f 1199/75/817 1200/75/817 1008/75/670 1007/75/670 
f 1200/75/865 1198/52/865 1005/52/865 1008/75/865 
f 622/51/174 621/52/866 1201/52/866 1202/51/319 
f 646/52/866 645/51/319 1203/51/174 1204/52/866 
f 623/53/197 622/51/174 1202/51/319 1205/53/197 
f 645/51/319 649/53/197 1206/53/197 1203/51/174 
f 624/54/320 623/53/197 1205/53/197 1207/54/320 
f 649/53/197 651/54/320 1208/54/320 1206/53/197 
f 625/55/867 624/54/320 1207/54/320 1209/55/867 
f 651/54/320 653/55/867 1210/55/195 1208/54/320 
f 626/56/194 625/55/867 1209/55/867 1211/56/194 
f 653/55/867 655/56/194 1212/56/194 1210/55/195 
f 627/57/193 626/56/194 1211/56/194 1213/57/193 
f 655/56/194 657/57/193 1214/57/193 1212/56/194 
f 628/58/192 627/57/193 1213/57/193 1215/58/192 
f 657/57/193 659/58/192 1216/58/192 1214/57/193 
f 629/59/191 628/58/192 1215/58/192 1217/59/191 
f 659/58/192 661/59/191 1218/59/191 1216/58/192 
f 630/60/190 629/59/191 1217/59/191 1219/60/190 
f 661/59/191 663/60/190 1220/60/190 1218/59/191 
f 631/61/189 630/60/190 1219/60/190 1221/61/189 
f 663/60/190 665/61/189 1222/61/189 1220/60/190 
f 632/62/188 631/61/189 1221/61/189 1223/62/188 
f 665/61/189 667/62/188 1224/62/188 1222/61/189 
f 633/63/187 632/62/188 1223/62/188 1225/63/187 
f 667/62/188 669/63/187 1226/63/187 1224/62/188 
f 634/64/186 633/63/187 1225/63/187 1227/64/186 
f 669/63/187 671/64/186 1228/64/186 1226/63/187 
f 635/65/185 634/64/186 1227/64/186 1229/65/185 
f 671/64/186 673/65/185 1230/65/185 1228/64/186 
f 636/66/184 635/65/185 1229/65/185 1231/66/184 
f 673/65/185 675/66/184 1232/66/184 1230/65/185 
f 637/67/183 636/66/184 1231/66/184 1233/67/183 
f 675/66/184 677/67/183 1234/67/183 1232/66/184 
f 638/68/182 637/67/183 1233/67/183 1235/68/182 
f 677/67/183 679/68/182 1236/68/182 1234/67/183 
f 639/69/181 638/68/182 1235/68/182 1237/69/181 
f 679/68/182 681/69/181 1238/69/181 1236/68/182 
f 640/70/180 639/69/181 1237/69/181 1239/70/180 
f 681/69/181 683/70/180 1240/70/180 1238/69/181 
f 641/71/179 640/72/180 1239/72/180 1241/71/179 
f 683/72/180 685/71/179 1242/71/179 1240/72/180 
f 642/73/178 641/71/179 1241/71/179 1243/73/178 
f 685/71/179 687/73/178 1244/73/178 1242/71/179 
f 643/74/177 642/73/178 1243/73/178 1245/74/177 
f 687/73/178 689/74/177 1246/74/177 1244/73/178 
f 644/75/176 643/74/177 1245/74/177 1247/75/176 
f 689/74/177 691/75/176 1248/75/176 1246/74/177 
f 621/52/866 644/75/176 1247/75/176 1201/52/866 
f 691/75/176 646/52/866 1204/52/866 1248/75/176 
f 1202/51/868 1201/52/869 483/52/869 482/51/870 
f 1201/52/869 1247/75/871 528/75/871 483/52/869 
f 1247/75/871 1245/74/872 526/74/872 528/75/871 
f 1245/74/872 1243/73/873 524/73/873 526/74/872 
f 1243/73/873 1241/71/874 522/71/874 524/73/873 
f 1241/71/874 1239/72/875 520/72/875 522/71/874 
f 1239/70/875 1237/69/876 518/69/876 520/70/875 
f 1237/69/876 1235/68/877 516/68/877 518/69/876 
f 1235/68/877 1233/67/878 514/67/878 516/68/877 
f 1233/67/878 1231/66/879 512/66/879 514/67/878 
f 1231/66/879 1229/65/880 510/65/880 512/66/879 
f 1229/65/880 1227/64/881 508/64/881 510/65/880 
f 1227/64/881 1225/63/882 506/63/882 508/64/881 
f 1225/63/882 1223/62/883 504/62/883 506/63/882 
f 1223/62/883 1221/61/884 502/61/884 504/62/883 
f 1221/61/884 1219/60/885 500/60/885 502/61/884 
f 1219/60/885 1217/59/886 498/59/886 500/60/885 
f 1217/59/886 1215/58/887 496/58/887 498/59/886 
f 1215/58/887 1213/57/888 494/57/888 496/58/887 
f 1213/57/888 1211/56/889 492/56/889 494/57/888 
f 1211/56/889 1209/55/890 490/55/890 492/56/889 
f 1209/55/890 1207/54/891 488/54/891 490/55/890 
f 1207/54/891 1205/53/892 486/53/892 488/54/891 
f 1205/53/892 1202/51/868 482/51/870 486/53/892 
f 1204/52/893 1203/51/894 481/51/894 484/52/893 
f 1203/51/894 1206/53/895 485/53/895 481/51/894 
f 1206/53/895 1208/54/896 487/54/896 485/53/895 
f 1208/54/896 1210/55/897 489/55/897 487/54/896 
f 1210/55/897 1212/56/898 491/56/898 489/55/897 
f 1212/56/898 1214/57/899 493/57/899 491/56/898 
f 1214/57/899 1216/58/900 495/58/900 493/57/899 
f 1216/58/900 1218/59/901 497/59/901 495/58/900 
f 1218/59/901 1220/60/902 499/60/902 497/59/901 
f 1220/60/902 1222/61/903 501/61/903 499/60/902 
f 1222/61/903 1224/62/904 503/62/904 501/61/903 
f 1224/62/904 1226/63/905 505/63/905 503/62/904 
f 1226/63/905 1228/64/906 507/64/906 505/63/905 
f 1228/64/906 1230/65/907 509/65/907 507/64/906 
f 1230/65/907 1232/66/908 511/66/908 509/65/907 
f 1232/66/908 1234/67/909 513/67/909 511/66/908 
f 1234/67/909 1236/68/910 515/68/910 513/67/909 
f 1236/68/910 1238/69/911 517/69/911 515/68/910 
f 1238/69/911 1240/70/912 519/70/912 517/69/911 
f 1240/72/912 1242/71/913 521/71/913 519/72/912 
f 1242/71/913 1244/73/914 523/73/914 521/71/913 
f 1244/73/914 1246/74/915 525/74/915 523/73/914 
f 1246/74/915 1248/75/916 527/75/916 525/74/915 
f 1248/75/916 1204/52/893 484/52/893 527/75/916 
f 574/52/175 573/51/174 1249/51/174 1250/52/175 
f 619/75/176 574/52/175 1250/52/175 1251/75/176 
f 617/74/177 619/75/176 1251/75/176 1252/74/177 
f 615/73/178 617/74/177 1252/74/177 1253/73/178 
f 613/71/179 615/73/178 1253/73/178 1254/71/179 
f 611/72/180 613/71/179 1254/71/179 1255/72/180 
f 609/69/181 611/70/180 1255/70/180 1256/69/181 
f 607/68/182 609/69/181 1256/69/181 1257/68/182 
f 605/67/183 607/68/182 1257/68/182 1258/67/183 
f 603/66/184 605/67/183 1258/67/183 1259/66/184 
f 601/65/185 603/66/184 1259/66/184 1260/65/185 
f 599/64/186 601/65/185 1260/65/185 1261/64/186 
f 597/63/187 599/64/186 1261/64/186 1262/63/187 
f 595/62/188 597/63/187 1262/63/187 1263/62/188 
f 593/61/189 595/62/188 1263/62/188 1264/61/189 
f 591/60/190 593/61/189 1264/61/189 1265/60/190 
f 589/59/191 591/60/190 1265/60/190 1266/59/191 
f 587/58/192 589/59/191 1266/59/191 1267/58/192 
f 585/57/193 587/58/192 1267/58/192 1268/57/193 
f 583/56/194 585/57/193 1268/57/193 1269/56/194 
f 581/55/195 583/56/194 1269/56/194 1270/55/195 
f 579/54/196 581/55/195 1270/55/195 1271/54/196 
f 577/53/197 579/54/196 1271/54/196 1272/53/197 
f 573/51/174 577/53/197 1272/53/197 1249/51/174 
# 1259 polygons

#
# object Engine_Cover003
#

v  -6.5813 -4.6918 302.7343
v  81.4165 -55.4974 302.7343
v  95.0298 -4.6918 302.7343
v  44.2242 -92.6896 302.7343
v  -6.5813 -106.3029 302.7343
v  -57.3869 -92.6896 302.7343
v  -94.5792 -55.4973 302.7343
v  -108.1925 -4.6918 302.7343
v  -94.5792 46.1138 302.7343
v  -57.3869 83.3061 302.7343
v  -6.5814 96.9194 302.7343
v  44.2242 83.3061 302.7343
v  81.4165 46.1139 302.7343
v  169.4144 -106.3029 302.7343
v  196.6410 -4.6918 302.7343
v  95.0298 -180.6875 302.7343
v  -6.5814 -207.9141 302.7343
v  -108.1925 -180.6874 302.7343
v  -182.5770 -106.3029 302.7343
v  -209.8036 -4.6918 302.7343
v  -182.5770 96.9194 302.7343
v  -108.1925 171.3039 302.7343
v  -6.5814 198.5306 302.7343
v  95.0298 171.3040 302.7343
v  169.4143 96.9195 302.7343
v  198.7069 -29.6880 242.1234
v  183.7016 -85.6886 242.1234
v  183.7016 -85.6886 74.9072
v  198.7069 -29.6880 74.9072
v  158.7055 -128.9832 242.1234
v  117.7102 -169.9785 242.1234
v  117.7102 -169.9785 74.9072
v  158.7055 -128.9832 74.9072
v  74.4153 -194.9747 242.1234
v  18.4147 -209.9800 242.1234
v  18.4147 -209.9800 74.9072
v  74.4153 -194.9747 74.9072
v  -31.5774 -209.9800 242.1234
v  -87.5780 -194.9747 242.1234
v  -87.5780 -194.9747 74.9072
v  -31.5774 -209.9800 74.9072
v  -130.8729 -169.9785 242.1234
v  -171.8681 -128.9832 242.1234
v  -171.8681 -128.9832 74.9072
v  -130.8729 -169.9785 74.9072
v  -196.8642 -85.6885 242.1234
v  -211.8696 -29.6879 242.1234
v  -211.8696 -29.6880 74.9072
v  -196.8642 -85.6885 74.9072
v  -211.8696 20.3044 242.1234
v  -196.8642 76.3050 242.1234
v  -196.8642 76.3050 74.9072
v  -211.8696 20.3044 74.9072
v  -171.8681 119.5997 242.1234
v  -130.8729 160.5949 242.1234
v  -130.8729 160.5949 74.9072
v  -171.8681 119.5996 74.9072
v  -87.5780 185.5911 242.1234
v  -31.5774 200.5965 242.1234
v  -31.5774 200.5964 74.9072
v  -87.5780 185.5911 74.9072
v  18.4147 200.5965 242.1234
v  74.4153 185.5912 242.1234
v  74.4153 185.5911 74.9072
v  18.4147 200.5965 74.9072
v  117.7101 160.5950 242.1234
v  158.7054 119.5998 242.1234
v  158.7054 119.5998 74.9072
v  117.7101 160.5950 74.9072
v  183.7015 76.3051 242.1234
v  198.7069 20.3044 242.1234
v  198.7069 20.3044 74.9072
v  183.7015 76.3051 74.9072
v  196.6410 -4.6918 14.2962
v  169.4144 -106.3030 14.2962
v  142.7158 -90.8885 14.2962
v  165.8122 -4.6918 14.2962
v  95.0298 -180.6875 14.2962
v  79.6154 -153.9890 14.2962
v  -6.5814 -207.9141 14.2962
v  -6.5814 -177.0853 14.2962
v  -108.1925 -180.6875 14.2962
v  -92.7781 -153.9889 14.2962
v  -182.5770 -106.3029 14.2962
v  -155.8785 -90.8885 14.2962
v  -209.8036 -4.6918 14.2962
v  -178.9748 -4.6918 14.2962
v  -182.5770 96.9194 14.2962
v  -155.8785 81.5050 14.2962
v  -108.1925 171.3039 14.2962
v  -92.7781 144.6053 14.2962
v  -6.5814 198.5305 14.2962
v  -6.5814 167.7017 14.2962
v  95.0298 171.3040 14.2962
v  79.6154 144.6054 14.2962
v  169.4143 96.9195 14.2962
v  142.7158 81.5051 14.2962
v  -6.5813 -4.6918 234.4866
v  165.8122 -4.6918 234.4866
v  142.7158 -90.8885 234.4866
v  79.6154 -153.9889 234.4866
v  -6.5814 -177.0853 234.4866
v  -92.7781 -153.9889 234.4866
v  -155.8785 -90.8885 234.4866
v  -178.9748 -4.6918 234.4866
v  -155.8785 81.5050 234.4866
v  -92.7781 144.6054 234.4866
v  -6.5814 167.7017 234.4866
v  79.6154 144.6054 234.4866
v  142.7158 81.5051 234.4866
v  169.4144 -106.3029 294.2694
v  196.6410 -4.6918 294.2694
v  95.0298 -180.6875 294.2694
v  -6.5814 -207.9141 294.2694
v  -108.1925 -180.6874 294.2694
v  -182.5770 -106.3029 294.2694
v  -209.8036 -4.6918 294.2694
v  -182.5770 96.9194 294.2694
v  -108.1925 171.3039 294.2694
v  -6.5814 198.5306 294.2694
v  95.0298 171.3040 294.2694
v  169.4143 96.9195 294.2694
v  196.6410 -4.6918 22.7612
v  169.4144 -106.3030 22.7612
v  169.4143 96.9195 22.7612
v  95.0298 171.3040 22.7612
v  -6.5814 198.5305 22.7612
v  -108.1925 171.3039 22.7612
v  -182.5770 96.9194 22.7612
v  -209.8036 -4.6918 22.7612
v  -182.5770 -106.3029 22.7612
v  -108.1925 -180.6875 22.7612
v  -6.5814 -207.9141 22.7612
v  95.0298 -180.6875 22.7612
v  171.6052 -98.1264 285.8044
v  194.4501 -12.8683 285.8044
v  171.6052 -98.1264 31.2261
v  194.4501 -12.8683 31.2261
v  101.0154 -174.7018 285.8044
v  163.4287 -112.2886 285.8044
v  101.0154 -174.7019 31.2261
v  163.4287 -112.2886 31.2261
v  1.5952 -205.7232 285.8044
v  86.8533 -182.8784 285.8044
v  1.5952 -205.7232 31.2261
v  86.8533 -182.8784 31.2261
v  -100.0160 -182.8783 285.8044
v  -14.7579 -205.7232 285.8044
v  -100.0160 -182.8783 31.2261
v  -14.7579 -205.7232 31.2261
v  -176.5914 -112.2886 285.8044
v  -114.1782 -174.7018 285.8044
v  -176.5914 -112.2886 31.2261
v  -114.1782 -174.7018 31.2261
v  -207.6128 -12.8683 285.8044
v  -184.7679 -98.1264 285.8044
v  -207.6128 -12.8683 31.2261
v  -184.7679 -98.1264 31.2261
v  -184.7679 88.7429 285.8044
v  -207.6128 3.4848 285.8044
v  -184.7679 88.7428 31.2261
v  -207.6128 3.4848 31.2261
v  -114.1782 165.3183 285.8044
v  -176.5914 102.9050 285.8044
v  -114.1782 165.3183 31.2261
v  -176.5914 102.9050 31.2261
v  -14.7579 196.3397 285.8044
v  -100.0160 173.4948 285.8044
v  -14.7579 196.3396 31.2261
v  -100.0160 173.4948 31.2261
v  86.8532 173.4949 285.8044
v  1.5951 196.3397 285.8044
v  86.8532 173.4949 31.2261
v  1.5951 196.3397 31.2261
v  163.4287 102.9051 285.8044
v  101.0154 165.3183 285.8044
v  163.4287 102.9051 31.2261
v  101.0154 165.3183 31.2261
v  194.4501 3.4847 285.8044
v  171.6052 88.7430 285.8044
v  194.4501 3.4847 31.2261
v  171.6052 88.7430 31.2261
# 182 vertices

vn 0.0000 -1.0000 -0.0000
vn 0.9659 -0.0000 -0.2588
vn 0.7071 0.0000 -0.7071
vn 0.2588 -0.0000 -0.9659
vn -0.2588 -0.0000 -0.9659
vn -0.7071 -0.0000 -0.7071
vn -0.9659 -0.0000 -0.2588
vn -0.9659 0.0000 0.2588
vn -0.7071 0.0000 0.7071
vn -0.2588 0.0000 0.9659
vn 0.2588 0.0000 0.9659
vn 0.7071 0.0000 0.7071
vn 0.9659 0.0000 0.2588
vn 0.0000 1.0000 0.0000
vn 0.0000 1.0000 -0.0000
vn -0.0000 1.0000 -0.0000
vn -0.0000 1.0000 0.0000
vn -1.0000 0.0000 -0.0000
vn -0.8660 0.0000 0.5000
vn -0.5000 0.0000 0.8660
vn 0.0000 0.0000 1.0000
vn 0.5000 0.0000 0.8660
vn 0.8660 0.0000 0.5000
vn 1.0000 0.0000 0.0000
vn 0.8660 0.0000 -0.5000
vn 0.5000 0.0000 -0.8660
vn 0.0000 0.0000 -1.0000
vn -0.5000 0.0000 -0.8660
vn -0.8660 0.0000 -0.5000
vn 0.9659 0.0000 -0.2588
vn 0.2588 0.0000 -0.9659
vn -0.2588 0.0000 -0.9659
vn -0.7071 0.0000 -0.7071
vn -0.9659 0.0000 -0.2588
vn 0.7071 -0.0000 -0.7071
vn -0.9659 -0.0000 0.2588
vn -0.7071 -0.0000 0.7071
vn 0.2588 -0.0000 0.9659
vn 0.7071 -0.0000 0.7071
vn 0.9483 -0.1903 -0.2541
vn 0.7169 -0.0000 -0.6972
vn 0.9483 0.1903 -0.2541
vn 0.9694 0.0000 0.2453
vn 0.6942 -0.1903 -0.6942
vn 0.2722 0.0000 -0.9622
vn 0.6942 0.1903 -0.6942
vn 0.9622 0.0000 -0.2722
vn 0.2541 -0.1903 -0.9483
vn -0.2454 -0.0000 -0.9694
vn 0.2541 0.1903 -0.9483
vn 0.6972 0.0000 -0.7169
vn -0.2541 -0.1903 -0.9483
vn -0.6972 0.0000 -0.7169
vn -0.2541 0.1903 -0.9483
vn 0.2454 -0.0000 -0.9694
vn -0.6942 -0.1903 -0.6942
vn -0.9622 0.0000 -0.2722
vn -0.6942 0.1903 -0.6942
vn -0.2722 -0.0000 -0.9622
vn -0.9483 -0.1903 -0.2541
vn -0.9694 0.0000 0.2453
vn -0.9483 0.1903 -0.2541
vn -0.7169 0.0000 -0.6972
vn -0.9483 -0.1903 0.2541
vn -0.7169 0.0000 0.6972
vn -0.9483 0.1903 0.2541
vn -0.9694 0.0000 -0.2453
vn -0.6942 -0.1903 0.6942
vn -0.2722 0.0000 0.9622
vn -0.6942 0.1903 0.6942
vn -0.9622 0.0000 0.2722
vn -0.2541 -0.1903 0.9483
vn 0.2453 0.0000 0.9694
vn -0.2541 0.1903 0.9483
vn -0.6972 0.0000 0.7169
vn 0.2541 -0.1903 0.9483
vn 0.6972 0.0000 0.7169
vn 0.2541 0.1903 0.9483
vn -0.2453 0.0000 0.9694
vn 0.6942 -0.1903 0.6942
vn 0.9622 0.0000 0.2722
vn 0.6942 0.1903 0.6942
vn 0.2722 0.0000 0.9622
vn 0.9483 -0.1903 0.2541
vn 0.9694 0.0000 -0.2453
vn 0.9483 0.1903 0.2541
vn 0.7169 0.0000 0.6972
# 87 vertex normals

vt 0.5000 0.0000 0.0000
vt 0.8333 0.0000 0.0000
vt 0.7500 0.0000 0.0000
vt 0.9167 0.0000 0.0000
vt 0.0000 0.0000 0.0000
vt -0.0833 0.0000 0.0000
vt 0.0833 0.0000 0.0000
vt 0.1667 0.0000 0.0000
vt 0.2500 0.0000 0.0000
vt 0.3333 0.0000 0.0000
vt 0.4167 0.0000 0.0000
vt 0.5833 0.0000 0.0000
vt 0.6667 0.0000 0.0000
vt 0.8333 1.0000 0.0000
vt 0.7500 1.0000 0.0000
vt 0.9167 1.0000 0.0000
vt 0.0000 1.0000 0.0000
vt -0.0833 1.0000 0.0000
vt 0.0833 1.0000 0.0000
vt 0.1667 1.0000 0.0000
vt 0.2500 1.0000 0.0000
vt 0.3333 1.0000 0.0000
vt 0.4167 1.0000 0.0000
vt 0.5000 1.0000 0.0000
vt 0.5833 1.0000 0.0000
vt 0.6667 1.0000 0.0000
# 26 texture coords

o Engine_Cover003
g Engine_Cover003
usemtl wire_086086086
s off
f 1273/76/917 1274/77/917 1275/78/917 
f 1273/76/917 1276/79/917 1274/77/917 
f 1273/76/917 1277/80/917 1276/81/917 
f 1273/76/917 1278/82/917 1277/80/917 
f 1273/76/917 1279/83/917 1278/82/917 
f 1273/76/917 1280/84/917 1279/83/917 
f 1273/76/917 1281/85/917 1280/84/917 
f 1273/76/917 1282/86/917 1281/85/917 
f 1273/76/917 1283/76/917 1282/86/917 
f 1273/76/917 1284/87/917 1283/76/917 
f 1273/76/917 1285/88/917 1284/87/917 
f 1273/76/917 1275/78/917 1285/88/917 
f 1275/78/917 1274/77/917 1286/77/917 1287/78/917 
f 1274/77/917 1276/79/917 1288/79/917 1286/77/917 
f 1276/81/917 1277/80/917 1289/80/917 1288/81/917 
f 1277/80/917 1278/82/917 1290/82/917 1289/80/917 
f 1278/82/917 1279/83/917 1291/83/917 1290/82/917 
f 1279/83/917 1280/84/917 1292/84/917 1291/83/917 
f 1280/84/917 1281/85/917 1293/85/917 1292/84/917 
f 1281/85/917 1282/86/917 1294/86/917 1293/85/917 
f 1282/86/917 1283/76/917 1295/76/917 1294/86/917 
f 1283/76/917 1284/87/917 1296/87/917 1295/76/917 
f 1284/87/917 1285/88/917 1297/88/917 1296/87/917 
f 1285/88/917 1275/78/917 1287/78/917 1297/88/917 
f 1298/78/918 1299/77/918 1300/89/918 1301/90/918 
f 1302/77/919 1303/79/919 1304/91/919 1305/89/919 
f 1306/81/920 1307/80/920 1308/92/920 1309/93/920 
f 1310/80/921 1311/82/921 1312/94/921 1313/92/921 
f 1314/82/922 1315/83/922 1316/95/922 1317/94/922 
f 1318/83/923 1319/84/923 1320/96/923 1321/95/923 
f 1322/84/924 1323/85/924 1324/97/924 1325/96/924 
f 1326/85/925 1327/86/925 1328/98/925 1329/97/925 
f 1330/86/926 1331/76/926 1332/99/926 1333/98/926 
f 1334/76/927 1335/87/927 1336/100/927 1337/99/927 
f 1338/87/928 1339/88/928 1340/101/928 1341/100/928 
f 1342/88/929 1343/78/929 1344/90/929 1345/101/929 
f 1346/90/930 1347/89/931 1348/89/931 1349/90/930 
f 1347/89/931 1350/91/931 1351/91/931 1348/89/931 
f 1350/93/931 1352/92/932 1353/92/932 1351/93/931 
f 1352/92/932 1354/94/932 1355/94/932 1353/92/932 
f 1354/94/932 1356/95/932 1357/95/932 1355/94/932 
f 1356/95/932 1358/96/932 1359/96/932 1357/95/932 
f 1358/96/932 1360/97/933 1361/97/933 1359/96/932 
f 1360/97/933 1362/98/933 1363/98/933 1361/97/933 
f 1362/98/933 1364/99/933 1365/99/933 1363/98/933 
f 1364/99/933 1366/100/930 1367/100/930 1365/99/933 
f 1366/100/930 1368/101/930 1369/101/930 1367/100/930 
f 1368/101/930 1346/90/930 1349/90/930 1369/101/930 
f 1370/99/932 1371/90/932 1372/89/933 
f 1370/99/932 1372/89/933 1373/91/933 
f 1370/99/932 1373/93/933 1374/92/930 
f 1370/99/932 1374/92/930 1375/94/930 
f 1370/99/932 1375/94/930 1376/95/930 
f 1370/99/932 1376/95/930 1377/96/930 
f 1370/99/932 1377/96/930 1378/97/931 
f 1370/99/932 1378/97/931 1379/98/931 
f 1370/99/932 1379/98/931 1380/99/931 
f 1370/99/932 1380/99/931 1381/100/932 
f 1370/99/932 1381/100/932 1382/101/932 
f 1370/99/932 1382/101/932 1371/90/932 
f 1349/90/934 1348/89/935 1372/89/935 1371/90/934 
f 1348/89/935 1351/91/936 1373/91/936 1372/89/935 
f 1351/93/936 1353/92/937 1374/92/937 1373/93/936 
f 1353/92/937 1355/94/938 1375/94/938 1374/92/937 
f 1355/94/938 1357/95/939 1376/95/939 1375/94/938 
f 1357/95/939 1359/96/940 1377/96/940 1376/95/939 
f 1359/96/940 1361/97/941 1378/97/941 1377/96/940 
f 1361/97/941 1363/98/942 1379/98/942 1378/97/941 
f 1363/98/942 1365/99/943 1380/99/943 1379/98/942 
f 1365/99/943 1367/100/944 1381/100/944 1380/99/943 
f 1367/100/944 1369/101/945 1382/101/945 1381/100/944 
f 1369/101/945 1349/90/934 1371/90/934 1382/101/945 
f 1287/78/946 1286/77/946 1383/77/946 1384/78/946 
f 1286/77/919 1288/79/919 1385/79/919 1383/77/919 
f 1288/81/947 1289/80/947 1386/80/947 1385/81/947 
f 1289/80/948 1290/82/948 1387/82/948 1386/80/948 
f 1290/82/949 1291/83/949 1388/83/949 1387/82/949 
f 1291/83/950 1292/84/950 1389/84/950 1388/83/950 
f 1292/84/924 1293/85/924 1390/85/924 1389/84/924 
f 1293/85/925 1294/86/925 1391/86/925 1390/85/925 
f 1294/86/926 1295/76/926 1392/76/926 1391/86/926 
f 1295/76/927 1296/87/927 1393/87/927 1392/76/927 
f 1296/87/928 1297/88/928 1394/88/928 1393/87/928 
f 1297/88/929 1287/78/929 1384/78/929 1394/88/929 
f 1347/89/946 1346/90/946 1395/90/946 1396/89/946 
f 1346/90/929 1368/101/929 1397/101/929 1395/90/929 
f 1368/101/928 1366/100/928 1398/100/928 1397/101/928 
f 1366/100/927 1364/99/927 1399/99/927 1398/100/927 
f 1364/99/926 1362/98/926 1400/98/926 1399/99/926 
f 1362/98/925 1360/97/925 1401/97/925 1400/98/925 
f 1360/97/924 1358/96/924 1402/96/924 1401/97/924 
f 1358/96/950 1356/95/950 1403/95/950 1402/96/950 
f 1356/95/949 1354/94/949 1404/94/949 1403/95/949 
f 1354/94/948 1352/92/948 1405/92/948 1404/94/948 
f 1352/92/947 1350/93/947 1406/93/947 1405/92/947 
f 1350/91/919 1347/89/919 1396/89/919 1406/91/919 
f 1384/78/918 1383/77/918 1407/77/918 1408/78/918 
f 1383/77/946 1396/89/946 1409/89/946 1407/77/946 
f 1396/89/946 1395/90/946 1410/90/946 1409/89/946 
f 1395/90/946 1384/78/946 1408/78/946 1410/90/946 
f 1383/77/919 1385/79/919 1411/79/919 1412/77/919 
f 1385/79/919 1406/91/919 1413/91/919 1411/79/919 
f 1406/91/951 1396/89/951 1414/89/951 1413/91/951 
f 1396/89/919 1383/77/919 1412/77/919 1414/89/919 
f 1385/81/947 1386/80/947 1415/80/947 1416/81/947 
f 1386/80/947 1405/92/947 1417/92/947 1415/80/947 
f 1405/92/920 1406/93/920 1418/93/920 1417/92/920 
f 1406/93/947 1385/81/947 1416/81/947 1418/93/947 
f 1386/80/921 1387/82/921 1419/82/921 1420/80/921 
f 1387/82/948 1404/94/948 1421/94/948 1419/82/948 
f 1404/94/948 1405/92/948 1422/92/948 1421/94/948 
f 1405/92/948 1386/80/948 1420/80/948 1422/92/948 
f 1387/82/949 1388/83/949 1423/83/949 1424/82/949 
f 1388/83/949 1403/95/949 1425/95/949 1423/83/949 
f 1403/95/922 1404/94/922 1426/94/922 1425/95/922 
f 1404/94/949 1387/82/949 1424/82/949 1426/94/949 
f 1388/83/923 1389/84/923 1427/84/923 1428/83/923 
f 1389/84/950 1402/96/950 1429/96/950 1427/84/950 
f 1402/96/950 1403/95/950 1430/95/950 1429/96/950 
f 1403/95/950 1388/83/950 1428/83/950 1430/95/950 
f 1389/84/952 1390/85/952 1431/85/952 1432/84/952 
f 1390/85/924 1401/97/924 1433/97/924 1431/85/924 
f 1401/97/924 1402/96/924 1434/96/924 1433/97/924 
f 1402/96/924 1389/84/924 1432/84/924 1434/96/924 
f 1390/85/925 1391/86/925 1435/86/925 1436/85/925 
f 1391/86/925 1400/98/925 1437/98/925 1435/86/925 
f 1400/98/953 1401/97/953 1438/97/953 1437/98/953 
f 1401/97/925 1390/85/925 1436/85/925 1438/97/925 
f 1391/86/926 1392/76/926 1439/76/926 1440/86/926 
f 1392/76/926 1399/99/926 1441/99/926 1439/76/926 
f 1399/99/926 1400/98/926 1442/98/926 1441/99/926 
f 1400/98/926 1391/86/926 1440/86/926 1442/98/926 
f 1392/76/954 1393/87/954 1443/87/954 1444/76/954 
f 1393/87/927 1398/100/927 1445/100/927 1443/87/927 
f 1398/100/927 1399/99/927 1446/99/927 1445/100/927 
f 1399/99/927 1392/76/927 1444/76/927 1446/99/927 
f 1393/87/955 1394/88/955 1447/88/955 1448/87/955 
f 1394/88/928 1397/101/928 1449/101/928 1447/88/928 
f 1397/101/928 1398/100/928 1450/100/928 1449/101/928 
f 1398/100/928 1393/87/928 1448/87/928 1450/100/928 
f 1394/88/929 1384/78/929 1451/78/929 1452/88/929 
f 1384/78/929 1395/90/929 1453/90/929 1451/78/929 
f 1395/90/929 1397/101/929 1454/101/929 1453/90/929 
f 1397/101/929 1394/88/929 1452/88/929 1454/101/929 
f 1408/78/956 1407/77/956 1299/77/956 1298/78/956 
f 1407/77/957 1409/89/957 1300/89/957 1299/77/957 
f 1409/89/958 1410/90/958 1301/90/958 1300/89/958 
f 1410/90/959 1408/78/959 1298/78/959 1301/90/959 
f 1412/77/960 1411/79/960 1303/79/960 1302/77/960 
f 1411/79/961 1413/91/961 1304/91/961 1303/79/961 
f 1413/91/962 1414/89/962 1305/89/962 1304/91/962 
f 1414/89/963 1412/77/963 1302/77/963 1305/89/963 
f 1416/81/964 1415/80/964 1307/80/964 1306/81/964 
f 1415/80/965 1417/92/965 1308/92/965 1307/80/965 
f 1417/92/966 1418/93/966 1309/93/966 1308/92/966 
f 1418/93/967 1416/81/967 1306/81/967 1309/93/967 
f 1420/80/968 1419/82/968 1311/82/968 1310/80/968 
f 1419/82/969 1421/94/969 1312/94/969 1311/82/969 
f 1421/94/970 1422/92/970 1313/92/970 1312/94/970 
f 1422/92/971 1420/80/971 1310/80/971 1313/92/971 
f 1424/82/972 1423/83/972 1315/83/972 1314/82/972 
f 1423/83/973 1425/95/973 1316/95/973 1315/83/973 
f 1425/95/974 1426/94/974 1317/94/974 1316/95/974 
f 1426/94/975 1424/82/975 1314/82/975 1317/94/975 
f 1428/83/976 1427/84/976 1319/84/976 1318/83/976 
f 1427/84/977 1429/96/977 1320/96/977 1319/84/977 
f 1429/96/978 1430/95/978 1321/95/978 1320/96/978 
f 1430/95/979 1428/83/979 1318/83/979 1321/95/979 
f 1432/84/980 1431/85/980 1323/85/980 1322/84/980 
f 1431/85/981 1433/97/981 1324/97/981 1323/85/981 
f 1433/97/982 1434/96/982 1325/96/982 1324/97/982 
f 1434/96/983 1432/84/983 1322/84/983 1325/96/983 
f 1436/85/984 1435/86/984 1327/86/984 1326/85/984 
f 1435/86/985 1437/98/985 1328/98/985 1327/86/985 
f 1437/98/986 1438/97/986 1329/97/986 1328/98/986 
f 1438/97/987 1436/85/987 1326/85/987 1329/97/987 
f 1440/86/988 1439/76/988 1331/76/988 1330/86/988 
f 1439/76/989 1441/99/989 1332/99/989 1331/76/989 
f 1441/99/990 1442/98/990 1333/98/990 1332/99/990 
f 1442/98/991 1440/86/991 1330/86/991 1333/98/991 
f 1444/76/992 1443/87/992 1335/87/992 1334/76/992 
f 1443/87/993 1445/100/993 1336/100/993 1335/87/993 
f 1445/100/994 1446/99/994 1337/99/994 1336/100/994 
f 1446/99/995 1444/76/995 1334/76/995 1337/99/995 
f 1448/87/996 1447/88/996 1339/88/996 1338/87/996 
f 1447/88/997 1449/101/997 1340/101/997 1339/88/997 
f 1449/101/998 1450/100/998 1341/100/998 1340/101/998 
f 1450/100/999 1448/87/999 1338/87/999 1341/100/999 
f 1452/88/1000 1451/78/1000 1343/78/1000 1342/88/1000 
f 1451/78/1001 1453/90/1001 1344/90/1001 1343/78/1001 
f 1453/90/1002 1454/101/1002 1345/101/1002 1344/90/1002 
f 1454/101/1003 1452/88/1003 1342/88/1003 1345/101/1003 
# 168 polygons - 24 triangles

#
# object Engine_cone_Large_Falp_009
#

v  12.7432 -185.3792 -227.0532
v  13.4606 -188.9707 -158.1042
v  50.9366 -193.0816 -159.2756
v  52.0108 -189.7030 -228.0014
v  204.6694 -123.3640 -137.7186
v  203.1947 -128.9820 -92.3919
v  135.5211 -168.5779 -43.1349
v  138.1972 -171.9056 -150.5159
v  52.6590 -205.8223 -159.3568
v  53.7871 -202.3886 -229.1050
v  97.2033 -185.3732 -224.7134
v  95.4281 -188.8639 -154.9363
v  93.0216 -185.3987 -47.3886
v  50.5221 -202.2195 -51.6423
v  13.5929 -199.1909 -75.7545
v  13.2411 -201.6733 -158.1912
v  140.6195 -168.3578 -220.3217
v  205.4033 -118.9400 -208.8018
v  133.4541 -151.4426 -365.3355
v  205.9963 -101.5237 -287.6721
v  90.6643 -168.3979 -369.6258
v  47.8745 -185.3532 -373.9160
v  12.5322 -198.0355 -228.1274
v  8.5014 -184.3946 -343.1975
v  129.8218 -157.0569 -43.4230
v  197.3694 -117.5819 -91.2088
v  197.3694 -112.7844 -137.4380
v  131.9933 -160.6448 -150.5853
v  134.2071 -157.2609 -219.3037
v  93.1090 -173.4819 -223.6526
v  91.4650 -176.8632 -154.9305
v  197.3695 -108.9644 -207.6864
v  197.3694 -92.2038 -285.6689
v  127.3566 -140.2498 -363.6508
v  86.8197 -156.4709 -367.9998
v  48.7765 -189.4902 -52.1083
v  13.7857 -186.5093 -76.2134
v  46.2827 -172.6920 -372.3486
v  8.8068 -171.7927 -341.6880
v  0.0064 -185.3792 -227.0532
v  0.0064 -188.9707 -158.1042
v  0.0064 -198.0355 -228.1274
v  0.0064 -184.3946 -343.1975
v  0.0064 -186.5093 -76.2134
v  0.0064 -199.1909 -75.7545
v  89.2992 -173.2736 -47.7656
v  122.2946 -171.2932 -23.9682
v  90.5460 -183.8589 -27.1459
v  128.5008 -157.0648 -30.6342
v  87.9781 -173.2815 -34.9769
v  47.4554 -189.4981 -39.3196
v  58.7974 -196.4246 -30.3235
v  93.2102 -120.1791 -46.8710
v  75.6386 -127.2119 -48.7544
v  83.7270 -164.5866 -20.9328
v  112.6015 -153.0300 -17.8379
v  58.0671 -134.2447 -50.6378
v  54.8525 -176.1433 -24.0278
v  86.6803 -167.6493 -34.5813
v  77.5060 -130.8674 -52.5269
v  95.0776 -123.8347 -50.6435
v  125.3324 -152.1793 -30.4384
v  48.0282 -183.1193 -38.7243
v  59.9345 -137.9002 -54.4103
v  0.0064 -171.7927 -341.6880
v  -50.9238 -193.0816 -159.2756
v  -13.4477 -188.9707 -158.1042
v  -12.7304 -185.3792 -227.0532
v  -51.9980 -189.7030 -228.0014
v  -204.6566 -123.3640 -137.7186
v  -138.1844 -171.9056 -150.5159
v  -135.5082 -168.5779 -43.1349
v  -203.1819 -128.9820 -92.3919
v  -52.6461 -205.8223 -159.3568
v  -95.4152 -188.8639 -154.9363
v  -97.1905 -185.3732 -224.7134
v  -53.7743 -202.3886 -229.1050
v  -50.5093 -202.2195 -51.6423
v  -93.0088 -185.3987 -47.3886
v  -13.2283 -201.6733 -158.1912
v  -13.5801 -199.1909 -75.7545
v  -205.3905 -118.9400 -208.8018
v  -140.6067 -168.3578 -220.3217
v  -133.4413 -151.4426 -365.3355
v  -205.9834 -101.5237 -287.6721
v  -90.6515 -168.3979 -369.6258
v  -47.8616 -185.3532 -373.9160
v  -8.4886 -184.3946 -343.1975
v  -12.5194 -198.0355 -228.1274
v  -129.8090 -157.0569 -43.4230
v  -131.9805 -160.6448 -150.5853
v  -197.3566 -112.7844 -137.4380
v  -197.3565 -117.5819 -91.2088
v  -134.1943 -157.2609 -219.3037
v  -91.4522 -176.8632 -154.9305
v  -93.0961 -173.4819 -223.6526
v  -197.3567 -108.9644 -207.6864
v  -127.3438 -140.2498 -363.6508
v  -197.3565 -92.2038 -285.6689
v  -86.8068 -156.4709 -367.9998
v  -48.7637 -189.4902 -52.1083
v  -13.7729 -186.5093 -76.2134
v  -46.2699 -172.6920 -372.3486
v  -8.7939 -171.7927 -341.6880
v  0.0064 -201.6733 -158.1912
v  -89.2863 -173.2736 -47.7656
v  -90.5332 -183.8589 -27.1459
v  -122.2817 -171.2932 -23.9682
v  -128.4880 -157.0648 -30.6342
v  -87.9653 -173.2815 -34.9769
v  -47.4426 -189.4981 -39.3196
v  -58.7846 -196.4246 -30.3235
v  -93.1973 -120.1791 -46.8710
v  -112.5887 -153.0300 -17.8379
v  -83.7142 -164.5866 -20.9328
v  -75.6258 -127.2119 -48.7544
v  -54.8397 -176.1433 -24.0278
v  -58.0543 -134.2447 -50.6378
v  -86.6675 -167.6493 -34.5813
v  -125.3196 -152.1793 -30.4384
v  -95.0648 -123.8347 -50.6435
v  -77.4932 -130.8674 -52.5269
v  -48.0153 -183.1193 -38.7243
v  -59.9217 -137.9002 -54.4103
# 124 vertices

vn 0.0566 0.1772 0.9825
vn 0.0547 0.2487 0.9670
vn -0.1343 0.2500 0.9589
vn -0.1395 0.1732 0.9750
vn 0.5746 -0.1985 -0.7940
vn 0.5496 -0.2186 -0.8064
vn 0.4165 -0.2841 -0.8636
vn 0.4745 -0.2215 -0.8519
vn 0.1349 -0.2500 -0.9588
vn 0.1401 -0.1732 -0.9749
vn 0.3725 -0.1611 -0.9139
vn 0.3675 -0.2413 -0.8982
vn 0.3605 -0.3142 -0.8783
vn 0.2399 -0.3077 -0.9207
vn -0.0595 -0.2878 -0.9558
vn -0.0525 -0.2487 -0.9671
vn 0.5037 -0.1419 -0.8522
vn 0.6197 -0.1228 -0.7752
vn 0.4703 -0.1004 -0.8768
vn 0.6368 -0.0660 -0.7682
vn 0.3746 -0.1175 -0.9197
vn 0.1904 -0.1333 -0.9726
vn -0.0544 -0.1772 -0.9827
vn -0.0631 -0.1457 -0.9873
vn -0.4150 0.2632 0.8709
vn -0.5493 0.2174 0.8068
vn -0.5744 0.1982 0.7942
vn -0.4762 0.2212 0.8511
vn -0.5057 0.1418 0.8510
vn -0.3755 0.1609 0.9127
vn -0.3703 0.2413 0.8970
vn -0.6210 0.1232 0.7741
vn -0.6387 0.0659 0.7666
vn -0.4717 0.1003 0.8760
vn -0.3779 0.1172 0.9184
vn 0.8308 0.0903 0.5492
vn 0.8585 0.0623 0.5091
vn 0.8323 0.0889 0.5471
vn 0.4855 -0.7649 0.4234
vn 0.7256 -0.6042 0.3294
vn 0.7246 -0.6051 0.3299
vn -0.5571 -0.8031 0.2113
vn -0.2852 -0.9212 0.2648
vn -0.2966 -0.9180 0.2631
vn 0.7825 0.0719 0.6185
vn 0.7829 0.0729 0.6179
vn 0.2753 0.9571 0.0906
vn 0.4784 0.8359 0.2689
vn 0.2667 0.9602 0.0833
vn 0.7605 0.0279 0.6488
vn -0.2998 0.9437 -0.1401
vn 0.0431 0.9928 -0.1117
vn 0.0435 0.9927 -0.1127
vn -0.3161 0.9383 -0.1406
vn -0.2617 0.2854 0.9220
vn 0.0623 0.2877 0.9557
vn -0.1936 0.1330 0.9720
vn 0.0659 0.1456 0.9871
vn 0.0000 0.1759 0.9844
vn 0.0000 0.2482 0.9687
vn 0.0000 -0.1759 -0.9844
vn 0.0000 -0.1433 -0.9897
vn 0.0000 -0.9559 0.2936
vn -0.3344 0.9305 -0.1498
vn -0.3238 0.9342 -0.1498
vn 0.0000 0.2877 0.9577
vn -0.3678 0.2772 0.8877
vn 0.3557 -0.3503 -0.8665
vn 0.7886 -0.5482 0.2785
vn 0.7757 -0.5630 0.2853
vn -0.3678 0.2766 0.8878
vn -0.8571 -0.3589 -0.3695
vn -0.8221 -0.5289 -0.2110
vn -0.8318 -0.5002 -0.2406
vn -0.2967 -0.6319 0.7160
vn 0.1642 0.9033 -0.3963
vn 0.2458 0.7664 -0.5934
vn 0.1445 0.9260 -0.3489
vn 0.1332 0.9374 -0.3217
vn -0.1853 0.8751 0.4470
vn 0.5553 -0.1617 0.8157
vn 0.6341 -0.4159 0.6519
vn 0.6471 -0.4948 0.5801
vn -0.9422 -0.3113 0.1240
vn -0.9650 -0.0634 0.2543
vn -0.8997 -0.4336 0.0504
vn 0.0719 0.9822 -0.1737
vn 0.0719 0.9822 -0.1738
vn 0.0720 0.9821 -0.1738
vn 0.0193 -0.9990 -0.0395
vn 0.0207 -0.9989 -0.0429
vn 0.0208 -0.9989 -0.0432
vn 0.0222 -0.9987 -0.0466
vn 0.0000 0.9899 -0.1421
vn 0.1343 0.2500 0.9589
vn -0.0547 0.2487 0.9670
vn -0.0566 0.1772 0.9825
vn 0.1395 0.1732 0.9750
vn -0.5746 -0.1985 -0.7940
vn -0.4745 -0.2215 -0.8519
vn -0.4165 -0.2841 -0.8636
vn -0.5496 -0.2186 -0.8064
vn -0.1349 -0.2500 -0.9588
vn -0.3675 -0.2413 -0.8982
vn -0.3725 -0.1611 -0.9139
vn -0.1401 -0.1732 -0.9749
vn -0.2399 -0.3077 -0.9207
vn -0.3605 -0.3142 -0.8783
vn 0.0525 -0.2487 -0.9671
vn 0.0595 -0.2878 -0.9558
vn -0.6197 -0.1228 -0.7752
vn -0.5037 -0.1419 -0.8522
vn -0.4703 -0.1004 -0.8768
vn -0.6368 -0.0660 -0.7682
vn -0.3746 -0.1175 -0.9197
vn -0.1904 -0.1333 -0.9726
vn 0.0631 -0.1457 -0.9873
vn 0.0544 -0.1772 -0.9827
vn 0.4150 0.2632 0.8709
vn 0.4762 0.2212 0.8511
vn 0.5744 0.1982 0.7942
vn 0.5493 0.2174 0.8068
vn 0.5057 0.1418 0.8510
vn 0.3703 0.2413 0.8970
vn 0.3755 0.1609 0.9127
vn 0.6210 0.1232 0.7741
vn 0.4717 0.1003 0.8760
vn 0.6387 0.0659 0.7666
vn 0.3779 0.1172 0.9184
vn -0.8308 0.0903 0.5492
vn -0.8323 0.0889 0.5471
vn -0.8585 0.0623 0.5091
vn -0.4855 -0.7649 0.4234
vn -0.7246 -0.6051 0.3299
vn -0.7256 -0.6042 0.3294
vn 0.5571 -0.8031 0.2113
vn 0.2966 -0.9180 0.2631
vn 0.2852 -0.9212 0.2648
vn -0.7825 0.0719 0.6185
vn -0.7829 0.0729 0.6179
vn -0.2753 0.9571 0.0906
vn -0.2667 0.9602 0.0833
vn -0.4784 0.8359 0.2689
vn -0.7605 0.0279 0.6488
vn 0.2998 0.9437 -0.1401
vn 0.3161 0.9383 -0.1406
vn -0.0435 0.9927 -0.1127
vn -0.0431 0.9928 -0.1117
vn 0.2617 0.2854 0.9220
vn -0.0623 0.2877 0.9557
vn -0.0659 0.1456 0.9871
vn 0.1936 0.1330 0.9720
vn 0.0000 -0.2482 -0.9687
vn 0.0000 -0.2878 -0.9577
vn 0.3344 0.9305 -0.1498
vn 0.3238 0.9342 -0.1498
vn 0.0000 0.1433 0.9897
vn 0.3678 0.2772 0.8877
vn -0.3557 -0.3503 -0.8665
vn -0.7757 -0.5630 0.2853
vn -0.7886 -0.5482 0.2785
vn 0.3678 0.2766 0.8878
vn 0.8571 -0.3589 -0.3695
vn 0.8318 -0.5002 -0.2406
vn 0.8221 -0.5289 -0.2110
vn 0.2967 -0.6319 0.7160
vn -0.1642 0.9033 -0.3963
vn -0.1445 0.9260 -0.3489
vn -0.2458 0.7664 -0.5934
vn -0.1332 0.9374 -0.3217
vn 0.1853 0.8751 0.4470
vn -0.5553 -0.1617 0.8157
vn -0.6471 -0.4948 0.5801
vn -0.6341 -0.4159 0.6519
vn 0.9422 -0.3113 0.1240
vn 0.8997 -0.4336 0.0504
vn 0.9650 -0.0634 0.2543
vn -0.0719 0.9822 -0.1737
vn -0.0719 0.9822 -0.1738
vn -0.0720 0.9821 -0.1738
vn -0.0193 -0.9990 -0.0395
vn -0.0208 -0.9989 -0.0432
vn -0.0207 -0.9989 -0.0429
vn -0.0222 -0.9987 -0.0466
# 184 vertex normals

vt 0.6446 1.0000 0.0000
vt 0.4440 1.0000 0.0000
vt 0.4250 1.0000 0.0000
vt 0.6250 1.0000 0.0000
vt 0.3667 1.0000 0.0000
vt 0.2500 1.0000 0.0000
vt 0.8750 0.3333 0.0000
vt 0.7583 0.6000 0.0000
vt 0.6042 1.0000 0.0000
vt 0.5917 0.8000 0.0000
vt 0.5833 0.6667 0.0000
vt 0.2917 1.0000 0.0000
vt 0.3095 1.0000 0.0000
vt 0.4442 1.0000 0.0000
vt 0.5833 1.0000 0.0000
vt 0.5417 1.0000 0.0000
vt 0.9167 0.3333 0.0000
vt 0.9375 0.3333 0.0000
vt 0.9583 0.3333 0.0000
vt 0.9782 0.3333 0.0000
vt 0.9790 0.3333 0.0000
vt 0.3092 1.0000 0.0000
vt 0.9789 0.3333 0.0000
vt 0.9780 0.3333 0.0000
vt 0.6448 1.0000 0.0000
vt 0.7917 0.6667 0.0000
vt 0.6625 0.6667 0.0000
# 27 texture coords

o Engine_cone_Large_Falp_009
g Engine_cone_Large_Falp_009
usemtl Material__42
s off
f 1455/102/1004 1456/103/1005 1457/104/1006 1458/105/1007 
f 1459/106/1008 1460/107/1009 1461/108/1010 1462/109/1011 
f 1463/104/1012 1464/105/1013 1465/110/1014 1466/111/1015 
f 1466/111/1015 1467/112/1016 1468/113/1017 1463/104/1012 
f 1468/113/1017 1469/114/1018 1470/115/1019 1463/104/1012 
f 1459/106/1008 1462/109/1011 1471/116/1020 1472/117/1021 
f 1473/118/1022 1474/108/1023 1472/108/1021 1471/118/1020 
f 1475/119/1024 1465/119/1014 1464/120/1013 1476/120/1025 
f 1477/121/1026 1478/122/1027 1476/120/1025 1464/120/1013 
f 1479/108/1028 1480/107/1029 1481/106/1030 1482/109/1031 
f 1483/116/1032 1484/110/1033 1485/111/1034 1482/109/1031 
f 1483/116/1032 1482/109/1031 1481/106/1030 1486/117/1035 
f 1486/108/1035 1487/108/1036 1488/118/1037 1483/118/1032 
f 1488/118/1037 1489/119/1038 1484/119/1033 1483/118/1032 
f 1481/106/1039 1480/107/1040 1460/107/1040 1459/106/1041 
f 1480/107/1042 1479/108/1043 1461/108/1044 1460/107/1042 
f 1490/113/1045 1491/123/1046 1469/114/1047 1468/113/1045 
f 1486/117/1048 1481/106/1039 1459/106/1041 1472/117/1049 
f 1488/118/1050 1487/108/1051 1474/108/1051 1473/118/1052 
f 1487/108/1053 1486/108/1048 1472/108/1049 1474/108/1053 
f 1492/120/1054 1489/119/1055 1475/119/1056 1476/120/1057 
f 1490/113/1058 1457/104/1006 1456/103/1005 1491/123/1059 
f 1492/120/1060 1493/124/1061 1455/125/1004 1458/120/1007 
f 1494/102/1062 1495/103/1063 1456/103/1005 1455/102/1004 
f 1477/126/1026 1464/105/1013 1463/104/1012 1470/115/1019 
f 1496/121/1064 1497/122/1065 1478/122/1027 1477/121/1026 
f 1498/123/1066 1499/114/1066 1469/114/1047 1491/123/1046 
f 1492/120/1054 1476/120/1057 1478/122/1067 1493/124/1068 
f 1495/103/1063 1498/123/1069 1491/123/1059 1456/103/1005 
f 1490/105/1058 1500/127/1070 1485/128/1034 1457/106/1006 
f 1471/116/1020 1462/109/1011 1466/111/1015 1465/110/1014 
f 1462/109/1011 1461/108/1010 1467/112/1016 1466/111/1015 
f 1473/118/1022 1471/118/1020 1465/119/1014 1475/119/1024 
f 1484/110/1033 1458/105/1007 1457/104/1006 1485/111/1034 
f 1489/119/1038 1492/120/1060 1458/120/1007 1484/119/1033 
f 1488/118/1050 1473/118/1052 1475/119/1056 1489/119/1055 
f 1500/127/1070 1479/120/1028 1482/120/1031 1485/128/1034 
f 1467/112/1016 1461/108/1010 1501/108/1071 1502/112/1071 
f 1461/108/1044 1479/108/1043 1503/108/1072 1501/108/1073 
f 1479/108/1028 1500/112/1070 1504/112/1074 1503/108/1074 
f 1500/112/1070 1490/113/1058 1505/113/1074 1504/112/1074 
f 1490/113/1075 1468/113/1075 1506/113/1076 1505/113/1077 
f 1468/113/1017 1467/112/1016 1502/112/1071 1506/113/1071 
f 1507/108/1078 1508/112/1078 1509/112/1078 1510/108/1078 
f 1508/112/1078 1511/113/1078 1512/113/1078 1509/112/1078 
f 1513/112/1079 1514/112/1080 1515/108/1080 1516/108/1081 
f 1517/113/1082 1518/113/1080 1514/112/1080 1513/112/1079 
f 1508/112/1083 1507/108/1083 1515/108/1083 1514/112/1083 
f 1507/108/1084 1510/108/1085 1516/108/1086 1515/108/1084 
f 1511/113/1083 1508/112/1083 1514/112/1083 1518/113/1083 
f 1512/113/1087 1511/113/1088 1518/113/1088 1517/113/1089 
f 1501/108/1073 1503/108/1072 1516/108/1086 1510/108/1085 
f 1503/108/1090 1504/112/1091 1513/112/1079 1516/108/1081 
f 1504/112/1091 1505/113/1092 1517/113/1082 1513/112/1079 
f 1505/113/1077 1506/113/1076 1512/113/1087 1517/113/1089 
f 1506/113/1093 1502/112/1094 1509/112/1095 1512/113/1093 
f 1502/112/1094 1501/108/1096 1510/108/1096 1509/112/1095 
f 1478/122/1067 1497/122/1097 1519/124/1097 1493/124/1068 
f 1520/104/1098 1521/103/1099 1522/102/1100 1523/105/1101 
f 1524/106/1102 1525/109/1103 1526/108/1104 1527/107/1105 
f 1528/104/1106 1529/111/1107 1530/110/1108 1531/105/1109 
f 1532/113/1110 1533/112/1111 1529/111/1107 1528/104/1106 
f 1532/113/1110 1528/104/1106 1534/115/1112 1535/114/1113 
f 1524/106/1102 1536/117/1114 1537/116/1115 1525/109/1103 
f 1538/118/1116 1537/118/1115 1536/108/1114 1539/108/1117 
f 1531/120/1109 1530/119/1108 1540/119/1118 1541/120/1119 
f 1541/120/1119 1542/122/1120 1543/121/1121 1531/120/1109 
f 1544/108/1122 1545/109/1123 1546/106/1124 1547/107/1125 
f 1548/116/1126 1545/109/1123 1549/111/1127 1550/110/1128 
f 1548/116/1126 1551/117/1129 1546/106/1124 1545/109/1123 
f 1551/108/1129 1548/118/1126 1552/118/1130 1553/108/1131 
f 1550/119/1128 1554/119/1132 1552/118/1130 1548/118/1126 
f 1546/106/1133 1524/106/1134 1527/107/1135 1547/107/1135 
f 1547/107/1136 1527/107/1136 1526/108/1137 1544/108/1138 
f 1555/113/1139 1532/113/1139 1535/114/1140 1556/123/1141 
f 1551/117/1142 1536/117/1143 1524/106/1134 1546/106/1133 
f 1552/118/1144 1538/118/1145 1539/108/1146 1553/108/1146 
f 1553/108/1147 1539/108/1147 1536/108/1143 1551/108/1142 
f 1557/120/1148 1541/120/1149 1540/119/1150 1554/119/1151 
f 1555/113/1152 1556/123/1153 1521/103/1099 1520/104/1098 
f 1522/125/1100 1558/124/1154 1557/120/1155 1523/120/1101 
f 1543/126/1121 1534/115/1112 1528/104/1106 1531/105/1109 
f 1534/115/1112 1559/115/1156 1499/114/1157 1535/114/1113 
f 1542/122/1158 1541/120/1149 1557/120/1148 1558/124/1159 
f 1522/125/1100 1494/125/1062 1519/124/1160 1558/124/1154 
f 1549/128/1127 1560/127/1161 1555/105/1152 1520/106/1098 
f 1529/111/1107 1525/109/1103 1537/116/1115 1530/110/1108 
f 1533/112/1111 1526/108/1104 1525/109/1103 1529/111/1107 
f 1530/119/1108 1537/118/1115 1538/118/1116 1540/119/1118 
f 1550/110/1128 1549/111/1127 1520/104/1098 1523/105/1101 
f 1554/119/1132 1550/119/1128 1523/120/1101 1557/120/1155 
f 1540/119/1150 1538/118/1145 1552/118/1144 1554/119/1151 
f 1560/127/1161 1549/128/1127 1545/120/1123 1544/120/1122 
f 1533/112/1111 1561/112/1162 1562/108/1162 1526/108/1104 
f 1526/108/1137 1562/108/1163 1563/108/1164 1544/108/1138 
f 1544/108/1122 1563/108/1165 1564/112/1165 1560/112/1161 
f 1560/112/1161 1564/112/1165 1565/113/1165 1555/113/1152 
f 1555/113/1166 1565/113/1167 1566/113/1168 1532/113/1166 
f 1532/113/1110 1566/113/1162 1561/112/1162 1533/112/1111 
f 1567/108/1169 1568/108/1169 1569/112/1169 1570/112/1169 
f 1570/112/1169 1569/112/1169 1571/113/1169 1572/113/1169 
f 1573/112/1170 1574/108/1171 1575/108/1172 1576/112/1172 
f 1577/113/1173 1573/112/1170 1576/112/1172 1578/113/1172 
f 1570/112/1174 1576/112/1174 1575/108/1174 1567/108/1174 
f 1567/108/1175 1575/108/1175 1574/108/1176 1568/108/1177 
f 1572/113/1174 1578/113/1174 1576/112/1174 1570/112/1174 
f 1571/113/1178 1577/113/1179 1578/113/1180 1572/113/1180 
f 1562/108/1163 1568/108/1177 1574/108/1176 1563/108/1164 
f 1563/108/1181 1574/108/1171 1573/112/1170 1564/112/1182 
f 1564/112/1182 1573/112/1170 1577/113/1173 1565/113/1183 
f 1565/113/1167 1577/113/1179 1571/113/1178 1566/113/1168 
f 1566/113/1184 1571/113/1184 1569/112/1185 1561/112/1186 
f 1561/112/1186 1569/112/1185 1568/108/1187 1562/108/1187 
f 1470/115/1019 1559/115/1156 1496/126/1064 1477/126/1026 
f 1522/102/1100 1521/103/1099 1495/103/1063 1494/102/1062 
f 1543/121/1121 1542/122/1120 1497/122/1065 1496/121/1064 
f 1498/123/1066 1556/123/1141 1535/114/1140 1499/114/1066 
f 1521/103/1099 1556/123/1153 1498/123/1069 1495/103/1063 
f 1542/122/1158 1558/124/1159 1519/124/1097 1497/122/1097 
f 1470/115/1019 1469/114/1018 1499/114/1157 1559/115/1156 
f 1455/125/1004 1493/124/1061 1519/124/1160 1494/125/1062 
f 1534/115/1112 1543/126/1121 1496/126/1064 1559/115/1156 
# 122 polygons

#
# object Engine_cone_Large_Falp_010
#

v  -12.7305 243.7717 -218.7147
v  -13.4478 217.8876 -154.7079
v  -50.9239 222.1084 -154.0322
v  -51.9981 248.0911 -217.7468
v  -204.6566 149.8123 -163.9589
v  -203.1819 135.7481 -120.5046
v  -135.5083 150.8172 -59.1287
v  -138.1844 199.2143 -155.0426
v  -52.6462 233.6897 -148.7213
v  -53.7744 260.0546 -213.3859
v  -97.1906 242.7774 -216.5967
v  -95.4153 216.4520 -151.8820
v  -93.0088 167.8597 -55.8751
v  -50.5094 184.9023 -52.6215
v  -13.5802 192.3477 -75.7545
v  -13.2283 229.4368 -149.4184
v  -140.6068 225.5002 -219.8075
v  -205.3906 175.8438 -230.2518
v  -133.4414 271.4553 -358.3833
v  -205.9835 193.3914 -309.0930
v  -90.6516 288.6351 -355.1060
v  -47.8617 305.8150 -351.8287
v  -12.5195 255.6962 -214.3395
v  -8.4887 291.9640 -324.3933
v  -129.8091 140.4974 -64.2588
v  -197.3566 124.9160 -124.2503
v  -197.3566 140.1053 -168.1757
v  -131.9806 189.0379 -159.8645
v  -134.1943 215.0127 -223.5746
v  -93.0962 231.5519 -220.6607
v  -91.4522 205.5732 -156.9484
v  -197.3567 166.3315 -233.4568
v  -197.3566 184.0981 -311.2163
v  -127.3438 260.5991 -361.5868
v  -86.8069 277.1384 -358.6729
v  -48.7637 173.5626 -58.4234
v  -13.7729 181.0482 -81.5299
v  -46.2700 293.6776 -355.7590
v  -8.7940 279.9049 -328.3511
v  0.0063 243.7717 -218.7147
v  0.0063 217.8876 -154.7079
v  0.0063 255.6962 -214.3395
v  0.0063 291.9640 -324.3933
v  0.0064 181.0482 -81.5299
v  0.0063 192.3477 -75.7545
v  -89.2864 157.0300 -61.3411
v  -122.2818 145.1779 -40.6102
v  -90.5332 157.9093 -38.1797
v  -128.4880 135.0998 -52.6649
v  -87.9653 151.6324 -49.7472
v  -47.4427 168.1650 -46.8295
v  -58.7846 170.6407 -35.7491
v  -93.1974 108.5320 -82.9689
v  -75.6259 115.7019 -81.7037
v  -83.7143 137.8170 -40.6936
v  -112.5887 126.0351 -42.7726
v  -58.0544 122.8717 -80.4385
v  -54.8398 149.5988 -38.6145
v  -86.6675 146.3607 -51.7690
v  -77.4932 120.6092 -83.5779
v  -95.0648 113.4394 -84.8431
v  -125.3196 130.5893 -54.5521
v  -48.0154 162.1322 -48.9859
v  -59.9218 127.7791 -82.3127
v  0.0063 279.9049 -328.3511
v  50.9366 222.1085 -154.0322
v  13.4605 217.8876 -154.7079
v  12.7431 243.7717 -218.7147
v  52.0107 248.0912 -217.7468
v  204.6693 149.8125 -163.9589
v  138.1971 199.2144 -155.0426
v  135.5210 150.8174 -59.1287
v  203.1947 135.7483 -120.5046
v  52.6589 233.6897 -148.7213
v  95.4280 216.4521 -151.8820
v  97.2032 242.7774 -216.5967
v  53.7871 260.0546 -213.3859
v  50.5221 184.9023 -52.6215
v  93.0215 167.8598 -55.8751
v  13.2410 229.4368 -149.4184
v  13.5929 192.3477 -75.7545
v  205.4033 175.8440 -230.2518
v  140.6194 225.5003 -219.8075
v  133.4540 271.4554 -358.3833
v  205.9962 193.3915 -309.0930
v  90.6642 288.6352 -355.1060
v  47.8743 305.8151 -351.8287
v  8.5013 291.9640 -324.3933
v  12.5321 255.6962 -214.3395
v  129.8218 140.4975 -64.2588
v  131.9933 189.0380 -159.8645
v  197.3694 140.1055 -168.1757
v  197.3693 124.9162 -124.2503
v  134.2070 215.0128 -223.5746
v  91.4649 205.5732 -156.9484
v  93.1089 231.5519 -220.6607
v  197.3694 166.3317 -233.4568
v  127.3565 260.5992 -361.5868
v  197.3693 184.0982 -311.2163
v  86.8196 277.1385 -358.6729
v  48.7764 173.5627 -58.4234
v  13.7856 181.0482 -81.5299
v  46.2826 293.6776 -355.7590
v  8.8067 279.9049 -328.3511
v  0.0063 229.4368 -149.4184
v  89.2991 157.0301 -61.3411
v  90.5459 157.9093 -38.1797
v  122.2945 145.1780 -40.6102
v  128.5007 135.0999 -52.6649
v  87.9781 151.6325 -49.7472
v  47.4554 168.1651 -46.8295
v  58.7974 170.6407 -35.7491
v  93.2101 108.5321 -82.9689
v  112.6015 126.0352 -42.7726
v  83.7270 137.8170 -40.6936
v  75.6386 115.7019 -81.7037
v  54.8525 149.5988 -38.6145
v  58.0671 122.8718 -80.4385
v  86.6803 146.3608 -51.7690
v  125.3324 130.5894 -54.5521
v  95.0775 113.4395 -84.8431
v  77.5060 120.6093 -83.5779
v  48.0281 162.1323 -48.9859
v  59.9345 127.7791 -82.3127
# 124 vertices

vn 0.0566 0.1772 0.9825
vn 0.0547 0.2487 0.9670
vn -0.1343 0.2500 0.9589
vn -0.1395 0.1732 0.9750
vn 0.5746 -0.1985 -0.7940
vn 0.5496 -0.2186 -0.8064
vn 0.4165 -0.2841 -0.8636
vn 0.4745 -0.2215 -0.8519
vn 0.1349 -0.2500 -0.9588
vn 0.1401 -0.1732 -0.9749
vn 0.3725 -0.1611 -0.9139
vn 0.3675 -0.2413 -0.8982
vn 0.3605 -0.3142 -0.8783
vn 0.2399 -0.3077 -0.9207
vn -0.0595 -0.2878 -0.9558
vn -0.0525 -0.2487 -0.9671
vn 0.5037 -0.1419 -0.8522
vn 0.6197 -0.1228 -0.7752
vn 0.4703 -0.1004 -0.8768
vn 0.6368 -0.0660 -0.7682
vn 0.3746 -0.1175 -0.9197
vn 0.1904 -0.1333 -0.9726
vn -0.0544 -0.1772 -0.9827
vn -0.0631 -0.1457 -0.9873
vn -0.4150 0.2632 0.8709
vn -0.5493 0.2174 0.8068
vn -0.5744 0.1982 0.7942
vn -0.4762 0.2212 0.8511
vn -0.5057 0.1418 0.8510
vn -0.3755 0.1609 0.9127
vn -0.3703 0.2413 0.8970
vn -0.6210 0.1232 0.7741
vn -0.6387 0.0659 0.7666
vn -0.4717 0.1003 0.8760
vn -0.3779 0.1172 0.9184
vn 0.8308 0.0903 0.5492
vn 0.8585 0.0623 0.5091
vn 0.8323 0.0889 0.5471
vn 0.4855 -0.7649 0.4234
vn 0.7256 -0.6042 0.3294
vn 0.7246 -0.6051 0.3299
vn -0.5571 -0.8031 0.2113
vn -0.2852 -0.9212 0.2648
vn -0.2966 -0.9180 0.2631
vn 0.7825 0.0719 0.6185
vn 0.7829 0.0729 0.6179
vn 0.2753 0.9571 0.0906
vn 0.4784 0.8359 0.2689
vn 0.2667 0.9602 0.0833
vn 0.7605 0.0279 0.6488
vn -0.2998 0.9437 -0.1401
vn 0.0431 0.9928 -0.1117
vn 0.0435 0.9927 -0.1127
vn -0.3161 0.9383 -0.1406
vn -0.2617 0.2854 0.9220
vn 0.0623 0.2877 0.9557
vn -0.1936 0.1330 0.9720
vn 0.0659 0.1456 0.9871
vn 0.0000 0.1759 0.9844
vn 0.0000 0.2482 0.9687
vn 0.0000 -0.1759 -0.9844
vn 0.0000 -0.1433 -0.9897
vn 0.0000 -0.9559 0.2936
vn -0.3344 0.9305 -0.1498
vn -0.3238 0.9342 -0.1498
vn 0.0000 0.2877 0.9577
vn -0.3678 0.2772 0.8877
vn 0.3557 -0.3503 -0.8665
vn 0.7886 -0.5482 0.2785
vn 0.7757 -0.5630 0.2853
vn -0.3678 0.2766 0.8878
vn -0.8571 -0.3589 -0.3695
vn -0.8221 -0.5289 -0.2110
vn -0.8318 -0.5002 -0.2406
vn -0.2967 -0.6319 0.7160
vn 0.1642 0.9033 -0.3963
vn 0.2458 0.7664 -0.5934
vn 0.1445 0.9260 -0.3489
vn 0.1332 0.9374 -0.3217
vn -0.1853 0.8751 0.4470
vn 0.5553 -0.1617 0.8157
vn 0.6341 -0.4159 0.6519
vn 0.6471 -0.4948 0.5801
vn -0.9422 -0.3113 0.1240
vn -0.9650 -0.0634 0.2543
vn -0.8997 -0.4336 0.0504
vn 0.0719 0.9822 -0.1737
vn 0.0719 0.9822 -0.1738
vn 0.0720 0.9821 -0.1738
vn 0.0193 -0.9990 -0.0395
vn 0.0207 -0.9989 -0.0429
vn 0.0208 -0.9989 -0.0432
vn 0.0222 -0.9987 -0.0466
vn 0.0000 0.9899 -0.1421
vn 0.1343 0.2500 0.9589
vn -0.0547 0.2487 0.9670
vn -0.0566 0.1772 0.9825
vn 0.1395 0.1732 0.9750
vn -0.5746 -0.1985 -0.7940
vn -0.4745 -0.2215 -0.8519
vn -0.4165 -0.2841 -0.8636
vn -0.5496 -0.2186 -0.8064
vn -0.1349 -0.2500 -0.9588
vn -0.3675 -0.2413 -0.8982
vn -0.3725 -0.1611 -0.9139
vn -0.1401 -0.1732 -0.9749
vn -0.2399 -0.3077 -0.9207
vn -0.3605 -0.3142 -0.8783
vn 0.0525 -0.2487 -0.9671
vn 0.0595 -0.2878 -0.9558
vn -0.6197 -0.1228 -0.7752
vn -0.5037 -0.1419 -0.8522
vn -0.4703 -0.1004 -0.8768
vn -0.6368 -0.0660 -0.7682
vn -0.3746 -0.1175 -0.9197
vn -0.1904 -0.1333 -0.9726
vn 0.0631 -0.1457 -0.9873
vn 0.0544 -0.1772 -0.9827
vn 0.4150 0.2632 0.8709
vn 0.4762 0.2212 0.8511
vn 0.5744 0.1982 0.7942
vn 0.5493 0.2174 0.8068
vn 0.5057 0.1418 0.8510
vn 0.3703 0.2413 0.8970
vn 0.3755 0.1609 0.9127
vn 0.6210 0.1232 0.7741
vn 0.4717 0.1003 0.8760
vn 0.6387 0.0659 0.7666
vn 0.3779 0.1172 0.9184
vn -0.8308 0.0903 0.5492
vn -0.8323 0.0889 0.5471
vn -0.8585 0.0623 0.5091
vn -0.4855 -0.7649 0.4234
vn -0.7246 -0.6051 0.3299
vn -0.7256 -0.6042 0.3294
vn 0.5571 -0.8031 0.2113
vn 0.2966 -0.9180 0.2631
vn 0.2852 -0.9212 0.2648
vn -0.7825 0.0719 0.6185
vn -0.7829 0.0729 0.6179
vn -0.2753 0.9571 0.0906
vn -0.2667 0.9602 0.0833
vn -0.4784 0.8359 0.2689
vn -0.7605 0.0279 0.6488
vn 0.2998 0.9437 -0.1401
vn 0.3161 0.9383 -0.1406
vn -0.0435 0.9927 -0.1127
vn -0.0431 0.9928 -0.1117
vn 0.2617 0.2854 0.9220
vn -0.0623 0.2877 0.9557
vn -0.0659 0.1456 0.9871
vn 0.1936 0.1330 0.9720
vn 0.0000 -0.2482 -0.9687
vn 0.0000 -0.2878 -0.9577
vn 0.3344 0.9305 -0.1498
vn 0.3238 0.9342 -0.1498
vn 0.0000 0.1433 0.9897
vn 0.3678 0.2772 0.8877
vn -0.3557 -0.3503 -0.8665
vn -0.7757 -0.5630 0.2853
vn -0.7886 -0.5482 0.2785
vn 0.3678 0.2766 0.8878
vn 0.8571 -0.3589 -0.3695
vn 0.8318 -0.5002 -0.2406
vn 0.8221 -0.5289 -0.2110
vn 0.2967 -0.6319 0.7160
vn -0.1642 0.9033 -0.3963
vn -0.1445 0.9260 -0.3489
vn -0.2458 0.7664 -0.5934
vn -0.1332 0.9374 -0.3217
vn 0.1853 0.8751 0.4470
vn -0.5553 -0.1617 0.8157
vn -0.6471 -0.4948 0.5801
vn -0.6341 -0.4159 0.6519
vn 0.9422 -0.3113 0.1240
vn 0.8997 -0.4336 0.0504
vn 0.9650 -0.0634 0.2543
vn -0.0719 0.9822 -0.1737
vn -0.0719 0.9822 -0.1738
vn -0.0720 0.9821 -0.1738
vn -0.0193 -0.9990 -0.0395
vn -0.0208 -0.9989 -0.0432
vn -0.0207 -0.9989 -0.0429
vn -0.0222 -0.9987 -0.0466
# 184 vertex normals

vt 0.6446 1.0000 0.0000
vt 0.4440 1.0000 0.0000
vt 0.4250 1.0000 0.0000
vt 0.6250 1.0000 0.0000
vt 0.3667 1.0000 0.0000
vt 0.2500 1.0000 0.0000
vt 0.8750 0.3333 0.0000
vt 0.7583 0.6000 0.0000
vt 0.6042 1.0000 0.0000
vt 0.5917 0.8000 0.0000
vt 0.5833 0.6667 0.0000
vt 0.2917 1.0000 0.0000
vt 0.3095 1.0000 0.0000
vt 0.4442 1.0000 0.0000
vt 0.5833 1.0000 0.0000
vt 0.5417 1.0000 0.0000
vt 0.9167 0.3333 0.0000
vt 0.9375 0.3333 0.0000
vt 0.9583 0.3333 0.0000
vt 0.9782 0.3333 0.0000
vt 0.9790 0.3333 0.0000
vt 0.3092 1.0000 0.0000
vt 0.9789 0.3333 0.0000
vt 0.9780 0.3333 0.0000
vt 0.6448 1.0000 0.0000
vt 0.7917 0.6667 0.0000
vt 0.6625 0.6667 0.0000
# 27 texture coords

o Engine_cone_Large_Falp_010
g Engine_cone_Large_Falp_010
usemtl Material__42
s off
f 1579/129/1188 1580/130/1189 1581/131/1190 1582/132/1191 
f 1583/133/1192 1584/134/1193 1585/135/1194 1586/136/1195 
f 1587/131/1196 1588/132/1197 1589/137/1198 1590/138/1199 
f 1590/138/1199 1591/139/1200 1592/140/1201 1587/131/1196 
f 1592/140/1201 1593/141/1202 1594/142/1203 1587/131/1196 
f 1583/133/1192 1586/136/1195 1595/143/1204 1596/144/1205 
f 1597/145/1206 1598/135/1207 1596/135/1205 1595/145/1204 
f 1599/146/1208 1589/146/1198 1588/147/1197 1600/147/1209 
f 1601/148/1210 1602/149/1211 1600/147/1209 1588/147/1197 
f 1603/135/1212 1604/134/1213 1605/133/1214 1606/136/1215 
f 1607/143/1216 1608/137/1217 1609/138/1218 1606/136/1215 
f 1607/143/1216 1606/136/1215 1605/133/1214 1610/144/1219 
f 1610/135/1219 1611/135/1220 1612/145/1221 1607/145/1216 
f 1612/145/1221 1613/146/1222 1608/146/1217 1607/145/1216 
f 1605/133/1223 1604/134/1224 1584/134/1224 1583/133/1225 
f 1604/134/1226 1603/135/1227 1585/135/1228 1584/134/1226 
f 1614/140/1229 1615/150/1230 1593/141/1231 1592/140/1229 
f 1610/144/1232 1605/133/1223 1583/133/1225 1596/144/1233 
f 1612/145/1234 1611/135/1235 1598/135/1235 1597/145/1236 
f 1611/135/1237 1610/135/1232 1596/135/1233 1598/135/1237 
f 1616/147/1238 1613/146/1239 1599/146/1240 1600/147/1241 
f 1614/140/1242 1581/131/1190 1580/130/1189 1615/150/1243 
f 1616/147/1244 1617/151/1245 1579/152/1188 1582/147/1191 
f 1618/129/1246 1619/130/1247 1580/130/1189 1579/129/1188 
f 1601/153/1210 1588/132/1197 1587/131/1196 1594/142/1203 
f 1620/148/1248 1621/149/1249 1602/149/1211 1601/148/1210 
f 1622/150/1250 1623/141/1250 1593/141/1231 1615/150/1230 
f 1616/147/1238 1600/147/1241 1602/149/1251 1617/151/1252 
f 1619/130/1247 1622/150/1253 1615/150/1243 1580/130/1189 
f 1614/132/1242 1624/154/1254 1609/155/1218 1581/133/1190 
f 1595/143/1204 1586/136/1195 1590/138/1199 1589/137/1198 
f 1586/136/1195 1585/135/1194 1591/139/1200 1590/138/1199 
f 1597/145/1206 1595/145/1204 1589/146/1198 1599/146/1208 
f 1608/137/1217 1582/132/1191 1581/131/1190 1609/138/1218 
f 1613/146/1222 1616/147/1244 1582/147/1191 1608/146/1217 
f 1612/145/1234 1597/145/1236 1599/146/1240 1613/146/1239 
f 1624/154/1254 1603/147/1212 1606/147/1215 1609/155/1218 
f 1591/139/1200 1585/135/1194 1625/135/1255 1626/139/1255 
f 1585/135/1228 1603/135/1227 1627/135/1256 1625/135/1257 
f 1603/135/1212 1624/139/1254 1628/139/1258 1627/135/1258 
f 1624/139/1254 1614/140/1242 1629/140/1258 1628/139/1258 
f 1614/140/1259 1592/140/1259 1630/140/1260 1629/140/1261 
f 1592/140/1201 1591/139/1200 1626/139/1255 1630/140/1255 
f 1631/135/1262 1632/139/1262 1633/139/1262 1634/135/1262 
f 1632/139/1262 1635/140/1262 1636/140/1262 1633/139/1262 
f 1637/139/1263 1638/139/1264 1639/135/1264 1640/135/1265 
f 1641/140/1266 1642/140/1264 1638/139/1264 1637/139/1263 
f 1632/139/1267 1631/135/1267 1639/135/1267 1638/139/1267 
f 1631/135/1268 1634/135/1269 1640/135/1270 1639/135/1268 
f 1635/140/1267 1632/139/1267 1638/139/1267 1642/140/1267 
f 1636/140/1271 1635/140/1272 1642/140/1272 1641/140/1273 
f 1625/135/1257 1627/135/1256 1640/135/1270 1634/135/1269 
f 1627/135/1274 1628/139/1275 1637/139/1263 1640/135/1265 
f 1628/139/1275 1629/140/1276 1641/140/1266 1637/139/1263 
f 1629/140/1261 1630/140/1260 1636/140/1271 1641/140/1273 
f 1630/140/1277 1626/139/1278 1633/139/1279 1636/140/1277 
f 1626/139/1278 1625/135/1280 1634/135/1280 1633/139/1279 
f 1602/149/1251 1621/149/1281 1643/151/1281 1617/151/1252 
f 1644/131/1282 1645/130/1283 1646/129/1284 1647/132/1285 
f 1648/133/1286 1649/136/1287 1650/135/1288 1651/134/1289 
f 1652/131/1290 1653/138/1291 1654/137/1292 1655/132/1293 
f 1656/140/1294 1657/139/1295 1653/138/1291 1652/131/1290 
f 1656/140/1294 1652/131/1290 1658/142/1296 1659/141/1297 
f 1648/133/1286 1660/144/1298 1661/143/1299 1649/136/1287 
f 1662/145/1300 1661/145/1299 1660/135/1298 1663/135/1301 
f 1655/147/1293 1654/146/1292 1664/146/1302 1665/147/1303 
f 1665/147/1303 1666/149/1304 1667/148/1305 1655/147/1293 
f 1668/135/1306 1669/136/1307 1670/133/1308 1671/134/1309 
f 1672/143/1310 1669/136/1307 1673/138/1311 1674/137/1312 
f 1672/143/1310 1675/144/1313 1670/133/1308 1669/136/1307 
f 1675/135/1313 1672/145/1310 1676/145/1314 1677/135/1315 
f 1674/146/1312 1678/146/1316 1676/145/1314 1672/145/1310 
f 1670/133/1317 1648/133/1318 1651/134/1319 1671/134/1319 
f 1671/134/1320 1651/134/1320 1650/135/1321 1668/135/1322 
f 1679/140/1323 1656/140/1323 1659/141/1324 1680/150/1325 
f 1675/144/1326 1660/144/1327 1648/133/1318 1670/133/1317 
f 1676/145/1328 1662/145/1329 1663/135/1330 1677/135/1330 
f 1677/135/1331 1663/135/1331 1660/135/1327 1675/135/1326 
f 1681/147/1332 1665/147/1333 1664/146/1334 1678/146/1335 
f 1679/140/1336 1680/150/1337 1645/130/1283 1644/131/1282 
f 1646/152/1284 1682/151/1338 1681/147/1339 1647/147/1285 
f 1667/153/1305 1658/142/1296 1652/131/1290 1655/132/1293 
f 1658/142/1296 1683/142/1340 1623/141/1341 1659/141/1297 
f 1666/149/1342 1665/147/1333 1681/147/1332 1682/151/1343 
f 1646/152/1284 1618/152/1246 1643/151/1344 1682/151/1338 
f 1673/155/1311 1684/154/1345 1679/132/1336 1644/133/1282 
f 1653/138/1291 1649/136/1287 1661/143/1299 1654/137/1292 
f 1657/139/1295 1650/135/1288 1649/136/1287 1653/138/1291 
f 1654/146/1292 1661/145/1299 1662/145/1300 1664/146/1302 
f 1674/137/1312 1673/138/1311 1644/131/1282 1647/132/1285 
f 1678/146/1316 1674/146/1312 1647/147/1285 1681/147/1339 
f 1664/146/1334 1662/145/1329 1676/145/1328 1678/146/1335 
f 1684/154/1345 1673/155/1311 1669/147/1307 1668/147/1306 
f 1657/139/1295 1685/139/1346 1686/135/1346 1650/135/1288 
f 1650/135/1321 1686/135/1347 1687/135/1348 1668/135/1322 
f 1668/135/1306 1687/135/1349 1688/139/1349 1684/139/1345 
f 1684/139/1345 1688/139/1349 1689/140/1349 1679/140/1336 
f 1679/140/1350 1689/140/1351 1690/140/1352 1656/140/1350 
f 1656/140/1294 1690/140/1346 1685/139/1346 1657/139/1295 
f 1691/135/1353 1692/135/1353 1693/139/1353 1694/139/1353 
f 1694/139/1353 1693/139/1353 1695/140/1353 1696/140/1353 
f 1697/139/1354 1698/135/1355 1699/135/1356 1700/139/1356 
f 1701/140/1357 1697/139/1354 1700/139/1356 1702/140/1356 
f 1694/139/1358 1700/139/1358 1699/135/1358 1691/135/1358 
f 1691/135/1359 1699/135/1359 1698/135/1360 1692/135/1361 
f 1696/140/1358 1702/140/1358 1700/139/1358 1694/139/1358 
f 1695/140/1362 1701/140/1363 1702/140/1364 1696/140/1364 
f 1686/135/1347 1692/135/1361 1698/135/1360 1687/135/1348 
f 1687/135/1365 1698/135/1355 1697/139/1354 1688/139/1366 
f 1688/139/1366 1697/139/1354 1701/140/1357 1689/140/1367 
f 1689/140/1351 1701/140/1363 1695/140/1362 1690/140/1352 
f 1690/140/1368 1695/140/1368 1693/139/1369 1685/139/1370 
f 1685/139/1370 1693/139/1369 1692/135/1371 1686/135/1371 
f 1594/142/1203 1683/142/1340 1620/153/1248 1601/153/1210 
f 1646/129/1284 1645/130/1283 1619/130/1247 1618/129/1246 
f 1667/148/1305 1666/149/1304 1621/149/1249 1620/148/1248 
f 1622/150/1250 1680/150/1325 1659/141/1324 1623/141/1250 
f 1645/130/1283 1680/150/1337 1622/150/1253 1619/130/1247 
f 1666/149/1342 1682/151/1343 1643/151/1281 1621/149/1281 
f 1594/142/1203 1593/141/1202 1623/141/1341 1683/142/1340 
f 1579/152/1188 1617/151/1245 1643/151/1344 1618/152/1246 
f 1658/142/1296 1667/153/1305 1620/153/1248 1683/142/1340 
# 122 polygons

#
# object Engine_cone_Small_Falp_025
#

v  63.7029 -114.1715 -333.3851
v  65.3037 -120.8204 -335.1667
v  51.4437 -124.2621 -336.0889
v  50.3904 -115.6065 -333.7696
v  80.1003 -104.1902 -330.7107
v  80.3084 -104.5054 -330.7952
v  83.4557 -109.7710 -332.2061
v  80.3349 -139.1443 -201.6954
v  80.3348 -134.6927 -218.3089
v  65.5771 -143.6759 -220.7159
v  65.5772 -148.1275 -204.1024
v  22.3102 -137.9809 -263.0427
v  35.9715 -114.2885 -333.4163
v  36.1668 -119.1569 -334.7208
v  22.5055 -142.8493 -264.3472
v  36.7290 -139.2990 -263.3959
v  65.3003 -139.8999 -263.9227
v  37.7823 -147.9545 -265.7152
v  20.4728 -142.5667 -248.3556
v  20.6681 -147.4351 -249.6601
v  26.2872 -154.3754 -222.9177
v  26.0920 -149.5069 -221.6132
v  63.7033 -137.3310 -246.9530
v  34.8916 -143.8847 -248.7089
v  34.8917 -151.0353 -222.0227
v  35.9449 -152.5403 -251.0281
v  35.9450 -159.6908 -224.3420
v  66.4619 -153.2878 -205.3445
v  66.9089 -149.4863 -222.2727
v  63.6999 -133.2522 -262.1415
v  65.3041 -143.9799 -248.7345
v  21.1274 -145.2710 -257.1296
v  20.9321 -140.4026 -255.8251
v  35.3509 -141.7207 -256.1783
v  65.3031 -141.9422 -256.3293
v  36.4042 -150.3762 -258.4976
v  63.7024 -135.2937 -254.5478
v  83.2366 -139.5474 -219.6096
v  82.8171 -143.3322 -202.6770
v  83.4508 -128.8515 -260.9624
v  80.1006 -127.3497 -244.2785
v  80.0993 -125.3126 -251.8734
v  80.0956 -123.2718 -259.4673
v  83.4547 -130.8931 -253.3687
v  83.4561 -132.9305 -245.7739
v  97.2775 -95.4477 -328.3682
v  105.2204 -85.0290 -325.5765
v  112.4541 -90.2379 -326.9723
v  102.4384 -100.1112 -329.6178
v  80.1299 -104.1737 -330.7063
v  95.7678 -126.8392 -216.2046
v  95.7679 -131.2908 -199.5912
v  115.5154 -74.9060 -322.8641
v  111.2481 -72.3084 -322.1681
v  122.1244 -82.3167 -248.1279
v  126.3917 -84.9142 -248.8239
v  116.0968 -95.0373 -251.5363
v  102.4319 -119.1925 -258.3743
v  123.3305 -100.2462 -252.9321
v  124.8566 -99.4054 -208.1889
v  127.8545 -87.6596 -233.6437
v  123.5872 -85.0620 -232.9477
v  120.5893 -96.8079 -207.4928
v  117.5597 -104.9332 -209.6700
v  117.5596 -97.7826 -236.3561
v  97.2779 -118.6072 -241.9361
v  124.7934 -110.1421 -211.0658
v  124.7933 -102.9915 -237.7519
v  99.9206 -134.6286 -200.3449
v  100.3114 -130.8585 -217.2815
v  97.2719 -114.5298 -257.1250
v  102.4387 -123.2708 -243.1856
v  123.2215 -83.3581 -240.5405
v  127.4888 -85.9556 -241.2365
v  117.1939 -96.0787 -243.9489
v  124.4276 -101.2876 -245.3447
v  102.4369 -121.2335 -250.7805
v  97.2763 -116.5702 -249.5310
v  80.1302 -127.3332 -244.2741
v  80.1259 -123.2550 -259.4628
v  80.1291 -125.2960 -251.8690
# 81 vertices

vn 0.0000 1.0000 -0.0000
vn -0.3420 -0.0000 0.9397
vn -0.3420 -0.0081 0.9397
vn -0.2794 -0.0045 0.9602
vn -0.3781 -0.0000 0.9257
vn -0.9742 0.1821 0.1331
vn -0.9740 0.1835 0.1331
vn -0.9742 0.1820 0.1331
vn 0.1163 -0.0461 0.9921
vn 0.1110 -0.0434 0.9929
vn 0.2648 -0.0799 0.9610
vn 0.2648 -0.0791 0.9610
vn 0.2465 0.0025 -0.9691
vn 0.1110 0.0044 -0.9938
vn 0.1032 0.0050 -0.9946
vn 0.2431 0.0024 -0.9700
vn -0.9884 -0.0697 0.1351
vn -0.9883 -0.0712 0.1350
vn -0.9709 -0.1994 0.1327
vn -0.2174 -0.0038 0.9761
vn 0.1162 -0.0023 0.9932
vn 0.1211 0.0105 0.9926
vn -0.5171 -0.0008 -0.8559
vn -0.5181 -0.0022 -0.8553
vn -0.5499 -0.0440 -0.8341
vn 0.0120 -0.9999 -0.0002
vn 0.0096 -1.0000 -0.0002
vn 0.0000 -1.0000 -0.0000
vn -0.9998 0.0088 -0.0189
vn -0.0000 1.0000 0.0000
vn -0.2087 -0.0062 0.9780
vn -0.1991 -0.0069 0.9800
vn -0.4827 0.1181 -0.8678
vn -0.4827 0.1179 -0.8678
vn -0.4826 0.1190 -0.8677
vn 0.2802 -0.0055 0.9599
vn 0.2962 0.0167 0.9550
vn 0.2513 -0.0082 -0.9679
vn 0.3020 -0.0276 -0.9529
vn 0.1342 -0.0177 -0.9908
vn 0.1263 -0.0084 -0.9920
vn 0.0202 -0.9998 -0.0003
vn -0.9838 0.1190 0.1344
vn -0.9834 0.1218 0.1344
vn 0.2653 -0.0501 0.9629
vn 0.1131 -0.0315 0.9931
vn 0.2501 0.0017 -0.9682
vn 0.1176 0.0026 -0.9931
vn -0.2193 -0.0037 0.9757
vn -0.4847 0.0752 -0.8714
vn -0.4845 0.0802 -0.8711
vn 0.3418 -0.0323 -0.9392
vn 0.3416 -0.0484 -0.9386
vn 0.3777 -0.0483 -0.9247
vn 0.3420 -0.0001 -0.9397
vn 0.3420 0.0004 -0.9397
vn -0.3781 -0.0083 0.9257
vn -0.3781 -0.0006 0.9257
vn -0.3781 -0.0004 0.9257
vn 0.3420 0.0007 -0.9397
vn 0.3420 -0.0080 -0.9397
vn -0.3781 0.0001 0.9257
vn -0.4032 -0.0045 0.9151
vn -0.3054 -0.0000 0.9522
vn 0.6606 0.1835 0.7280
vn 0.6607 0.1821 0.7282
vn 0.6607 0.1820 0.7282
vn -0.8206 -0.0799 0.5659
vn -0.7233 -0.0434 0.6892
vn -0.7268 -0.0461 0.6853
vn -0.8206 -0.0791 0.5660
vn 0.4341 0.0025 -0.9008
vn 0.4373 0.0024 -0.8993
vn 0.5603 0.0050 -0.8283
vn 0.5538 0.0044 -0.8327
vn 0.6585 -0.1994 0.7257
vn 0.6703 -0.0712 0.7387
vn 0.6703 -0.0697 0.7388
vn -0.7308 0.0105 0.6825
vn -0.7274 -0.0023 0.6862
vn -0.4609 -0.0038 0.8875
vn 0.9574 -0.0440 -0.2855
vn 0.9467 -0.0022 -0.3222
vn 0.9463 -0.0008 -0.3233
vn -0.0072 -1.0000 -0.0063
vn -0.0090 -0.9999 -0.0078
vn 0.7780 0.0088 0.6282
vn -0.4774 -0.0069 0.8787
vn -0.4687 -0.0062 0.8833
vn 0.9276 0.1181 -0.3545
vn 0.9275 0.1190 -0.3545
vn 0.9276 0.1179 -0.3545
vn -0.8408 0.0167 0.5411
vn -0.8317 -0.0055 0.5552
vn 0.5341 -0.0177 -0.8453
vn 0.3811 -0.0276 -0.9241
vn 0.4296 -0.0082 -0.9030
vn 0.5408 -0.0084 -0.8411
vn -0.0152 -0.9998 -0.0132
vn 0.6670 0.1218 0.7351
vn 0.6672 0.1190 0.7353
vn -0.7250 -0.0315 0.6881
vn -0.8222 -0.0501 0.5670
vn 0.5482 0.0026 -0.8363
vn 0.4307 0.0017 -0.9025
vn -0.4592 -0.0037 0.8883
vn 0.9311 0.0802 -0.3558
vn 0.9315 0.0752 -0.3560
vn 0.3050 -0.0483 -0.9511
vn -0.3054 -0.0083 0.9522
vn -0.3054 -0.0004 0.9522
vn -0.3054 -0.0006 0.9522
vn -0.3054 0.0001 0.9522
# 113 vertex normals

vt 0.9583 0.3333 0.0000
vt 0.9875 0.3333 0.0000
vt 0.2917 0.3333 0.0000
vt 0.3182 0.3333 0.0000
vt 0.7500 0.3333 0.0000
vt 1.0000 0.3333 0.0000
vt 0.9000 0.3333 0.0000
vt 0.9167 0.3333 0.0000
vt 0.8750 0.3333 0.0000
vt 0.8333 0.3333 0.0000
# 10 texture coords

o Engine_cone_Small_Falp_025
g Engine_cone_Small_Falp_025
usemtl Material__42
s off
f 1703/156/1372 1704/156/1372 1705/157/1372 1706/157/1372 
f 1707/158/1372 1708/159/1372 1709/160/1372 1704/160/1372 1703/158/1372 
f 1710/158/1373 1711/158/1374 1712/158/1375 1713/158/1376 
f 1714/161/1377 1715/161/1378 1716/161/1378 1717/161/1379 
f 1718/157/1380 1706/157/1381 1715/161/1382 1714/161/1383 
f 1719/156/1384 1720/157/1385 1705/157/1386 1704/156/1387 
f 1721/161/1388 1722/161/1389 1723/161/1390 1724/161/1390 
f 1725/156/1391 1726/157/1392 1727/157/1393 1712/156/1375 
f 1722/161/1394 1728/157/1395 1729/157/1396 1723/161/1396 
f 1729/162/1397 1727/163/1398 1724/163/1399 1723/164/1399 
f 1730/158/1400 1713/165/1400 1712/163/1400 1731/156/1400 
f 1705/157/1372 1716/161/1401 1715/161/1401 1706/157/1372 
f 1732/156/1402 1703/156/1403 1706/157/1381 1718/157/1380 
f 1720/157/1404 1717/161/1405 1716/161/1406 1705/157/1406 
f 1721/161/1407 1724/161/1408 1727/157/1393 1726/157/1392 
f 1733/156/1409 1731/156/1410 1729/157/1411 1728/157/1412 
f 1729/162/1397 1731/156/1413 1712/163/1413 1727/163/1398 
f 1714/161/1377 1717/161/1379 1734/161/1414 1735/161/1415 
f 1718/157/1380 1714/161/1383 1735/161/1416 1736/157/1417 
f 1720/157/1385 1719/156/1384 1737/156/1418 1738/157/1419 
f 1722/161/1389 1721/161/1388 1735/161/1415 1734/161/1414 
f 1726/157/1392 1725/156/1391 1739/156/1420 1736/157/1417 
f 1728/157/1395 1722/161/1394 1734/161/1421 1738/157/1422 
f 1732/156/1402 1718/157/1380 1736/157/1417 1739/156/1420 
f 1717/161/1405 1720/157/1404 1738/157/1422 1734/161/1421 
f 1721/161/1407 1726/157/1392 1736/157/1417 1735/161/1416 
f 1733/156/1409 1728/157/1412 1738/157/1419 1737/156/1418 
f 1731/160/1410 1740/160/1423 1741/160/1424 1730/160/1425 
f 1704/160/1387 1709/160/1426 1742/160/1427 1719/160/1384 
f 1712/158/1375 1711/158/1374 1743/158/1428 1725/158/1391 
f 1739/158/1420 1744/158/1429 1745/158/1430 1732/158/1402 
f 1737/160/1418 1746/160/1431 1747/160/1432 1733/160/1409 
f 1703/158/1403 1732/158/1402 1745/158/1430 1707/158/1433 
f 1739/158/1420 1725/158/1391 1743/158/1428 1744/158/1429 
f 1731/160/1410 1733/160/1409 1747/160/1432 1740/160/1423 
f 1737/160/1418 1719/160/1384 1742/160/1427 1746/160/1431 
f 1748/156/1372 1749/157/1372 1750/157/1372 1751/156/1372 
f 1752/158/1372 1748/158/1372 1751/160/1372 1709/160/1372 1708/159/1372 
f 1753/158/1434 1711/158/1374 1710/158/1373 1754/158/1435 
f 1755/161/1436 1756/161/1436 1757/161/1437 1758/161/1438 
f 1756/161/1439 1749/157/1440 1759/157/1441 1757/161/1442 
f 1760/156/1443 1751/156/1444 1750/157/1445 1761/157/1446 
f 1762/161/1447 1763/161/1448 1764/161/1449 1765/161/1447 
f 1766/157/1450 1767/157/1451 1768/156/1452 1753/156/1434 
f 1769/157/1453 1770/157/1454 1763/161/1455 1762/161/1453 
f 1765/163/1399 1766/163/1456 1769/162/1457 1762/164/1399 
f 1753/163/1458 1754/165/1458 1771/158/1458 1772/156/1458 
f 1750/157/1372 1749/157/1372 1756/161/1401 1755/161/1401 
f 1749/157/1440 1748/156/1459 1773/156/1460 1759/157/1441 
f 1761/157/1461 1750/157/1462 1755/161/1462 1758/161/1463 
f 1766/157/1450 1765/161/1464 1764/161/1465 1767/157/1451 
f 1769/157/1466 1772/156/1467 1774/156/1468 1770/157/1469 
f 1769/162/1457 1766/163/1456 1753/163/1470 1772/156/1470 
f 1757/161/1437 1775/161/1471 1776/161/1472 1758/161/1438 
f 1759/157/1441 1777/157/1473 1775/161/1474 1757/161/1442 
f 1761/157/1446 1778/157/1475 1779/156/1476 1760/156/1443 
f 1763/161/1448 1776/161/1472 1775/161/1471 1764/161/1449 
f 1767/157/1451 1777/157/1473 1780/156/1477 1768/156/1452 
f 1770/157/1454 1778/157/1478 1776/161/1479 1763/161/1455 
f 1773/156/1460 1780/156/1477 1777/157/1473 1759/157/1441 
f 1758/161/1463 1776/161/1479 1778/157/1478 1761/157/1461 
f 1764/161/1465 1775/161/1474 1777/157/1473 1767/157/1451 
f 1774/156/1468 1779/156/1476 1778/157/1475 1770/157/1469 
f 1741/160/1424 1740/160/1423 1772/160/1467 1771/160/1480 
f 1742/160/1427 1709/160/1426 1751/160/1444 1760/160/1443 
f 1781/158/1481 1711/158/1374 1753/158/1434 1768/158/1452 
f 1782/158/1482 1783/158/1483 1780/158/1477 1773/158/1460 
f 1747/160/1432 1746/160/1431 1779/160/1476 1774/160/1468 
f 1782/158/1482 1773/158/1460 1748/158/1459 1752/158/1484 
f 1781/158/1481 1768/158/1452 1780/158/1477 1783/158/1483 
f 1747/160/1432 1774/160/1468 1772/160/1467 1740/160/1423 
f 1742/160/1427 1760/160/1443 1779/160/1476 1746/160/1431 
# 72 polygons

#
# object Engine_cone_Small_Falp_026
#

v  160.9812 15.8714 -335.8238
v  167.7429 13.8861 -336.3558
v  163.8986 0.5711 -339.9235
v  155.6115 4.0177 -338.9999
v  160.2309 34.5788 -330.8113
v  160.6176 34.5953 -330.8068
v  166.9123 34.5953 -330.8068
v  160.6699 0.0004 -201.6953
v  160.6699 4.4519 -218.3088
v  161.3451 -12.3848 -222.8201
v  161.3452 -16.8363 -206.2067
v  144.4350 -40.2492 -274.1392
v  147.2204 -7.3848 -342.0552
v  151.6829 -9.6557 -342.6637
v  148.8975 -42.5201 -274.7476
v  152.8261 -28.8467 -271.0839
v  167.7326 -5.2011 -265.1139
v  161.1132 -32.2933 -272.0074
v  144.0603 -46.0686 -259.7826
v  148.5229 -48.3394 -260.3911
v  151.1440 -50.6843 -232.4173
v  146.6814 -48.4135 -231.8088
v  160.9815 -7.2877 -249.3916
v  152.4515 -34.6660 -256.7274
v  152.4516 -41.8165 -230.0412
v  160.7385 -38.1127 -257.6509
v  160.7386 -45.2631 -230.9648
v  166.3826 -18.6940 -206.5638
v  167.2205 -14.1760 -223.3000
v  160.9722 -3.2159 -264.5820
v  167.7431 -9.2731 -249.9235
v  148.6165 -45.8670 -267.7780
v  144.1540 -43.5961 -267.1695
v  152.5452 -32.1936 -264.1143
v  167.7404 -7.2375 -257.5188
v  160.8322 -35.6403 -265.0378
v  160.9791 -5.2522 -256.9869
v  166.4734 4.4519 -218.3087
v  165.6342 -0.0348 -201.5641
v  166.9021 15.5064 -259.5654
v  160.2312 11.4196 -244.3790
v  160.2288 13.4546 -251.9745
v  160.2219 15.4896 -259.5699
v  166.9098 13.4713 -251.9700
v  166.9125 11.4361 -244.3746
v  160.9812 53.3191 -325.7899
v  155.6116 65.1728 -322.6137
v  163.8986 68.6195 -321.6902
v  167.7429 55.3044 -325.2579
v  160.2309 34.6118 -330.8024
v  161.3451 21.2885 -213.7974
v  161.3452 16.8370 -197.1840
v  151.6829 78.8462 -318.9500
v  147.2204 76.5753 -319.5584
v  144.4350 71.0792 -244.3092
v  148.8975 73.3500 -243.7007
v  152.8262 59.6766 -247.3644
v  167.7326 36.2139 -254.0169
v  161.1132 63.1233 -246.4409
v  151.1440 59.2556 -202.9594
v  148.5229 71.2116 -228.3579
v  144.0604 68.9407 -228.9664
v  146.6815 56.9847 -203.5678
v  152.4516 50.3877 -205.3355
v  152.4515 57.5382 -232.0217
v  160.9815 30.1599 -239.3576
v  160.7386 53.8344 -204.4120
v  160.7386 60.9849 -231.0981
v  166.3826 18.6244 -196.5645
v  167.2205 23.0797 -213.3175
v  160.9722 34.2288 -254.5488
v  167.7431 32.1453 -238.8256
v  144.1540 70.4929 -236.5998
v  148.6166 72.7638 -235.9913
v  152.5452 59.0904 -239.6551
v  160.8322 62.5371 -238.7316
v  167.7404 34.1800 -246.4212
v  160.9791 32.1947 -246.9531
v  160.2312 11.4526 -244.3701
v  160.2219 15.5233 -259.5609
v  160.2288 13.4879 -251.9656
# 81 vertices

vn 0.0000 1.0000 -0.0000
vn -0.3420 -0.0000 0.9397
vn -0.3420 -0.0081 0.9397
vn -0.2794 -0.0045 0.9602
vn -0.3781 -0.0000 0.9257
vn -0.9742 0.1821 0.1331
vn -0.9740 0.1835 0.1331
vn -0.9742 0.1820 0.1331
vn 0.1163 -0.0461 0.9921
vn 0.1110 -0.0434 0.9929
vn 0.2648 -0.0799 0.9610
vn 0.2648 -0.0791 0.9610
vn 0.2465 0.0025 -0.9691
vn 0.1110 0.0044 -0.9938
vn 0.1032 0.0050 -0.9946
vn 0.2431 0.0024 -0.9700
vn -0.9884 -0.0697 0.1351
vn -0.9883 -0.0712 0.1350
vn -0.9709 -0.1994 0.1327
vn -0.2174 -0.0038 0.9761
vn 0.1162 -0.0023 0.9932
vn 0.1211 0.0105 0.9926
vn -0.5171 -0.0008 -0.8559
vn -0.5181 -0.0022 -0.8553
vn -0.5499 -0.0440 -0.8341
vn 0.0120 -0.9999 -0.0002
vn 0.0096 -1.0000 -0.0002
vn 0.0000 -1.0000 -0.0000
vn -0.9998 0.0088 -0.0189
vn -0.0000 1.0000 0.0000
vn -0.2087 -0.0062 0.9780
vn -0.1991 -0.0069 0.9800
vn -0.4827 0.1181 -0.8678
vn -0.4827 0.1179 -0.8678
vn -0.4826 0.1190 -0.8677
vn 0.2802 -0.0055 0.9599
vn 0.2962 0.0167 0.9550
vn 0.2513 -0.0082 -0.9679
vn 0.3020 -0.0276 -0.9529
vn 0.1342 -0.0177 -0.9908
vn 0.1263 -0.0084 -0.9920
vn 0.0202 -0.9998 -0.0003
vn -0.9838 0.1190 0.1344
vn -0.9834 0.1218 0.1344
vn 0.2653 -0.0501 0.9629
vn 0.1131 -0.0315 0.9931
vn 0.2501 0.0017 -0.9682
vn 0.1176 0.0026 -0.9931
vn -0.2193 -0.0037 0.9757
vn -0.4847 0.0752 -0.8714
vn -0.4845 0.0802 -0.8711
vn 0.3418 -0.0323 -0.9392
vn 0.3416 -0.0484 -0.9386
vn 0.3777 -0.0483 -0.9247
vn 0.3420 -0.0001 -0.9397
vn 0.3420 0.0004 -0.9397
vn -0.3781 -0.0083 0.9257
vn -0.3781 -0.0006 0.9257
vn -0.3781 -0.0004 0.9257
vn 0.3420 0.0007 -0.9397
vn 0.3420 -0.0080 -0.9397
vn -0.3781 0.0001 0.9257
vn -0.4032 -0.0045 0.9151
vn -0.3054 -0.0000 0.9522
vn 0.6606 0.1835 0.7280
vn 0.6607 0.1821 0.7282
vn 0.6607 0.1820 0.7282
vn -0.8206 -0.0799 0.5659
vn -0.7233 -0.0434 0.6892
vn -0.7268 -0.0461 0.6853
vn -0.8206 -0.0791 0.5660
vn 0.4341 0.0025 -0.9008
vn 0.4373 0.0024 -0.8993
vn 0.5603 0.0050 -0.8283
vn 0.5538 0.0044 -0.8327
vn 0.6585 -0.1994 0.7257
vn 0.6703 -0.0712 0.7387
vn 0.6703 -0.0697 0.7388
vn -0.7308 0.0105 0.6825
vn -0.7274 -0.0023 0.6862
vn -0.4609 -0.0038 0.8875
vn 0.9574 -0.0440 -0.2855
vn 0.9467 -0.0022 -0.3222
vn 0.9463 -0.0008 -0.3233
vn -0.0072 -1.0000 -0.0063
vn -0.0090 -0.9999 -0.0078
vn 0.7780 0.0088 0.6282
vn -0.4774 -0.0069 0.8787
vn -0.4687 -0.0062 0.8833
vn 0.9276 0.1181 -0.3545
vn 0.9275 0.1190 -0.3545
vn 0.9276 0.1179 -0.3545
vn -0.8408 0.0167 0.5411
vn -0.8317 -0.0055 0.5552
vn 0.5341 -0.0177 -0.8453
vn 0.3811 -0.0276 -0.9241
vn 0.4296 -0.0082 -0.9030
vn 0.5408 -0.0084 -0.8411
vn -0.0152 -0.9998 -0.0132
vn 0.6670 0.1218 0.7351
vn 0.6672 0.1190 0.7353
vn -0.7250 -0.0315 0.6881
vn -0.8222 -0.0501 0.5670
vn 0.5482 0.0026 -0.8363
vn 0.4307 0.0017 -0.9025
vn -0.4592 -0.0037 0.8883
vn 0.9311 0.0802 -0.3558
vn 0.9315 0.0752 -0.3560
vn 0.3050 -0.0483 -0.9511
vn -0.3054 -0.0083 0.9522
vn -0.3054 -0.0004 0.9522
vn -0.3054 -0.0006 0.9522
vn -0.3054 0.0001 0.9522
# 113 vertex normals

vt 0.9583 0.3333 0.0000
vt 0.9875 0.3333 0.0000
vt 0.2917 0.3333 0.0000
vt 0.3182 0.3333 0.0000
vt 0.7500 0.3333 0.0000
vt 1.0000 0.3333 0.0000
vt 0.9000 0.3333 0.0000
vt 0.9167 0.3333 0.0000
vt 0.8750 0.3333 0.0000
vt 0.8333 0.3333 0.0000
# 10 texture coords

o Engine_cone_Small_Falp_026
g Engine_cone_Small_Falp_026
usemtl Material__42
s off
f 1784/166/1485 1785/166/1485 1786/167/1485 1787/167/1485 
f 1788/168/1485 1789/169/1485 1790/170/1485 1785/170/1485 1784/168/1485 
f 1791/168/1486 1792/168/1487 1793/168/1488 1794/168/1489 
f 1795/171/1490 1796/171/1491 1797/171/1491 1798/171/1492 
f 1799/167/1493 1787/167/1494 1796/171/1495 1795/171/1496 
f 1800/166/1497 1801/167/1498 1786/167/1499 1785/166/1500 
f 1802/171/1501 1803/171/1502 1804/171/1503 1805/171/1503 
f 1806/166/1504 1807/167/1505 1808/167/1506 1793/166/1488 
f 1803/171/1507 1809/167/1508 1810/167/1509 1804/171/1509 
f 1810/172/1510 1808/173/1511 1805/173/1512 1804/174/1512 
f 1811/168/1513 1794/175/1513 1793/173/1513 1812/166/1513 
f 1786/167/1485 1797/171/1514 1796/171/1514 1787/167/1485 
f 1813/166/1515 1784/166/1516 1787/167/1494 1799/167/1493 
f 1801/167/1517 1798/171/1518 1797/171/1519 1786/167/1519 
f 1802/171/1520 1805/171/1521 1808/167/1506 1807/167/1505 
f 1814/166/1522 1812/166/1523 1810/167/1524 1809/167/1525 
f 1810/172/1510 1812/166/1526 1793/173/1526 1808/173/1511 
f 1795/171/1490 1798/171/1492 1815/171/1527 1816/171/1528 
f 1799/167/1493 1795/171/1496 1816/171/1529 1817/167/1530 
f 1801/167/1498 1800/166/1497 1818/166/1531 1819/167/1532 
f 1803/171/1502 1802/171/1501 1816/171/1528 1815/171/1527 
f 1807/167/1505 1806/166/1504 1820/166/1533 1817/167/1530 
f 1809/167/1508 1803/171/1507 1815/171/1534 1819/167/1535 
f 1813/166/1515 1799/167/1493 1817/167/1530 1820/166/1533 
f 1798/171/1518 1801/167/1517 1819/167/1535 1815/171/1534 
f 1802/171/1520 1807/167/1505 1817/167/1530 1816/171/1529 
f 1814/166/1522 1809/167/1525 1819/167/1532 1818/166/1531 
f 1812/170/1523 1821/170/1536 1822/170/1537 1811/170/1538 
f 1785/170/1500 1790/170/1539 1823/170/1540 1800/170/1497 
f 1793/168/1488 1792/168/1487 1824/168/1541 1806/168/1504 
f 1820/168/1533 1825/168/1542 1826/168/1543 1813/168/1515 
f 1818/170/1531 1827/170/1544 1828/170/1545 1814/170/1522 
f 1784/168/1516 1813/168/1515 1826/168/1543 1788/168/1546 
f 1820/168/1533 1806/168/1504 1824/168/1541 1825/168/1542 
f 1812/170/1523 1814/170/1522 1828/170/1545 1821/170/1536 
f 1818/170/1531 1800/170/1497 1823/170/1540 1827/170/1544 
f 1829/166/1485 1830/167/1485 1831/167/1485 1832/166/1485 
f 1833/168/1485 1829/168/1485 1832/170/1485 1790/170/1485 1789/169/1485 
f 1834/168/1547 1792/168/1487 1791/168/1486 1835/168/1548 
f 1836/171/1549 1837/171/1549 1838/171/1550 1839/171/1551 
f 1837/171/1552 1830/167/1553 1840/167/1554 1838/171/1555 
f 1841/166/1556 1832/166/1557 1831/167/1558 1842/167/1559 
f 1843/171/1560 1844/171/1561 1845/171/1562 1846/171/1560 
f 1847/167/1563 1848/167/1564 1849/166/1565 1834/166/1547 
f 1850/167/1566 1851/167/1567 1844/171/1568 1843/171/1566 
f 1846/173/1512 1847/173/1569 1850/172/1570 1843/174/1512 
f 1834/173/1571 1835/175/1571 1852/168/1571 1853/166/1571 
f 1831/167/1485 1830/167/1485 1837/171/1514 1836/171/1514 
f 1830/167/1553 1829/166/1572 1854/166/1573 1840/167/1554 
f 1842/167/1574 1831/167/1575 1836/171/1575 1839/171/1576 
f 1847/167/1563 1846/171/1577 1845/171/1578 1848/167/1564 
f 1850/167/1579 1853/166/1580 1855/166/1581 1851/167/1582 
f 1850/172/1570 1847/173/1569 1834/173/1583 1853/166/1583 
f 1838/171/1550 1856/171/1584 1857/171/1585 1839/171/1551 
f 1840/167/1554 1858/167/1586 1856/171/1587 1838/171/1555 
f 1842/167/1559 1859/167/1588 1860/166/1589 1841/166/1556 
f 1844/171/1561 1857/171/1585 1856/171/1584 1845/171/1562 
f 1848/167/1564 1858/167/1586 1861/166/1590 1849/166/1565 
f 1851/167/1567 1859/167/1591 1857/171/1592 1844/171/1568 
f 1854/166/1573 1861/166/1590 1858/167/1586 1840/167/1554 
f 1839/171/1576 1857/171/1592 1859/167/1591 1842/167/1574 
f 1845/171/1578 1856/171/1587 1858/167/1586 1848/167/1564 
f 1855/166/1581 1860/166/1589 1859/167/1588 1851/167/1582 
f 1822/170/1537 1821/170/1536 1853/170/1580 1852/170/1593 
f 1823/170/1540 1790/170/1539 1832/170/1557 1841/170/1556 
f 1862/168/1594 1792/168/1487 1834/168/1547 1849/168/1565 
f 1863/168/1595 1864/168/1596 1861/168/1590 1854/168/1573 
f 1828/170/1545 1827/170/1544 1860/170/1589 1855/170/1581 
f 1863/168/1595 1854/168/1573 1829/168/1572 1833/168/1597 
f 1862/168/1594 1849/168/1565 1861/168/1590 1864/168/1596 
f 1828/170/1545 1855/170/1581 1853/170/1580 1821/170/1536 
f 1823/170/1540 1841/170/1556 1860/170/1589 1827/170/1544 
# 72 polygons

#
# object Engine_cone_Small_Falp_027
#

v  97.2775 164.6379 -333.2454
v  102.4384 169.3014 -331.9958
v  112.4541 159.4281 -334.6414
v  105.2204 154.2192 -336.0370
v  80.1299 173.3639 -330.9073
v  80.3084 173.6956 -330.8185
v  83.4557 178.9612 -329.4075
v  80.3342 139.1443 -201.6953
v  80.3342 143.5958 -218.3087
v  95.7672 135.7423 -220.4130
v  95.7672 131.2908 -203.7996
v  122.1240 113.1461 -270.3205
v  111.2480 141.4986 -339.4455
v  115.5153 144.0961 -338.7495
v  126.3913 115.7436 -269.6245
v  116.0964 125.8667 -266.9120
v  102.4315 150.2047 -260.7565
v  123.3301 131.0756 -265.5164
v  123.5868 107.9335 -255.8013
v  127.8540 110.5311 -255.1053
v  124.8560 107.9760 -227.1879
v  120.5887 105.3784 -227.8839
v  97.2774 141.4788 -246.8131
v  117.5591 120.6542 -252.3929
v  117.5591 113.5038 -225.7067
v  124.7928 125.8631 -250.9972
v  124.7928 118.7126 -224.3110
v  99.9199 134.5583 -202.7834
v  100.3108 139.7616 -219.3360
v  97.2715 145.5421 -262.0059
v  102.4383 146.1423 -245.5635
v  127.4884 112.8518 -262.5328
v  123.2211 110.2542 -263.2289
v  117.1934 122.9749 -259.8204
v  102.4365 148.1754 -253.1595
v  124.4271 128.1838 -258.4247
v  97.2759 143.5122 -254.4091
v  83.2360 148.4505 -217.0079
v  82.8164 143.2619 -200.4514
v  83.4505 159.8637 -258.1684
v  80.1298 150.2048 -244.4751
v  80.1287 152.2380 -252.0710
v  80.1255 154.2673 -259.6680
v  83.4543 157.8350 -250.5713
v  83.4557 155.8021 -242.9753
v  63.7029 183.3617 -328.2285
v  50.3904 184.7968 -327.8440
v  51.4437 193.4523 -325.5248
v  65.3037 190.0106 -326.4469
v  80.1003 173.3804 -330.9029
v  65.5765 152.5790 -215.9017
v  65.5765 148.1275 -199.2883
v  36.1668 188.3471 -326.8927
v  35.9715 183.4787 -328.1972
v  22.3098 168.8103 -255.4056
v  22.5051 173.6788 -254.1012
v  36.7286 170.1284 -255.0524
v  65.2999 170.9122 -255.2081
v  37.7819 178.7840 -252.7332
v  26.2866 162.9460 -212.4590
v  20.6676 170.3067 -239.0889
v  20.4724 165.4383 -240.3934
v  26.0914 158.0776 -213.7635
v  34.8911 159.6059 -213.3540
v  34.8912 166.7563 -240.0402
v  63.7028 160.2027 -241.7962
v  35.9444 168.2615 -211.0348
v  35.9445 175.4119 -237.7210
v  66.4612 153.2175 -197.7838
v  66.9083 158.3894 -214.3448
v  63.6995 164.2645 -256.9893
v  65.3036 166.8515 -240.0146
v  20.9317 167.2989 -247.9442
v  21.1270 172.1673 -246.6397
v  35.3505 168.6169 -247.5910
v  36.4038 177.2725 -245.2718
v  65.3027 168.8842 -247.6107
v  63.7020 162.2356 -249.3922
v  80.1002 150.2214 -244.4706
v  80.0953 154.2841 -259.6635
v  80.0989 152.2546 -252.0666
# 81 vertices

vn 0.0000 1.0000 -0.0000
vn -0.3420 -0.0000 0.9397
vn -0.3420 -0.0081 0.9397
vn -0.2794 -0.0045 0.9602
vn -0.3781 -0.0000 0.9257
vn -0.9742 0.1821 0.1331
vn -0.9740 0.1835 0.1331
vn -0.9742 0.1820 0.1331
vn 0.1163 -0.0461 0.9921
vn 0.1110 -0.0434 0.9929
vn 0.2648 -0.0799 0.9610
vn 0.2648 -0.0791 0.9610
vn 0.2465 0.0025 -0.9691
vn 0.1110 0.0044 -0.9938
vn 0.1032 0.0050 -0.9946
vn 0.2431 0.0024 -0.9700
vn -0.9884 -0.0697 0.1351
vn -0.9883 -0.0712 0.1350
vn -0.9709 -0.1994 0.1327
vn -0.2174 -0.0038 0.9761
vn 0.1162 -0.0023 0.9932
vn 0.1211 0.0105 0.9926
vn -0.5171 -0.0008 -0.8559
vn -0.5181 -0.0022 -0.8553
vn -0.5499 -0.0440 -0.8341
vn 0.0120 -0.9999 -0.0002
vn 0.0096 -1.0000 -0.0002
vn 0.0000 -1.0000 -0.0000
vn -0.9998 0.0088 -0.0189
vn -0.0000 1.0000 0.0000
vn -0.2087 -0.0062 0.9780
vn -0.1991 -0.0069 0.9800
vn -0.4827 0.1181 -0.8678
vn -0.4827 0.1179 -0.8678
vn -0.4826 0.1190 -0.8677
vn 0.2802 -0.0055 0.9599
vn 0.2962 0.0167 0.9550
vn 0.2513 -0.0082 -0.9679
vn 0.3020 -0.0276 -0.9529
vn 0.1342 -0.0177 -0.9908
vn 0.1263 -0.0084 -0.9920
vn 0.0202 -0.9998 -0.0003
vn -0.9838 0.1190 0.1344
vn -0.9834 0.1218 0.1344
vn 0.2653 -0.0501 0.9629
vn 0.1131 -0.0315 0.9931
vn 0.2501 0.0017 -0.9682
vn 0.1176 0.0026 -0.9931
vn -0.2193 -0.0037 0.9757
vn -0.4847 0.0752 -0.8714
vn -0.4845 0.0802 -0.8711
vn 0.3418 -0.0323 -0.9392
vn 0.3416 -0.0484 -0.9386
vn 0.3777 -0.0483 -0.9247
vn 0.3420 -0.0001 -0.9397
vn 0.3420 0.0004 -0.9397
vn -0.3781 -0.0083 0.9257
vn -0.3781 -0.0006 0.9257
vn -0.3781 -0.0004 0.9257
vn 0.3420 0.0007 -0.9397
vn 0.3420 -0.0080 -0.9397
vn -0.3781 0.0001 0.9257
vn -0.4032 -0.0045 0.9151
vn -0.3054 -0.0000 0.9522
vn 0.6606 0.1835 0.7280
vn 0.6607 0.1821 0.7282
vn 0.6607 0.1820 0.7282
vn -0.8206 -0.0799 0.5659
vn -0.7233 -0.0434 0.6892
vn -0.7268 -0.0461 0.6853
vn -0.8206 -0.0791 0.5660
vn 0.4341 0.0025 -0.9008
vn 0.4373 0.0024 -0.8993
vn 0.5603 0.0050 -0.8283
vn 0.5538 0.0044 -0.8327
vn 0.6585 -0.1994 0.7257
vn 0.6703 -0.0712 0.7387
vn 0.6703 -0.0697 0.7388
vn -0.7308 0.0105 0.6825
vn -0.7274 -0.0023 0.6862
vn -0.4609 -0.0038 0.8875
vn 0.9574 -0.0440 -0.2855
vn 0.9467 -0.0022 -0.3222
vn 0.9463 -0.0008 -0.3233
vn -0.0072 -1.0000 -0.0063
vn -0.0090 -0.9999 -0.0078
vn 0.7780 0.0088 0.6282
vn -0.4774 -0.0069 0.8787
vn -0.4687 -0.0062 0.8833
vn 0.9276 0.1181 -0.3545
vn 0.9275 0.1190 -0.3545
vn 0.9276 0.1179 -0.3545
vn -0.8408 0.0167 0.5411
vn -0.8317 -0.0055 0.5552
vn 0.5341 -0.0177 -0.8453
vn 0.3811 -0.0276 -0.9241
vn 0.4296 -0.0082 -0.9030
vn 0.5408 -0.0084 -0.8411
vn -0.0152 -0.9998 -0.0132
vn 0.6670 0.1218 0.7351
vn 0.6672 0.1190 0.7353
vn -0.7250 -0.0315 0.6881
vn -0.8222 -0.0501 0.5670
vn 0.5482 0.0026 -0.8363
vn 0.4307 0.0017 -0.9025
vn -0.4592 -0.0037 0.8883
vn 0.9311 0.0802 -0.3558
vn 0.9315 0.0752 -0.3560
vn 0.3050 -0.0483 -0.9511
vn -0.3054 -0.0083 0.9522
vn -0.3054 -0.0004 0.9522
vn -0.3054 -0.0006 0.9522
vn -0.3054 0.0001 0.9522
# 113 vertex normals

vt 0.9583 0.3333 0.0000
vt 0.9875 0.3333 0.0000
vt 0.2917 0.3333 0.0000
vt 0.3182 0.3333 0.0000
vt 0.7500 0.3333 0.0000
vt 1.0000 0.3333 0.0000
vt 0.9000 0.3333 0.0000
vt 0.9167 0.3333 0.0000
vt 0.8750 0.3333 0.0000
vt 0.8333 0.3333 0.0000
# 10 texture coords

o Engine_cone_Small_Falp_027
g Engine_cone_Small_Falp_027
usemtl Material__42
s off
f 1865/176/1598 1866/176/1598 1867/177/1598 1868/177/1598 
f 1869/178/1598 1870/179/1598 1871/180/1598 1866/180/1598 1865/178/1598 
f 1872/178/1599 1873/178/1600 1874/178/1601 1875/178/1602 
f 1876/181/1603 1877/181/1604 1878/181/1604 1879/181/1605 
f 1880/177/1606 1868/177/1607 1877/181/1608 1876/181/1609 
f 1881/176/1610 1882/177/1611 1867/177/1612 1866/176/1613 
f 1883/181/1614 1884/181/1615 1885/181/1616 1886/181/1616 
f 1887/176/1617 1888/177/1618 1889/177/1619 1874/176/1601 
f 1884/181/1620 1890/177/1621 1891/177/1622 1885/181/1622 
f 1891/182/1623 1889/183/1624 1886/183/1625 1885/184/1625 
f 1892/178/1626 1875/185/1626 1874/183/1626 1893/176/1626 
f 1867/177/1598 1878/181/1627 1877/181/1627 1868/177/1598 
f 1894/176/1628 1865/176/1629 1868/177/1607 1880/177/1606 
f 1882/177/1630 1879/181/1631 1878/181/1632 1867/177/1632 
f 1883/181/1633 1886/181/1634 1889/177/1619 1888/177/1618 
f 1895/176/1635 1893/176/1636 1891/177/1637 1890/177/1638 
f 1891/182/1623 1893/176/1639 1874/183/1639 1889/183/1624 
f 1876/181/1603 1879/181/1605 1896/181/1640 1897/181/1641 
f 1880/177/1606 1876/181/1609 1897/181/1642 1898/177/1643 
f 1882/177/1611 1881/176/1610 1899/176/1644 1900/177/1645 
f 1884/181/1615 1883/181/1614 1897/181/1641 1896/181/1640 
f 1888/177/1618 1887/176/1617 1901/176/1646 1898/177/1643 
f 1890/177/1621 1884/181/1620 1896/181/1647 1900/177/1648 
f 1894/176/1628 1880/177/1606 1898/177/1643 1901/176/1646 
f 1879/181/1631 1882/177/1630 1900/177/1648 1896/181/1647 
f 1883/181/1633 1888/177/1618 1898/177/1643 1897/181/1642 
f 1895/176/1635 1890/177/1638 1900/177/1645 1899/176/1644 
f 1893/180/1636 1902/180/1649 1903/180/1650 1892/180/1651 
f 1866/180/1613 1871/180/1652 1904/180/1653 1881/180/1610 
f 1874/178/1601 1873/178/1600 1905/178/1654 1887/178/1617 
f 1901/178/1646 1906/178/1655 1907/178/1656 1894/178/1628 
f 1899/180/1644 1908/180/1657 1909/180/1658 1895/180/1635 
f 1865/178/1629 1894/178/1628 1907/178/1656 1869/178/1659 
f 1901/178/1646 1887/178/1617 1905/178/1654 1906/178/1655 
f 1893/180/1636 1895/180/1635 1909/180/1658 1902/180/1649 
f 1899/180/1644 1881/180/1610 1904/180/1653 1908/180/1657 
f 1910/176/1598 1911/177/1598 1912/177/1598 1913/176/1598 
f 1914/178/1598 1910/178/1598 1913/180/1598 1871/180/1598 1870/179/1598 
f 1915/178/1660 1873/178/1600 1872/178/1599 1916/178/1661 
f 1917/181/1662 1918/181/1662 1919/181/1663 1920/181/1664 
f 1918/181/1665 1911/177/1666 1921/177/1667 1919/181/1668 
f 1922/176/1669 1913/176/1670 1912/177/1671 1923/177/1672 
f 1924/181/1673 1925/181/1674 1926/181/1675 1927/181/1673 
f 1928/177/1676 1929/177/1677 1930/176/1678 1915/176/1660 
f 1931/177/1679 1932/177/1680 1925/181/1681 1924/181/1679 
f 1927/183/1625 1928/183/1682 1931/182/1683 1924/184/1625 
f 1915/183/1684 1916/185/1684 1933/178/1684 1934/176/1684 
f 1912/177/1598 1911/177/1598 1918/181/1627 1917/181/1627 
f 1911/177/1666 1910/176/1685 1935/176/1686 1921/177/1667 
f 1923/177/1687 1912/177/1688 1917/181/1688 1920/181/1689 
f 1928/177/1676 1927/181/1690 1926/181/1691 1929/177/1677 
f 1931/177/1692 1934/176/1693 1936/176/1694 1932/177/1695 
f 1931/182/1683 1928/183/1682 1915/183/1696 1934/176/1696 
f 1919/181/1663 1937/181/1697 1938/181/1698 1920/181/1664 
f 1921/177/1667 1939/177/1699 1937/181/1700 1919/181/1668 
f 1923/177/1672 1940/177/1701 1941/176/1702 1922/176/1669 
f 1925/181/1674 1938/181/1698 1937/181/1697 1926/181/1675 
f 1929/177/1677 1939/177/1699 1942/176/1703 1930/176/1678 
f 1932/177/1680 1940/177/1704 1938/181/1705 1925/181/1681 
f 1935/176/1686 1942/176/1703 1939/177/1699 1921/177/1667 
f 1920/181/1689 1938/181/1705 1940/177/1704 1923/177/1687 
f 1926/181/1691 1937/181/1700 1939/177/1699 1929/177/1677 
f 1936/176/1694 1941/176/1702 1940/177/1701 1932/177/1695 
f 1903/180/1650 1902/180/1649 1934/180/1693 1933/180/1706 
f 1904/180/1653 1871/180/1652 1913/180/1670 1922/180/1669 
f 1943/178/1707 1873/178/1600 1915/178/1660 1930/178/1678 
f 1944/178/1708 1945/178/1709 1942/178/1703 1935/178/1686 
f 1909/180/1658 1908/180/1657 1941/180/1702 1936/180/1694 
f 1944/178/1708 1935/178/1686 1910/178/1685 1914/178/1710 
f 1943/178/1707 1930/178/1678 1942/178/1703 1945/178/1709 
f 1909/180/1658 1936/180/1694 1934/180/1693 1902/180/1649 
f 1904/180/1653 1922/180/1669 1941/180/1702 1908/180/1657 
# 72 polygons

#
# object Engine_cone_Small_Falp_028
#

v  -63.7032 183.3618 -328.2283
v  -65.3040 190.0107 -326.4467
v  -51.4439 193.4523 -325.5245
v  -50.3906 184.7968 -327.8438
v  -80.1005 173.3805 -330.9029
v  -80.3086 173.6956 -330.8184
v  -83.4560 178.9613 -329.4075
v  -80.3351 139.1439 -201.6954
v  -80.3351 143.5955 -218.3088
v  -65.5774 152.5787 -215.9017
v  -65.5774 148.1271 -199.2883
v  -22.3104 168.8100 -255.4053
v  -35.9718 183.4786 -328.1969
v  -36.1670 188.3471 -326.8924
v  -22.5057 173.6785 -254.1008
v  -36.7292 170.1282 -255.0522
v  -65.3006 170.9120 -255.2079
v  -37.7825 178.7837 -252.7330
v  -20.4730 165.4379 -240.3931
v  -20.6683 170.3064 -239.0886
v  -26.2875 162.9456 -212.4588
v  -26.0922 158.0771 -213.7633
v  -63.7035 160.2024 -241.7961
v  -34.8918 166.7560 -240.0399
v  -34.8920 159.6055 -213.3538
v  -35.9451 175.4116 -237.7207
v  -35.9453 168.2611 -211.0345
v  -66.4621 153.2171 -197.7838
v  -66.9091 158.3891 -214.3448
v  -63.7001 164.2643 -256.9892
v  -65.3043 166.8513 -240.0145
v  -21.1276 172.1670 -246.6394
v  -20.9324 167.2985 -247.9438
v  -35.3512 168.6167 -247.5907
v  -65.3033 168.8839 -247.6106
v  -36.4045 177.2722 -245.2715
v  -63.7026 162.2354 -249.3922
v  -83.2368 148.4502 -217.0079
v  -82.8173 143.2615 -200.4514
v  -83.4511 159.8636 -258.1684
v  -80.1009 150.2211 -244.4707
v  -80.0996 152.2544 -252.0666
v  -80.0959 154.2839 -259.6635
v  -83.4549 157.8348 -250.5713
v  -83.4563 155.8019 -242.9753
v  -97.2778 164.6380 -333.2455
v  -105.2207 154.2193 -336.0372
v  -112.4544 159.4282 -334.6415
v  -102.4386 169.3015 -331.9958
v  -80.1301 173.3640 -330.9073
v  -95.7680 135.7420 -220.4131
v  -95.7681 131.2905 -203.7997
v  -115.5156 144.0963 -338.7497
v  -111.2483 141.4987 -339.4457
v  -122.1246 113.1460 -270.3208
v  -126.3919 115.7436 -269.6248
v  -116.0970 125.8666 -266.9123
v  -102.4321 150.2046 -260.7566
v  -123.3307 131.0755 -265.5166
v  -124.8568 107.9758 -227.1882
v  -127.8548 110.5310 -255.1057
v  -123.5875 107.9334 -255.8017
v  -120.5895 105.3782 -227.8842
v  -117.5599 113.5035 -225.7071
v  -117.5598 120.6540 -252.3932
v  -97.2781 141.4786 -246.8133
v  -124.7936 118.7124 -224.3114
v  -124.7935 125.8629 -250.9975
v  -99.9208 134.5580 -202.7836
v  -100.3116 139.7613 -219.3362
v  -97.2721 145.5420 -262.0060
v  -102.4390 146.1422 -245.5637
v  -123.2217 110.2542 -263.2292
v  -127.4890 112.8517 -262.5332
v  -117.1941 122.9748 -259.8207
v  -124.4278 128.1837 -258.4250
v  -102.4371 148.1753 -253.1597
v  -97.2766 143.5120 -254.4092
v  -80.1305 150.2046 -244.4751
v  -80.1261 154.2671 -259.6680
v  -80.1293 152.2378 -252.0711
# 81 vertices

vn 0.0000 1.0000 -0.0000
vn -0.3420 -0.0000 0.9397
vn -0.3420 -0.0081 0.9397
vn -0.2794 -0.0045 0.9602
vn -0.3781 -0.0000 0.9257
vn -0.9742 0.1821 0.1331
vn -0.9740 0.1835 0.1331
vn -0.9742 0.1820 0.1331
vn 0.1163 -0.0461 0.9921
vn 0.1110 -0.0434 0.9929
vn 0.2648 -0.0799 0.9610
vn 0.2648 -0.0791 0.9610
vn 0.2465 0.0025 -0.9691
vn 0.1110 0.0044 -0.9938
vn 0.1032 0.0050 -0.9946
vn 0.2431 0.0024 -0.9700
vn -0.9884 -0.0697 0.1351
vn -0.9883 -0.0712 0.1350
vn -0.9709 -0.1994 0.1327
vn -0.2174 -0.0038 0.9761
vn 0.1162 -0.0023 0.9932
vn 0.1211 0.0105 0.9926
vn -0.5171 -0.0008 -0.8559
vn -0.5181 -0.0022 -0.8553
vn -0.5499 -0.0440 -0.8341
vn 0.0120 -0.9999 -0.0002
vn 0.0096 -1.0000 -0.0002
vn 0.0000 -1.0000 -0.0000
vn -0.9998 0.0088 -0.0189
vn -0.0000 1.0000 0.0000
vn -0.2087 -0.0062 0.9780
vn -0.1991 -0.0069 0.9800
vn -0.4827 0.1181 -0.8678
vn -0.4827 0.1179 -0.8678
vn -0.4826 0.1190 -0.8677
vn 0.2802 -0.0055 0.9599
vn 0.2962 0.0167 0.9550
vn 0.2513 -0.0082 -0.9679
vn 0.3020 -0.0276 -0.9529
vn 0.1342 -0.0177 -0.9908
vn 0.1263 -0.0084 -0.9920
vn 0.0202 -0.9998 -0.0003
vn -0.9838 0.1190 0.1344
vn -0.9834 0.1218 0.1344
vn 0.2653 -0.0501 0.9629
vn 0.1131 -0.0315 0.9931
vn 0.2501 0.0017 -0.9682
vn 0.1176 0.0026 -0.9931
vn -0.2193 -0.0037 0.9757
vn -0.4847 0.0752 -0.8714
vn -0.4845 0.0802 -0.8711
vn 0.3418 -0.0323 -0.9392
vn 0.3416 -0.0484 -0.9386
vn 0.3777 -0.0483 -0.9247
vn 0.3420 -0.0001 -0.9397
vn 0.3420 0.0004 -0.9397
vn -0.3781 -0.0083 0.9257
vn -0.3781 -0.0006 0.9257
vn -0.3781 -0.0004 0.9257
vn 0.3420 0.0007 -0.9397
vn 0.3420 -0.0080 -0.9397
vn -0.3781 0.0001 0.9257
vn -0.4032 -0.0045 0.9151
vn -0.3054 -0.0000 0.9522
vn 0.6606 0.1835 0.7280
vn 0.6607 0.1821 0.7282
vn 0.6607 0.1820 0.7282
vn -0.8206 -0.0799 0.5659
vn -0.7233 -0.0434 0.6892
vn -0.7268 -0.0461 0.6853
vn -0.8206 -0.0791 0.5660
vn 0.4341 0.0025 -0.9008
vn 0.4373 0.0024 -0.8993
vn 0.5603 0.0050 -0.8283
vn 0.5538 0.0044 -0.8327
vn 0.6585 -0.1994 0.7257
vn 0.6703 -0.0712 0.7387
vn 0.6703 -0.0697 0.7388
vn -0.7308 0.0105 0.6825
vn -0.7274 -0.0023 0.6862
vn -0.4609 -0.0038 0.8875
vn 0.9574 -0.0440 -0.2855
vn 0.9467 -0.0022 -0.3222
vn 0.9463 -0.0008 -0.3233
vn -0.0072 -1.0000 -0.0063
vn -0.0090 -0.9999 -0.0078
vn 0.7780 0.0088 0.6282
vn -0.4774 -0.0069 0.8787
vn -0.4687 -0.0062 0.8833
vn 0.9276 0.1181 -0.3545
vn 0.9275 0.1190 -0.3545
vn 0.9276 0.1179 -0.3545
vn -0.8408 0.0167 0.5411
vn -0.8317 -0.0055 0.5552
vn 0.5341 -0.0177 -0.8453
vn 0.3811 -0.0276 -0.9241
vn 0.4296 -0.0082 -0.9030
vn 0.5408 -0.0084 -0.8411
vn -0.0152 -0.9998 -0.0132
vn 0.6670 0.1218 0.7351
vn 0.6672 0.1190 0.7353
vn -0.7250 -0.0315 0.6881
vn -0.8222 -0.0501 0.5670
vn 0.5482 0.0026 -0.8363
vn 0.4307 0.0017 -0.9025
vn -0.4592 -0.0037 0.8883
vn 0.9311 0.0802 -0.3558
vn 0.9315 0.0752 -0.3560
vn 0.3050 -0.0483 -0.9511
vn -0.3054 -0.0083 0.9522
vn -0.3054 -0.0004 0.9522
vn -0.3054 -0.0006 0.9522
vn -0.3054 0.0001 0.9522
# 113 vertex normals

vt 0.9583 0.3333 0.0000
vt 0.9875 0.3333 0.0000
vt 0.2917 0.3333 0.0000
vt 0.3182 0.3333 0.0000
vt 0.7500 0.3333 0.0000
vt 1.0000 0.3333 0.0000
vt 0.9000 0.3333 0.0000
vt 0.9167 0.3333 0.0000
vt 0.8750 0.3333 0.0000
vt 0.8333 0.3333 0.0000
# 10 texture coords

o Engine_cone_Small_Falp_028
g Engine_cone_Small_Falp_028
usemtl Material__42
s off
f 1946/186/1711 1947/186/1711 1948/187/1711 1949/187/1711 
f 1950/188/1711 1951/189/1711 1952/190/1711 1947/190/1711 1946/188/1711 
f 1953/188/1712 1954/188/1713 1955/188/1714 1956/188/1715 
f 1957/191/1716 1958/191/1717 1959/191/1717 1960/191/1718 
f 1961/187/1719 1949/187/1720 1958/191/1721 1957/191/1722 
f 1962/186/1723 1963/187/1724 1948/187/1725 1947/186/1726 
f 1964/191/1727 1965/191/1728 1966/191/1729 1967/191/1729 
f 1968/186/1730 1969/187/1731 1970/187/1732 1955/186/1714 
f 1965/191/1733 1971/187/1734 1972/187/1735 1966/191/1735 
f 1972/192/1736 1970/193/1737 1967/193/1738 1966/194/1738 
f 1973/188/1739 1956/195/1739 1955/193/1739 1974/186/1739 
f 1948/187/1711 1959/191/1740 1958/191/1740 1949/187/1711 
f 1975/186/1741 1946/186/1742 1949/187/1720 1961/187/1719 
f 1963/187/1743 1960/191/1744 1959/191/1745 1948/187/1745 
f 1964/191/1746 1967/191/1747 1970/187/1732 1969/187/1731 
f 1976/186/1748 1974/186/1749 1972/187/1750 1971/187/1751 
f 1972/192/1736 1974/186/1752 1955/193/1752 1970/193/1737 
f 1957/191/1716 1960/191/1718 1977/191/1753 1978/191/1754 
f 1961/187/1719 1957/191/1722 1978/191/1755 1979/187/1756 
f 1963/187/1724 1962/186/1723 1980/186/1757 1981/187/1758 
f 1965/191/1728 1964/191/1727 1978/191/1754 1977/191/1753 
f 1969/187/1731 1968/186/1730 1982/186/1759 1979/187/1756 
f 1971/187/1734 1965/191/1733 1977/191/1760 1981/187/1761 
f 1975/186/1741 1961/187/1719 1979/187/1756 1982/186/1759 
f 1960/191/1744 1963/187/1743 1981/187/1761 1977/191/1760 
f 1964/191/1746 1969/187/1731 1979/187/1756 1978/191/1755 
f 1976/186/1748 1971/187/1751 1981/187/1758 1980/186/1757 
f 1974/190/1749 1983/190/1762 1984/190/1763 1973/190/1764 
f 1947/190/1726 1952/190/1765 1985/190/1766 1962/190/1723 
f 1955/188/1714 1954/188/1713 1986/188/1767 1968/188/1730 
f 1982/188/1759 1987/188/1768 1988/188/1769 1975/188/1741 
f 1980/190/1757 1989/190/1770 1990/190/1771 1976/190/1748 
f 1946/188/1742 1975/188/1741 1988/188/1769 1950/188/1772 
f 1982/188/1759 1968/188/1730 1986/188/1767 1987/188/1768 
f 1974/190/1749 1976/190/1748 1990/190/1771 1983/190/1762 
f 1980/190/1757 1962/190/1723 1985/190/1766 1989/190/1770 
f 1991/186/1711 1992/187/1711 1993/187/1711 1994/186/1711 
f 1995/188/1711 1991/188/1711 1994/190/1711 1952/190/1711 1951/189/1711 
f 1996/188/1773 1954/188/1713 1953/188/1712 1997/188/1774 
f 1998/191/1775 1999/191/1775 2000/191/1776 2001/191/1777 
f 1999/191/1778 1992/187/1779 2002/187/1780 2000/191/1781 
f 2003/186/1782 1994/186/1783 1993/187/1784 2004/187/1785 
f 2005/191/1786 2006/191/1787 2007/191/1788 2008/191/1786 
f 2009/187/1789 2010/187/1790 2011/186/1791 1996/186/1773 
f 2012/187/1792 2013/187/1793 2006/191/1794 2005/191/1792 
f 2008/193/1738 2009/193/1795 2012/192/1796 2005/194/1738 
f 1996/193/1797 1997/195/1797 2014/188/1797 2015/186/1797 
f 1993/187/1711 1992/187/1711 1999/191/1740 1998/191/1740 
f 1992/187/1779 1991/186/1798 2016/186/1799 2002/187/1780 
f 2004/187/1800 1993/187/1801 1998/191/1801 2001/191/1802 
f 2009/187/1789 2008/191/1803 2007/191/1804 2010/187/1790 
f 2012/187/1805 2015/186/1806 2017/186/1807 2013/187/1808 
f 2012/192/1796 2009/193/1795 1996/193/1809 2015/186/1809 
f 2000/191/1776 2018/191/1810 2019/191/1811 2001/191/1777 
f 2002/187/1780 2020/187/1812 2018/191/1813 2000/191/1781 
f 2004/187/1785 2021/187/1814 2022/186/1815 2003/186/1782 
f 2006/191/1787 2019/191/1811 2018/191/1810 2007/191/1788 
f 2010/187/1790 2020/187/1812 2023/186/1816 2011/186/1791 
f 2013/187/1793 2021/187/1817 2019/191/1818 2006/191/1794 
f 2016/186/1799 2023/186/1816 2020/187/1812 2002/187/1780 
f 2001/191/1802 2019/191/1818 2021/187/1817 2004/187/1800 
f 2007/191/1804 2018/191/1813 2020/187/1812 2010/187/1790 
f 2017/186/1807 2022/186/1815 2021/187/1814 2013/187/1808 
f 1984/190/1763 1983/190/1762 2015/190/1806 2014/190/1819 
f 1985/190/1766 1952/190/1765 1994/190/1783 2003/190/1782 
f 2024/188/1820 1954/188/1713 1996/188/1773 2011/188/1791 
f 2025/188/1821 2026/188/1822 2023/188/1816 2016/188/1799 
f 1990/190/1771 1989/190/1770 2022/190/1815 2017/190/1807 
f 2025/188/1821 2016/188/1799 1991/188/1798 1995/188/1823 
f 2024/188/1820 2011/188/1791 2023/188/1816 2026/188/1822 
f 1990/190/1771 2017/190/1807 2015/190/1806 1983/190/1762 
f 1985/190/1766 2003/190/1782 2022/190/1815 1989/190/1770 
# 72 polygons

#
# object Engine_cone_Small_Falp_029
#

v  -160.9812 53.3193 -325.7897
v  -167.7428 55.3046 -325.2577
v  -163.8985 68.6196 -321.6900
v  -155.6115 65.1730 -322.6135
v  -160.2309 34.6120 -330.8024
v  -160.6175 34.5955 -330.8068
v  -166.9122 34.5955 -330.8068
v  -160.6699 -0.0002 -201.6955
v  -160.6698 4.4514 -218.3089
v  -161.3451 21.2881 -213.7975
v  -161.3451 16.8365 -197.1841
v  -144.4349 71.0789 -244.3089
v  -147.2203 76.5755 -319.5581
v  -151.6829 78.8463 -318.9496
v  -148.8975 73.3497 -243.7004
v  -152.8261 59.6764 -247.3643
v  -167.7326 36.2136 -254.0169
v  -161.1131 63.1230 -246.4408
v  -144.0603 68.9403 -228.9661
v  -148.5228 71.2112 -228.3577
v  -151.1439 59.2550 -202.9592
v  -146.6814 56.9842 -203.5677
v  -160.9815 30.1596 -239.3576
v  -152.4515 57.5378 -232.0215
v  -152.4516 50.3872 -205.3354
v  -160.7385 60.9845 -231.0980
v  -160.7386 53.8339 -204.4118
v  -166.3826 18.6238 -196.5646
v  -167.2204 23.0792 -213.3175
v  -160.9721 34.2285 -254.5488
v  -167.7431 32.1449 -238.8256
v  -148.6165 72.7634 -235.9911
v  -144.1539 70.4926 -236.5995
v  -152.5451 59.0901 -239.6549
v  -167.7403 34.1797 -246.4211
v  -160.8321 62.5367 -238.7314
v  -160.9790 32.1944 -246.9531
v  -166.4733 4.4514 -218.3089
v  -165.6342 -0.0353 -201.5643
v  -166.9020 15.5062 -259.5655
v  -160.2312 11.4523 -244.3703
v  -160.2288 13.4876 -251.9657
v  -160.2219 15.5231 -259.5610
v  -166.9097 13.4710 -251.9701
v  -166.9125 11.4358 -244.3747
v  -160.9812 15.8717 -335.8239
v  -155.6115 4.0180 -339.0001
v  -163.8985 0.5714 -339.9236
v  -167.7428 13.8863 -336.3558
v  -160.2309 34.5790 -330.8112
v  -161.3451 -12.3852 -222.8203
v  -161.3451 -16.8368 -206.2070
v  -151.6829 -9.6554 -342.6639
v  -147.2203 -7.3845 -342.0554
v  -144.4349 -40.2493 -274.1396
v  -148.8975 -42.5202 -274.7481
v  -152.8261 -28.8468 -271.0843
v  -167.7326 -5.2012 -265.1141
v  -161.1131 -32.2935 -272.0078
v  -151.1440 -50.6847 -232.4178
v  -148.5229 -48.3396 -260.3916
v  -144.0603 -46.0688 -259.7831
v  -146.6814 -48.4138 -231.8093
v  -152.4516 -41.8169 -230.0417
v  -152.4515 -34.6663 -256.7278
v  -160.9815 -7.2880 -249.3918
v  -160.7386 -45.2635 -230.9652
v  -160.7385 -38.1129 -257.6514
v  -166.3826 -18.6945 -206.5641
v  -167.2205 -14.1764 -223.3003
v  -160.9721 -3.2161 -264.5822
v  -167.7431 -9.2733 -249.9237
v  -144.1540 -43.5963 -267.1699
v  -148.6165 -45.8672 -267.7784
v  -152.5451 -32.1938 -264.1146
v  -160.8322 -35.6404 -265.0382
v  -167.7403 -7.2377 -257.5190
v  -160.9790 -5.2524 -256.9871
v  -160.2312 11.4193 -244.3791
v  -160.2219 15.4894 -259.5700
v  -160.2288 13.4544 -251.9746
# 81 vertices

vn 0.0000 1.0000 -0.0000
vn -0.3420 -0.0000 0.9397
vn -0.3420 -0.0081 0.9397
vn -0.2794 -0.0045 0.9602
vn -0.3781 -0.0000 0.9257
vn -0.9742 0.1821 0.1331
vn -0.9740 0.1835 0.1331
vn -0.9742 0.1820 0.1331
vn 0.1163 -0.0461 0.9921
vn 0.1110 -0.0434 0.9929
vn 0.2648 -0.0799 0.9610
vn 0.2648 -0.0791 0.9610
vn 0.2465 0.0025 -0.9691
vn 0.1110 0.0044 -0.9938
vn 0.1032 0.0050 -0.9946
vn 0.2431 0.0024 -0.9700
vn -0.9884 -0.0697 0.1351
vn -0.9883 -0.0712 0.1350
vn -0.9709 -0.1994 0.1327
vn -0.2174 -0.0038 0.9761
vn 0.1162 -0.0023 0.9932
vn 0.1211 0.0105 0.9926
vn -0.5171 -0.0008 -0.8559
vn -0.5181 -0.0022 -0.8553
vn -0.5499 -0.0440 -0.8341
vn 0.0120 -0.9999 -0.0002
vn 0.0096 -1.0000 -0.0002
vn 0.0000 -1.0000 -0.0000
vn -0.9998 0.0088 -0.0189
vn -0.0000 1.0000 0.0000
vn -0.2087 -0.0062 0.9780
vn -0.1991 -0.0069 0.9800
vn -0.4827 0.1181 -0.8678
vn -0.4827 0.1179 -0.8678
vn -0.4826 0.1190 -0.8677
vn 0.2802 -0.0055 0.9599
vn 0.2962 0.0167 0.9550
vn 0.2513 -0.0082 -0.9679
vn 0.3020 -0.0276 -0.9529
vn 0.1342 -0.0177 -0.9908
vn 0.1263 -0.0084 -0.9920
vn 0.0202 -0.9998 -0.0003
vn -0.9838 0.1190 0.1344
vn -0.9834 0.1218 0.1344
vn 0.2653 -0.0501 0.9629
vn 0.1131 -0.0315 0.9931
vn 0.2501 0.0017 -0.9682
vn 0.1176 0.0026 -0.9931
vn -0.2193 -0.0037 0.9757
vn -0.4847 0.0752 -0.8714
vn -0.4845 0.0802 -0.8711
vn 0.3418 -0.0323 -0.9392
vn 0.3416 -0.0484 -0.9386
vn 0.3777 -0.0483 -0.9247
vn 0.3420 -0.0001 -0.9397
vn 0.3420 0.0004 -0.9397
vn -0.3781 -0.0083 0.9257
vn -0.3781 -0.0006 0.9257
vn -0.3781 -0.0004 0.9257
vn 0.3420 0.0007 -0.9397
vn 0.3420 -0.0080 -0.9397
vn -0.3781 0.0001 0.9257
vn -0.4032 -0.0045 0.9151
vn -0.3054 -0.0000 0.9522
vn 0.6606 0.1835 0.7280
vn 0.6607 0.1821 0.7282
vn 0.6607 0.1820 0.7282
vn -0.8206 -0.0799 0.5659
vn -0.7233 -0.0434 0.6892
vn -0.7268 -0.0461 0.6853
vn -0.8206 -0.0791 0.5660
vn 0.4341 0.0025 -0.9008
vn 0.4373 0.0024 -0.8993
vn 0.5603 0.0050 -0.8283
vn 0.5538 0.0044 -0.8327
vn 0.6585 -0.1994 0.7257
vn 0.6703 -0.0712 0.7387
vn 0.6703 -0.0697 0.7388
vn -0.7308 0.0105 0.6825
vn -0.7274 -0.0023 0.6862
vn -0.4609 -0.0038 0.8875
vn 0.9574 -0.0440 -0.2855
vn 0.9467 -0.0022 -0.3222
vn 0.9463 -0.0008 -0.3233
vn -0.0072 -1.0000 -0.0063
vn -0.0090 -0.9999 -0.0078
vn 0.7780 0.0088 0.6282
vn -0.4774 -0.0069 0.8787
vn -0.4687 -0.0062 0.8833
vn 0.9276 0.1181 -0.3545
vn 0.9275 0.1190 -0.3545
vn 0.9276 0.1179 -0.3545
vn -0.8408 0.0167 0.5411
vn -0.8317 -0.0055 0.5552
vn 0.5341 -0.0177 -0.8453
vn 0.3811 -0.0276 -0.9241
vn 0.4296 -0.0082 -0.9030
vn 0.5408 -0.0084 -0.8411
vn -0.0152 -0.9998 -0.0132
vn 0.6670 0.1218 0.7351
vn 0.6672 0.1190 0.7353
vn -0.7250 -0.0315 0.6881
vn -0.8222 -0.0501 0.5670
vn 0.5482 0.0026 -0.8363
vn 0.4307 0.0017 -0.9025
vn -0.4592 -0.0037 0.8883
vn 0.9311 0.0802 -0.3558
vn 0.9315 0.0752 -0.3560
vn 0.3050 -0.0483 -0.9511
vn -0.3054 -0.0083 0.9522
vn -0.3054 -0.0004 0.9522
vn -0.3054 -0.0006 0.9522
vn -0.3054 0.0001 0.9522
# 113 vertex normals

vt 0.9583 0.3333 0.0000
vt 0.9875 0.3333 0.0000
vt 0.2917 0.3333 0.0000
vt 0.3182 0.3333 0.0000
vt 0.7500 0.3333 0.0000
vt 1.0000 0.3333 0.0000
vt 0.9000 0.3333 0.0000
vt 0.9167 0.3333 0.0000
vt 0.8750 0.3333 0.0000
vt 0.8333 0.3333 0.0000
# 10 texture coords

o Engine_cone_Small_Falp_029
g Engine_cone_Small_Falp_029
usemtl Material__42
s off
f 2027/196/1824 2028/196/1824 2029/197/1824 2030/197/1824 
f 2031/198/1824 2032/199/1824 2033/200/1824 2028/200/1824 2027/198/1824 
f 2034/198/1825 2035/198/1826 2036/198/1827 2037/198/1828 
f 2038/201/1829 2039/201/1830 2040/201/1830 2041/201/1831 
f 2042/197/1832 2030/197/1833 2039/201/1834 2038/201/1835 
f 2043/196/1836 2044/197/1837 2029/197/1838 2028/196/1839 
f 2045/201/1840 2046/201/1841 2047/201/1842 2048/201/1842 
f 2049/196/1843 2050/197/1844 2051/197/1845 2036/196/1827 
f 2046/201/1846 2052/197/1847 2053/197/1848 2047/201/1848 
f 2053/202/1849 2051/203/1850 2048/203/1851 2047/204/1851 
f 2054/198/1852 2037/205/1852 2036/203/1852 2055/196/1852 
f 2029/197/1824 2040/201/1853 2039/201/1853 2030/197/1824 
f 2056/196/1854 2027/196/1855 2030/197/1833 2042/197/1832 
f 2044/197/1856 2041/201/1857 2040/201/1858 2029/197/1858 
f 2045/201/1859 2048/201/1860 2051/197/1845 2050/197/1844 
f 2057/196/1861 2055/196/1862 2053/197/1863 2052/197/1864 
f 2053/202/1849 2055/196/1865 2036/203/1865 2051/203/1850 
f 2038/201/1829 2041/201/1831 2058/201/1866 2059/201/1867 
f 2042/197/1832 2038/201/1835 2059/201/1868 2060/197/1869 
f 2044/197/1837 2043/196/1836 2061/196/1870 2062/197/1871 
f 2046/201/1841 2045/201/1840 2059/201/1867 2058/201/1866 
f 2050/197/1844 2049/196/1843 2063/196/1872 2060/197/1869 
f 2052/197/1847 2046/201/1846 2058/201/1873 2062/197/1874 
f 2056/196/1854 2042/197/1832 2060/197/1869 2063/196/1872 
f 2041/201/1857 2044/197/1856 2062/197/1874 2058/201/1873 
f 2045/201/1859 2050/197/1844 2060/197/1869 2059/201/1868 
f 2057/196/1861 2052/197/1864 2062/197/1871 2061/196/1870 
f 2055/200/1862 2064/200/1875 2065/200/1876 2054/200/1877 
f 2028/200/1839 2033/200/1878 2066/200/1879 2043/200/1836 
f 2036/198/1827 2035/198/1826 2067/198/1880 2049/198/1843 
f 2063/198/1872 2068/198/1881 2069/198/1882 2056/198/1854 
f 2061/200/1870 2070/200/1883 2071/200/1884 2057/200/1861 
f 2027/198/1855 2056/198/1854 2069/198/1882 2031/198/1885 
f 2063/198/1872 2049/198/1843 2067/198/1880 2068/198/1881 
f 2055/200/1862 2057/200/1861 2071/200/1884 2064/200/1875 
f 2061/200/1870 2043/200/1836 2066/200/1879 2070/200/1883 
f 2072/196/1824 2073/197/1824 2074/197/1824 2075/196/1824 
f 2076/198/1824 2072/198/1824 2075/200/1824 2033/200/1824 2032/199/1824 
f 2077/198/1886 2035/198/1826 2034/198/1825 2078/198/1887 
f 2079/201/1888 2080/201/1888 2081/201/1889 2082/201/1890 
f 2080/201/1891 2073/197/1892 2083/197/1893 2081/201/1894 
f 2084/196/1895 2075/196/1896 2074/197/1897 2085/197/1898 
f 2086/201/1899 2087/201/1900 2088/201/1901 2089/201/1899 
f 2090/197/1902 2091/197/1903 2092/196/1904 2077/196/1886 
f 2093/197/1905 2094/197/1906 2087/201/1907 2086/201/1905 
f 2089/203/1851 2090/203/1908 2093/202/1909 2086/204/1851 
f 2077/203/1910 2078/205/1910 2095/198/1910 2096/196/1910 
f 2074/197/1824 2073/197/1824 2080/201/1853 2079/201/1853 
f 2073/197/1892 2072/196/1911 2097/196/1912 2083/197/1893 
f 2085/197/1913 2074/197/1914 2079/201/1914 2082/201/1915 
f 2090/197/1902 2089/201/1916 2088/201/1917 2091/197/1903 
f 2093/197/1918 2096/196/1919 2098/196/1920 2094/197/1921 
f 2093/202/1909 2090/203/1908 2077/203/1922 2096/196/1922 
f 2081/201/1889 2099/201/1923 2100/201/1924 2082/201/1890 
f 2083/197/1893 2101/197/1925 2099/201/1926 2081/201/1894 
f 2085/197/1898 2102/197/1927 2103/196/1928 2084/196/1895 
f 2087/201/1900 2100/201/1924 2099/201/1923 2088/201/1901 
f 2091/197/1903 2101/197/1925 2104/196/1929 2092/196/1904 
f 2094/197/1906 2102/197/1930 2100/201/1931 2087/201/1907 
f 2097/196/1912 2104/196/1929 2101/197/1925 2083/197/1893 
f 2082/201/1915 2100/201/1931 2102/197/1930 2085/197/1913 
f 2088/201/1917 2099/201/1926 2101/197/1925 2091/197/1903 
f 2098/196/1920 2103/196/1928 2102/197/1927 2094/197/1921 
f 2065/200/1876 2064/200/1875 2096/200/1919 2095/200/1932 
f 2066/200/1879 2033/200/1878 2075/200/1896 2084/200/1895 
f 2105/198/1933 2035/198/1826 2077/198/1886 2092/198/1904 
f 2106/198/1934 2107/198/1935 2104/198/1929 2097/198/1912 
f 2071/200/1884 2070/200/1883 2103/200/1928 2098/200/1920 
f 2106/198/1934 2097/198/1912 2072/198/1911 2076/198/1936 
f 2105/198/1933 2092/198/1904 2104/198/1929 2107/198/1935 
f 2071/200/1884 2098/200/1920 2096/200/1919 2064/200/1875 
f 2066/200/1879 2084/200/1895 2103/200/1928 2070/200/1883 
# 72 polygons

#
# object Engine_cone_Small_Falp_030
#

v  -97.2781 -95.4474 -328.3680
v  -102.4389 -100.1109 -329.6176
v  -112.4547 -90.2376 -326.9720
v  -105.2210 -85.0287 -325.5762
v  -80.1305 -104.1734 -330.7062
v  -80.3090 -104.5050 -330.7950
v  -83.4563 -109.7707 -332.2059
v  -80.3348 -139.1443 -201.6954
v  -80.3348 -134.6927 -218.3088
v  -95.7678 -126.8392 -216.2045
v  -95.7678 -131.2908 -199.5911
v  -122.1246 -82.3166 -248.1275
v  -111.2486 -72.3081 -322.1677
v  -115.5159 -74.9056 -322.8637
v  -126.3918 -84.9142 -248.8235
v  -116.0969 -95.0372 -251.5360
v  -102.4321 -119.1924 -258.3741
v  -123.3306 -100.2461 -252.9317
v  -123.5873 -85.0620 -232.9473
v  -127.8546 -87.6595 -233.6433
v  -124.8565 -99.4055 -208.1885
v  -120.5892 -96.8079 -207.4925
v  -97.2780 -118.6071 -241.9359
v  -117.5597 -97.7826 -236.3558
v  -117.5597 -104.9332 -209.6697
v  -124.7934 -102.9915 -237.7515
v  -124.7934 -110.1421 -211.0654
v  -99.9205 -134.6286 -200.3448
v  -100.3113 -130.8585 -217.2814
v  -97.2720 -114.5297 -257.1248
v  -102.4388 -123.2707 -243.1855
v  -127.4889 -85.9556 -241.2361
v  -123.2216 -83.3580 -240.5400
v  -117.1940 -96.0786 -243.9486
v  -102.4371 -121.2334 -250.7803
v  -124.4277 -101.2875 -245.3443
v  -97.2765 -116.5701 -249.5308
v  -83.2365 -139.5474 -219.6096
v  -82.8169 -143.3322 -202.6770
v  -83.4510 -128.8513 -260.9623
v  -80.1303 -127.3331 -244.2741
v  -80.1292 -125.2959 -251.8689
v  -80.1261 -123.2548 -259.4628
v  -83.4548 -130.8929 -253.3687
v  -83.4562 -132.9304 -245.7738
v  -63.7035 -114.1711 -333.3851
v  -50.3909 -115.6062 -333.7697
v  -51.4442 -124.2617 -336.0889
v  -65.3043 -120.8200 -335.1667
v  -80.1008 -104.1899 -330.7106
v  -65.5771 -143.6759 -220.7159
v  -65.5771 -148.1275 -204.1025
v  -36.1674 -119.1565 -334.7210
v  -35.9721 -114.2881 -333.4165
v  -22.3104 -137.9807 -263.0430
v  -22.5056 -142.8491 -264.3475
v  -36.7292 -139.2988 -263.3961
v  -65.3005 -139.8998 -263.9228
v  -37.7825 -147.9543 -265.7154
v  -26.2872 -154.3753 -222.9180
v  -20.6682 -147.4349 -249.6604
v  -20.4729 -142.5665 -248.3559
v  -26.0919 -149.5069 -221.6135
v  -34.8917 -151.0352 -222.0230
v  -34.8917 -143.8846 -248.7091
v  -63.7034 -137.3309 -246.9530
v  -35.9450 -159.6908 -224.3423
v  -35.9450 -152.5401 -251.0284
v  -66.4618 -153.2878 -205.3446
v  -66.9089 -149.4863 -222.2728
v  -63.7001 -133.2520 -262.1415
v  -65.3042 -143.9798 -248.7346
v  -20.9323 -140.4024 -255.8254
v  -21.1275 -145.2709 -257.1299
v  -35.3511 -141.7205 -256.1786
v  -36.4044 -150.3761 -258.4979
v  -65.3032 -141.9421 -256.3293
v  -63.7025 -135.2935 -254.5479
v  -80.1007 -127.3496 -244.2785
v  -80.0958 -123.2717 -259.4673
v  -80.0995 -125.3125 -251.8734
# 81 vertices

vn 0.0000 1.0000 -0.0000
vn -0.3420 -0.0000 0.9397
vn -0.3420 -0.0081 0.9397
vn -0.2794 -0.0045 0.9602
vn -0.3781 -0.0000 0.9257
vn -0.9742 0.1821 0.1331
vn -0.9740 0.1835 0.1331
vn -0.9742 0.1820 0.1331
vn 0.1163 -0.0461 0.9921
vn 0.1110 -0.0434 0.9929
vn 0.2648 -0.0799 0.9610
vn 0.2648 -0.0791 0.9610
vn 0.2465 0.0025 -0.9691
vn 0.1110 0.0044 -0.9938
vn 0.1032 0.0050 -0.9946
vn 0.2431 0.0024 -0.9700
vn -0.9884 -0.0697 0.1351
vn -0.9883 -0.0712 0.1350
vn -0.9709 -0.1994 0.1327
vn -0.2174 -0.0038 0.9761
vn 0.1162 -0.0023 0.9932
vn 0.1211 0.0105 0.9926
vn -0.5171 -0.0008 -0.8559
vn -0.5181 -0.0022 -0.8553
vn -0.5499 -0.0440 -0.8341
vn 0.0120 -0.9999 -0.0002
vn 0.0096 -1.0000 -0.0002
vn 0.0000 -1.0000 -0.0000
vn -0.9998 0.0088 -0.0189
vn -0.0000 1.0000 0.0000
vn -0.2087 -0.0062 0.9780
vn -0.1991 -0.0069 0.9800
vn -0.4827 0.1181 -0.8678
vn -0.4827 0.1179 -0.8678
vn -0.4826 0.1190 -0.8677
vn 0.2802 -0.0055 0.9599
vn 0.2962 0.0167 0.9550
vn 0.2513 -0.0082 -0.9679
vn 0.3020 -0.0276 -0.9529
vn 0.1342 -0.0177 -0.9908
vn 0.1263 -0.0084 -0.9920
vn 0.0202 -0.9998 -0.0003
vn -0.9838 0.1190 0.1344
vn -0.9834 0.1218 0.1344
vn 0.2653 -0.0501 0.9629
vn 0.1131 -0.0315 0.9931
vn 0.2501 0.0017 -0.9682
vn 0.1176 0.0026 -0.9931
vn -0.2193 -0.0037 0.9757
vn -0.4847 0.0752 -0.8714
vn -0.4845 0.0802 -0.8711
vn 0.3418 -0.0323 -0.9392
vn 0.3416 -0.0484 -0.9386
vn 0.3777 -0.0483 -0.9247
vn 0.3420 -0.0001 -0.9397
vn 0.3420 0.0004 -0.9397
vn -0.3781 -0.0083 0.9257
vn -0.3781 -0.0006 0.9257
vn -0.3781 -0.0004 0.9257
vn 0.3420 0.0007 -0.9397
vn 0.3420 -0.0080 -0.9397
vn -0.3781 0.0001 0.9257
vn -0.4032 -0.0045 0.9151
vn -0.3054 -0.0000 0.9522
vn 0.6606 0.1835 0.7280
vn 0.6607 0.1821 0.7282
vn 0.6607 0.1820 0.7282
vn -0.8206 -0.0799 0.5659
vn -0.7233 -0.0434 0.6892
vn -0.7268 -0.0461 0.6853
vn -0.8206 -0.0791 0.5660
vn 0.4341 0.0025 -0.9008
vn 0.4373 0.0024 -0.8993
vn 0.5603 0.0050 -0.8283
vn 0.5538 0.0044 -0.8327
vn 0.6585 -0.1994 0.7257
vn 0.6703 -0.0712 0.7387
vn 0.6703 -0.0697 0.7388
vn -0.7308 0.0105 0.6825
vn -0.7274 -0.0023 0.6862
vn -0.4609 -0.0038 0.8875
vn 0.9574 -0.0440 -0.2855
vn 0.9467 -0.0022 -0.3222
vn 0.9463 -0.0008 -0.3233
vn -0.0072 -1.0000 -0.0063
vn -0.0090 -0.9999 -0.0078
vn 0.7780 0.0088 0.6282
vn -0.4774 -0.0069 0.8787
vn -0.4687 -0.0062 0.8833
vn 0.9276 0.1181 -0.3545
vn 0.9275 0.1190 -0.3545
vn 0.9276 0.1179 -0.3545
vn -0.8408 0.0167 0.5411
vn -0.8317 -0.0055 0.5552
vn 0.5341 -0.0177 -0.8453
vn 0.3811 -0.0276 -0.9241
vn 0.4296 -0.0082 -0.9030
vn 0.5408 -0.0084 -0.8411
vn -0.0152 -0.9998 -0.0132
vn 0.6670 0.1218 0.7351
vn 0.6672 0.1190 0.7353
vn -0.7250 -0.0315 0.6881
vn -0.8222 -0.0501 0.5670
vn 0.5482 0.0026 -0.8363
vn 0.4307 0.0017 -0.9025
vn -0.4592 -0.0037 0.8883
vn 0.9311 0.0802 -0.3558
vn 0.9315 0.0752 -0.3560
vn 0.3050 -0.0483 -0.9511
vn -0.3054 -0.0083 0.9522
vn -0.3054 -0.0004 0.9522
vn -0.3054 -0.0006 0.9522
vn -0.3054 0.0001 0.9522
# 113 vertex normals

vt 0.9583 0.3333 0.0000
vt 0.9875 0.3333 0.0000
vt 0.2917 0.3333 0.0000
vt 0.3182 0.3333 0.0000
vt 0.7500 0.3333 0.0000
vt 1.0000 0.3333 0.0000
vt 0.9000 0.3333 0.0000
vt 0.9167 0.3333 0.0000
vt 0.8750 0.3333 0.0000
vt 0.8333 0.3333 0.0000
# 10 texture coords

o Engine_cone_Small_Falp_030
g Engine_cone_Small_Falp_030
usemtl Material__42
s off
f 2108/206/1937 2109/206/1937 2110/207/1937 2111/207/1937 
f 2112/208/1937 2113/209/1937 2114/210/1937 2109/210/1937 2108/208/1937 
f 2115/208/1938 2116/208/1939 2117/208/1940 2118/208/1941 
f 2119/211/1942 2120/211/1943 2121/211/1943 2122/211/1944 
f 2123/207/1945 2111/207/1946 2120/211/1947 2119/211/1948 
f 2124/206/1949 2125/207/1950 2110/207/1951 2109/206/1952 
f 2126/211/1953 2127/211/1954 2128/211/1955 2129/211/1955 
f 2130/206/1956 2131/207/1957 2132/207/1958 2117/206/1940 
f 2127/211/1959 2133/207/1960 2134/207/1961 2128/211/1961 
f 2134/212/1962 2132/213/1963 2129/213/1964 2128/214/1964 
f 2135/208/1965 2118/215/1965 2117/213/1965 2136/206/1965 
f 2110/207/1937 2121/211/1966 2120/211/1966 2111/207/1937 
f 2137/206/1967 2108/206/1968 2111/207/1946 2123/207/1945 
f 2125/207/1969 2122/211/1970 2121/211/1971 2110/207/1971 
f 2126/211/1972 2129/211/1973 2132/207/1958 2131/207/1957 
f 2138/206/1974 2136/206/1975 2134/207/1976 2133/207/1977 
f 2134/212/1962 2136/206/1978 2117/213/1978 2132/213/1963 
f 2119/211/1942 2122/211/1944 2139/211/1979 2140/211/1980 
f 2123/207/1945 2119/211/1948 2140/211/1981 2141/207/1982 
f 2125/207/1950 2124/206/1949 2142/206/1983 2143/207/1984 
f 2127/211/1954 2126/211/1953 2140/211/1980 2139/211/1979 
f 2131/207/1957 2130/206/1956 2144/206/1985 2141/207/1982 
f 2133/207/1960 2127/211/1959 2139/211/1986 2143/207/1987 
f 2137/206/1967 2123/207/1945 2141/207/1982 2144/206/1985 
f 2122/211/1970 2125/207/1969 2143/207/1987 2139/211/1986 
f 2126/211/1972 2131/207/1957 2141/207/1982 2140/211/1981 
f 2138/206/1974 2133/207/1977 2143/207/1984 2142/206/1983 
f 2136/210/1975 2145/210/1988 2146/210/1989 2135/210/1990 
f 2109/210/1952 2114/210/1991 2147/210/1992 2124/210/1949 
f 2117/208/1940 2116/208/1939 2148/208/1993 2130/208/1956 
f 2144/208/1985 2149/208/1994 2150/208/1995 2137/208/1967 
f 2142/210/1983 2151/210/1996 2152/210/1997 2138/210/1974 
f 2108/208/1968 2137/208/1967 2150/208/1995 2112/208/1998 
f 2144/208/1985 2130/208/1956 2148/208/1993 2149/208/1994 
f 2136/210/1975 2138/210/1974 2152/210/1997 2145/210/1988 
f 2142/210/1983 2124/210/1949 2147/210/1992 2151/210/1996 
f 2153/206/1937 2154/207/1937 2155/207/1937 2156/206/1937 
f 2157/208/1937 2153/208/1937 2156/210/1937 2114/210/1937 2113/209/1937 
f 2158/208/1999 2116/208/1939 2115/208/1938 2159/208/2000 
f 2160/211/2001 2161/211/2001 2162/211/2002 2163/211/2003 
f 2161/211/2004 2154/207/2005 2164/207/2006 2162/211/2007 
f 2165/206/2008 2156/206/2009 2155/207/2010 2166/207/2011 
f 2167/211/2012 2168/211/2013 2169/211/2014 2170/211/2012 
f 2171/207/2015 2172/207/2016 2173/206/2017 2158/206/1999 
f 2174/207/2018 2175/207/2019 2168/211/2020 2167/211/2018 
f 2170/213/1964 2171/213/2021 2174/212/2022 2167/214/1964 
f 2158/213/2023 2159/215/2023 2176/208/2023 2177/206/2023 
f 2155/207/1937 2154/207/1937 2161/211/1966 2160/211/1966 
f 2154/207/2005 2153/206/2024 2178/206/2025 2164/207/2006 
f 2166/207/2026 2155/207/2027 2160/211/2027 2163/211/2028 
f 2171/207/2015 2170/211/2029 2169/211/2030 2172/207/2016 
f 2174/207/2031 2177/206/2032 2179/206/2033 2175/207/2034 
f 2174/212/2022 2171/213/2021 2158/213/2035 2177/206/2035 
f 2162/211/2002 2180/211/2036 2181/211/2037 2163/211/2003 
f 2164/207/2006 2182/207/2038 2180/211/2039 2162/211/2007 
f 2166/207/2011 2183/207/2040 2184/206/2041 2165/206/2008 
f 2168/211/2013 2181/211/2037 2180/211/2036 2169/211/2014 
f 2172/207/2016 2182/207/2038 2185/206/2042 2173/206/2017 
f 2175/207/2019 2183/207/2043 2181/211/2044 2168/211/2020 
f 2178/206/2025 2185/206/2042 2182/207/2038 2164/207/2006 
f 2163/211/2028 2181/211/2044 2183/207/2043 2166/207/2026 
f 2169/211/2030 2180/211/2039 2182/207/2038 2172/207/2016 
f 2179/206/2033 2184/206/2041 2183/207/2040 2175/207/2034 
f 2146/210/1989 2145/210/1988 2177/210/2032 2176/210/2045 
f 2147/210/1992 2114/210/1991 2156/210/2009 2165/210/2008 
f 2186/208/2046 2116/208/1939 2158/208/1999 2173/208/2017 
f 2187/208/2047 2188/208/2048 2185/208/2042 2178/208/2025 
f 2152/210/1997 2151/210/1996 2184/210/2041 2179/210/2033 
f 2187/208/2047 2178/208/2025 2153/208/2024 2157/208/2049 
f 2186/208/2046 2173/208/2017 2185/208/2042 2188/208/2048 
f 2152/210/1997 2179/210/2033 2177/210/2032 2145/210/1988 
f 2147/210/1992 2165/210/2008 2184/210/2041 2151/210/1996 
# 72 polygons

