# 3ds Max Wavefront OBJ Exporter v0.99 - (c)2007 guruware
# File Created: 15.04.2026 13:45:56

mtllib mesh_grapplinghook.mtl

#
# object handle_low
#

v  -0.4829 1.9729 0.2788
v  -0.4829 10.8489 0.2788
v  -0.5576 10.8489 0.0005
v  -0.5576 1.9729 0.0005
v  -0.2788 1.9729 0.4829
v  -0.2788 10.8489 0.4829
v  -0.0000 1.9729 0.5576
v  -0.0000 10.8489 0.5576
v  0.2788 1.9729 0.4829
v  0.2788 10.8489 0.4829
v  0.4829 1.9729 0.2788
v  0.4829 10.8489 0.2788
v  0.5576 1.9729 0.0005
v  0.5576 10.8489 0.0005
v  -0.2788 1.4392 0.4795
v  -0.0000 1.4392 0.5078
v  0.2788 1.4392 0.4795
v  -0.2788 1.2035 0.3439
v  -0.0000 1.2035 0.3439
v  0.2788 1.2035 0.3439
v  -0.2788 1.1121 0.0005
v  -0.0000 1.1121 0.0005
v  0.2788 1.1121 0.0005
v  -0.4829 10.8489 -0.2788
v  -0.4829 1.9729 -0.2788
v  -0.2788 10.8489 -0.4829
v  -0.2788 1.9729 -0.4829
v  -0.0000 10.8489 -0.5576
v  -0.0000 1.9729 -0.5576
v  0.2788 10.8489 -0.4829
v  0.2788 1.9729 -0.4829
v  0.4829 10.8489 -0.2788
v  0.4829 1.9729 -0.2788
v  -0.0000 1.4392 -0.5078
v  -0.2788 1.4392 -0.4795
v  0.2788 1.4392 -0.4795
v  -0.0000 1.2035 -0.3439
v  -0.2788 1.2035 -0.3439
v  0.2788 1.2035 -0.3439
v  -0.2788 1.9729 0.0005
v  0.2788 1.9729 0.0005
v  0.2788 1.4392 0.0005
v  -0.2788 1.4392 0.0005
v  -0.6273 13.7706 0.0005
v  -0.5432 13.7706 0.3136
v  -0.6549 13.7706 0.3781
v  -0.7562 13.7706 0.0006
v  -0.3136 13.7706 0.5432
v  -0.3781 13.7706 0.6549
v  -0.0000 13.7706 0.6273
v  -0.0000 13.7706 0.7562
v  0.3136 13.7706 0.5432
v  0.3781 13.7706 0.6549
v  0.5432 13.7706 0.3136
v  0.6549 13.7706 0.3781
v  0.6273 13.7706 0.0005
v  0.7562 13.7706 0.0006
v  -0.5432 13.7706 -0.3136
v  -0.6549 13.7706 -0.3781
v  -0.3136 13.7706 -0.5432
v  -0.3781 13.7706 -0.6549
v  -0.0000 13.7706 -0.6273
v  -0.0000 13.7706 -0.7562
v  0.3136 13.7706 -0.5432
v  0.3781 13.7706 -0.6549
v  0.5432 13.7706 -0.3136
v  0.6549 13.7706 -0.3781
v  -0.6549 14.0242 0.3781
v  -0.7562 14.0242 0.0006
v  -0.3781 14.0242 0.6549
v  -0.0000 14.0242 0.7562
v  0.3781 14.0242 0.6549
v  0.6549 14.0242 0.3781
v  0.7562 14.0242 0.0006
v  -0.6549 14.0242 -0.3781
v  -0.3781 14.0242 -0.6549
v  -0.0000 14.0242 -0.7562
v  0.3781 14.0242 -0.6549
v  0.6549 14.0242 -0.3781
v  -0.5432 10.8632 0.3136
v  -0.6273 10.8632 0.0005
v  -0.3136 10.8632 0.5432
v  -0.0000 10.8632 0.6273
v  0.3136 10.8632 0.5432
v  0.5432 10.8632 0.3136
v  0.6273 10.8632 0.0005
v  -0.5432 10.8632 -0.3136
v  -0.3136 10.8632 -0.5432
v  -0.0000 10.8632 -0.6273
v  0.3136 10.8632 -0.5432
v  0.5432 10.8632 -0.3136
v  -0.3781 14.0242 0.0006
v  0.3781 14.0242 0.0006
v  -0.0000 14.0242 0.0006
# 94 vertices

vn -0.8659 -0.0000 0.5002
vn -1.0000 -0.0000 0.0004
vn -0.3965 -0.0169 0.9179
vn -0.5000 -0.0000 0.8660
vn -0.0000 -0.0249 0.9997
vn -0.0000 -0.0000 1.0000
vn 0.3965 -0.0169 0.9179
vn 0.5000 -0.0000 0.8660
vn 0.8659 -0.0000 0.5002
vn 1.0000 -0.0000 0.0004
vn -0.1151 -0.3071 0.9447
vn -0.0000 -0.2996 0.9541
vn 0.1151 -0.3071 0.9447
vn -0.0230 -0.8064 0.5909
vn 0.0000 -0.8067 0.5910
vn 0.0230 -0.8064 0.5909
vn 0.0000 -1.0000 0.0004
vn -0.8661 -0.0000 -0.4998
vn -0.5000 -0.0000 -0.8660
vn -0.3965 -0.0169 -0.9179
vn -0.0000 -0.0000 -1.0000
vn -0.0000 -0.0249 -0.9997
vn 0.5000 -0.0000 -0.8660
vn 0.3965 -0.0169 -0.9179
vn 0.8661 -0.0000 -0.4998
vn -0.0000 -0.2996 -0.9541
vn -0.1151 -0.3071 -0.9447
vn 0.1151 -0.3071 -0.9447
vn 0.0000 -0.8069 -0.5907
vn -0.0230 -0.8066 -0.5906
vn 0.0230 -0.8066 -0.5906
vn 0.0000 -1.0000 -0.0000
vn 1.0000 0.0000 0.0000
vn 1.0000 0.0000 -0.0000
vn -1.0000 0.0000 -0.0000
vn -1.0000 0.0000 0.0000
vn -0.1748 -0.9794 0.1009
vn -0.2018 -0.9794 0.0001
vn -0.1748 -0.9794 0.1010
vn -0.1009 -0.9794 0.1748
vn -0.0000 -0.9794 0.2018
vn 0.1009 -0.9794 0.1748
vn 0.1748 -0.9794 0.1009
vn 0.1748 -0.9794 0.1010
vn 0.2018 -0.9794 0.0001
vn -0.1748 -0.9794 -0.1009
vn -0.1748 -0.9794 -0.1008
vn -0.1009 -0.9794 -0.1748
vn -0.1009 -0.9794 -0.1747
vn -0.0000 -0.9794 -0.2018
vn 0.1009 -0.9794 -0.1748
vn 0.1009 -0.9794 -0.1747
vn 0.1748 -0.9794 -0.1009
vn 0.1748 -0.9794 -0.1008
vn -0.8659 0.0000 0.5002
vn -1.0000 0.0000 0.0004
vn -0.5000 0.0000 0.8660
vn -0.0000 0.0000 1.0000
vn 0.5000 0.0000 0.8660
vn 0.8659 0.0000 0.5002
vn 1.0000 0.0000 0.0004
vn -0.8661 0.0000 -0.4998
vn 0.0000 1.0000 -0.0000
# 63 vertex normals

vt 0.0067 0.1177 0.0000
vt 0.4295 0.1176 0.0000
vt 0.4295 0.1313 0.0000
vt 0.0067 0.1314 0.0000
vt 0.0067 0.1040 0.0000
vt 0.4295 0.1039 0.0000
vt 0.0067 0.0902 0.0000
vt 0.4295 0.0901 0.0000
vt 0.0067 0.0765 0.0000
vt 0.4295 0.0764 0.0000
vt 0.0067 0.0627 0.0000
vt 0.4295 0.0626 0.0000
vt 0.0067 0.0490 0.0000
vt 0.4295 0.0489 0.0000
vt 0.0105 0.2012 0.0000
vt 0.0109 0.1842 0.0000
vt 0.0425 0.1849 0.0000
vt 0.0420 0.2014 0.0000
vt 0.0109 0.2184 0.0000
vt 0.0426 0.2178 0.0000
vt 0.0587 0.1848 0.0000
vt 0.0588 0.2014 0.0000
vt 0.0587 0.2178 0.0000
vt 0.0798 0.1849 0.0000
vt 0.0798 0.2013 0.0000
vt 0.0798 0.2178 0.0000
vt 0.4295 0.1451 0.0000
vt 0.0067 0.1452 0.0000
vt 0.4295 0.1589 0.0000
vt 0.0067 0.1590 0.0000
vt 0.4295 0.1726 0.0000
vt 0.0067 0.1727 0.0000
vt 0.4295 0.0076 0.0000
vt 0.4295 0.0214 0.0000
vt 0.0067 0.0215 0.0000
vt 0.0066 0.0077 0.0000
vt 0.4295 0.0351 0.0000
vt 0.0067 0.0352 0.0000
vt 0.1491 0.2012 0.0000
vt 0.1176 0.2014 0.0000
vt 0.1171 0.1849 0.0000
vt 0.1487 0.1842 0.0000
vt 0.1487 0.2184 0.0000
vt 0.1170 0.2178 0.0000
vt 0.1008 0.2014 0.0000
vt 0.1009 0.1848 0.0000
vt 0.1009 0.2178 0.0000
vt 0.0629 0.2612 0.0000
vt 0.0629 0.2290 0.0000
vt 0.0765 0.2426 0.0000
vt 0.0815 0.2612 0.0000
vt 0.1049 0.2608 0.0000
vt 0.1049 0.2930 0.0000
vt 0.0913 0.2794 0.0000
vt 0.0863 0.2608 0.0000
vt 0.1405 0.2608 0.0000
vt 0.1405 0.2928 0.0000
vt 0.0273 0.2612 0.0000
vt 0.0273 0.2292 0.0000
vt 0.0115 0.2382 0.0000
vt 0.0054 0.2612 0.0000
vt 0.0765 0.2798 0.0000
vt 0.0629 0.2934 0.0000
vt 0.0273 0.2932 0.0000
vt 0.0115 0.2841 0.0000
vt 0.0913 0.2422 0.0000
vt 0.1049 0.2286 0.0000
vt 0.1405 0.2288 0.0000
vt 0.4420 0.0543 0.0000
vt 0.4420 0.0698 0.0000
vt 0.4360 0.0698 0.0000
vt 0.4360 0.0543 0.0000
vt 0.4420 0.0854 0.0000
vt 0.4360 0.0854 0.0000
vt 0.4420 0.1009 0.0000
vt 0.4360 0.1009 0.0000
vt 0.4420 0.1165 0.0000
vt 0.4360 0.1165 0.0000
vt 0.4420 0.1320 0.0000
vt 0.4360 0.1320 0.0000
vt 0.4420 0.1475 0.0000
vt 0.4360 0.1475 0.0000
vt 0.4420 0.0387 0.0000
vt 0.4360 0.0387 0.0000
vt 0.4420 0.0231 0.0000
vt 0.4360 0.0231 0.0000
vt 0.4420 0.0051 0.0000
vt 0.4360 0.0051 0.0000
vt 0.4420 0.1789 0.0000
vt 0.4420 0.1943 0.0000
vt 0.4360 0.1943 0.0000
vt 0.4360 0.1789 0.0000
vt 0.4420 0.1631 0.0000
vt 0.4360 0.1631 0.0000
vt 0.4203 0.2475 0.0000
vt 0.4130 0.2208 0.0000
vt 0.4285 0.2122 0.0000
vt 0.4380 0.2478 0.0000
vt 0.3934 0.2012 0.0000
vt 0.4024 0.1860 0.0000
vt 0.3666 0.1942 0.0000
vt 0.3668 0.1765 0.0000
vt 0.3398 0.2014 0.0000
vt 0.3312 0.1858 0.0000
vt 0.3202 0.2210 0.0000
vt 0.3050 0.2119 0.0000
vt 0.3132 0.2478 0.0000
vt 0.2954 0.2475 0.0000
vt 0.4131 0.2743 0.0000
vt 0.4283 0.2834 0.0000
vt 0.3936 0.2940 0.0000
vt 0.4023 0.3095 0.0000
vt 0.3669 0.3013 0.0000
vt 0.3666 0.3190 0.0000
vt 0.3401 0.2941 0.0000
vt 0.3309 0.3093 0.0000
vt 0.3204 0.2746 0.0000
vt 0.3050 0.2832 0.0000
vt 0.5127 0.0698 0.0000
vt 0.5127 0.0543 0.0000
vt 0.5163 0.0543 0.0000
vt 0.5163 0.0698 0.0000
vt 0.5127 0.0854 0.0000
vt 0.5163 0.0854 0.0000
vt 0.5127 0.1009 0.0000
vt 0.5163 0.1009 0.0000
vt 0.5127 0.1165 0.0000
vt 0.5163 0.1165 0.0000
vt 0.5127 0.1320 0.0000
vt 0.5163 0.1320 0.0000
vt 0.5127 0.1475 0.0000
vt 0.5163 0.1475 0.0000
vt 0.5127 0.0387 0.0000
vt 0.5163 0.0387 0.0000
vt 0.5127 0.0231 0.0000
vt 0.5163 0.0231 0.0000
vt 0.5127 0.0051 0.0000
vt 0.5163 0.0051 0.0000
vt 0.5127 0.1943 0.0000
vt 0.5127 0.1789 0.0000
vt 0.5163 0.1789 0.0000
vt 0.5163 0.1943 0.0000
vt 0.5127 0.1631 0.0000
vt 0.5163 0.1631 0.0000
vt 0.1562 0.2379 0.0000
vt 0.1623 0.2608 0.0000
vt 0.1562 0.2838 0.0000
vt 0.2019 0.1883 0.0000
vt 0.2019 0.2357 0.0000
vt 0.1745 0.2357 0.0000
vt 0.1818 0.2083 0.0000
vt 0.2566 0.1876 0.0000
vt 0.2566 0.2357 0.0000
vt 0.2293 0.2365 0.0000
vt 0.2293 0.1810 0.0000
vt 0.2767 0.2076 0.0000
vt 0.2840 0.2349 0.0000
vt 0.2767 0.2631 0.0000
vt 0.2566 0.2839 0.0000
vt 0.2293 0.2913 0.0000
vt 0.2019 0.2832 0.0000
vt 0.1818 0.2631 0.0000
# 162 texture coords

o handle_low
g handle_low
usemtl wire_086086086
s off
f 1/1/1 2/2/1 3/3/2 4/4/2 
f 5/5/3 6/6/4 2/2/1 1/1/1 
f 7/7/5 8/8/6 6/6/4 5/5/3 
f 9/9/7 10/10/8 8/8/6 7/7/5 
f 11/11/9 12/12/9 10/10/8 9/9/7 
f 13/13/10 14/14/10 12/12/9 11/11/9 
f 7/15/5 5/16/3 15/17/11 16/18/12 
f 9/19/7 7/15/5 16/18/12 17/20/13 
f 16/18/12 15/17/11 18/21/14 19/22/15 
f 17/20/13 16/18/12 19/22/15 20/23/16 
f 18/21/14 21/24/17 22/25/17 19/22/15 
f 19/22/15 22/25/17 23/26/17 20/23/16 
f 3/3/2 24/27/18 25/28/18 4/4/2 
f 24/27/18 26/29/19 27/30/20 25/28/18 
f 26/29/19 28/31/21 29/32/22 27/30/20 
f 28/33/21 30/34/23 31/35/24 29/36/22 
f 30/34/23 32/37/25 33/38/25 31/35/24 
f 32/37/25 14/14/10 13/13/10 33/38/25 
f 29/39/22 34/40/26 35/41/27 27/42/20 
f 31/43/24 36/44/28 34/40/26 29/39/22 
f 34/40/26 37/45/29 38/46/30 35/41/27 
f 36/44/28 39/47/31 37/45/29 34/40/26 
f 22/25/17 21/24/17 38/46/30 37/45/29 
f 23/26/17 22/25/17 37/45/29 39/47/31 
f 40/48/32 5/49/32 1/50/32 4/51/32 
f 41/52/32 31/53/32 33/54/32 13/55/32 
f 31/53/33 41/52/33 42/56/33 36/57/34 
f 43/58/35 15/59/35 5/49/35 40/48/35 
f 18/60/35 15/59/35 43/58/35 21/61/35 
f 25/62/32 27/63/32 40/48/32 4/51/32 
f 27/63/35 35/64/36 43/58/35 40/48/35 
f 43/58/35 35/64/36 38/65/36 21/61/35 
f 11/66/32 9/67/32 41/52/32 13/55/32 
f 9/67/34 17/68/33 42/56/33 41/52/33 
f 44/69/32 45/70/32 46/71/32 47/72/32 
f 45/70/32 48/73/32 49/74/32 46/71/32 
f 48/73/32 50/75/32 51/76/32 49/74/32 
f 50/75/32 52/77/32 53/78/32 51/76/32 
f 52/77/32 54/79/32 55/80/32 53/78/32 
f 54/79/32 56/81/32 57/82/32 55/80/32 
f 58/83/32 44/69/32 47/72/32 59/84/32 
f 60/85/32 58/83/32 59/84/32 61/86/32 
f 62/87/32 60/85/32 61/86/32 63/88/32 
f 64/89/32 62/90/32 63/91/32 65/92/32 
f 66/93/32 64/89/32 65/92/32 67/94/32 
f 56/81/32 66/93/32 67/94/32 57/82/32 
f 47/95/2 46/96/1 68/97/1 69/98/2 
f 46/96/1 49/99/4 70/100/4 68/97/1 
f 49/99/4 51/101/6 71/102/6 70/100/4 
f 51/101/6 53/103/8 72/104/8 71/102/6 
f 53/103/8 55/105/9 73/106/9 72/104/8 
f 55/105/9 57/107/10 74/108/10 73/106/9 
f 59/109/18 47/95/2 69/98/2 75/110/18 
f 61/111/19 59/109/18 75/110/18 76/112/19 
f 63/113/21 61/111/19 76/112/19 77/114/21 
f 65/115/23 63/113/21 77/114/21 78/116/23 
f 67/117/25 65/115/23 78/116/23 79/118/25 
f 57/107/10 67/117/25 79/118/25 74/108/10 
f 80/119/37 81/120/38 3/121/38 2/122/39 
f 82/123/40 80/119/37 2/122/39 6/124/40 
f 83/125/41 82/123/40 6/124/40 8/126/41 
f 84/127/42 83/125/41 8/126/41 10/128/42 
f 85/129/43 84/127/42 10/128/42 12/130/44 
f 86/131/45 85/129/43 12/130/44 14/132/45 
f 81/120/38 87/133/46 24/134/47 3/121/38 
f 87/133/46 88/135/48 26/136/49 24/134/47 
f 88/135/48 89/137/50 28/138/50 26/136/49 
f 89/139/50 90/140/51 30/141/52 28/142/50 
f 90/140/51 91/143/53 32/144/54 30/141/52 
f 91/143/53 86/131/45 14/132/45 32/144/54 
f 45/70/55 44/69/56 81/120/56 80/119/55 
f 48/73/57 45/70/55 80/119/55 82/123/57 
f 50/75/58 48/73/57 82/123/57 83/125/58 
f 52/77/59 50/75/58 83/125/58 84/127/59 
f 54/79/60 52/77/59 84/127/59 85/129/60 
f 56/81/61 54/79/60 85/129/60 86/131/61 
f 44/69/56 58/83/62 87/133/62 81/120/56 
f 58/83/62 60/85/19 88/135/19 87/133/62 
f 60/85/19 62/87/21 89/137/21 88/135/19 
f 62/90/21 64/89/23 90/140/23 89/139/21 
f 64/89/23 66/93/25 91/143/25 90/140/23 
f 66/93/25 56/81/61 86/131/61 91/143/25 
f 20/145/33 23/146/33 42/56/33 17/68/33 
f 42/56/33 23/146/33 39/147/34 36/57/34 
f 70/148/63 92/149/63 69/150/63 68/151/63 
f 72/152/63 93/153/63 94/154/63 71/155/63 
f 73/156/63 74/157/63 93/153/63 72/152/63 
f 70/148/63 71/155/63 94/154/63 92/149/63 
f 79/158/63 78/159/63 93/153/63 74/157/63 
f 78/159/63 77/160/63 94/154/63 93/153/63 
f 94/154/63 77/160/63 76/161/63 92/149/63 
f 76/161/63 75/162/63 69/150/63 92/149/63 
# 92 polygons

#
# object top_low
#

v  -1.3311 13.1822 -0.3906
v  -1.1469 13.1822 0.3150
v  -1.1469 13.8167 0.3150
v  -1.3311 13.8167 -0.3906
v  -0.8466 13.1822 0.8352
v  -0.8436 13.8167 0.8413
v  -0.3264 13.1822 1.3477
v  -0.3332 13.8167 1.3482
v  -0.1759 13.1821 2.2664
v  -0.1811 13.8166 2.2667
v  -0.3329 13.8166 2.2669
v  -0.3261 13.1821 2.2664
v  0.2742 13.1822 1.3477
v  0.7942 13.1822 0.8352
v  0.7942 13.8167 0.8352
v  0.2742 13.8167 1.3477
v  1.0943 13.1822 0.3160
v  1.0943 13.8167 0.3160
v  -2.1268 13.8167 -0.8496
v  -2.0517 13.8167 -0.9799
v  -2.0517 13.1822 -0.9799
v  -2.1268 13.1822 -0.8496
v  -1.0305 13.1822 -0.9117
v  -1.0305 13.8167 -0.9117
v  -0.3265 13.8167 -1.1060
v  -0.3265 13.1822 -1.1060
v  0.2741 13.8167 -1.1060
v  0.2741 13.1822 -1.1060
v  0.9781 13.8167 -0.9118
v  0.9781 13.1822 -0.9118
v  1.7737 13.8167 -1.3711
v  1.8487 13.8167 -1.2411
v  1.8487 13.1822 -1.2411
v  1.7737 13.1822 -1.3712
v  1.2784 13.1822 -0.3917
v  1.2784 13.8167 -0.3917
v  -0.3264 13.1822 0.3154
v  0.2741 13.8167 -0.9118
v  0.2741 13.8167 0.3157
v  0.2745 13.8166 2.2664
v  0.2745 13.1821 2.2664
v  -1.8263 13.1822 -1.3707
v  -1.8263 13.8167 -1.3707
v  2.0740 13.1822 -0.8510
v  2.0740 13.8167 -0.8510
v  0.1241 13.1822 1.5966
v  0.1224 13.8166 1.5967
v  -0.1813 13.8166 1.5969
v  -0.1762 13.1822 1.5966
v  0.1227 13.8166 2.2665
v  0.1244 13.1821 2.2664
v  1.9989 13.1822 -0.9811
v  1.9989 13.8167 -0.9811
v  1.4188 13.8167 -0.6461
v  1.4188 13.1822 -0.6461
v  1.2687 13.1822 -0.9062
v  1.2687 13.8167 -0.9062
v  -1.3212 13.8167 -0.9058
v  -1.3212 13.1822 -0.9058
v  -1.4715 13.1822 -0.6452
v  -1.4715 13.8167 -0.6452
v  -1.9014 13.1822 -1.2404
v  -1.9014 13.8167 -1.2404
v  -0.3264 13.1822 0.8352
v  -0.3265 13.1822 -0.9118
v  0.2741 13.1822 -0.9118
v  0.2741 13.1822 0.3157
v  0.2742 13.1822 0.8352
v  0.2742 13.8167 0.8371
v  -0.3270 13.8167 -0.9118
v  -0.3304 13.8167 0.3154
v  -0.3318 13.8167 0.8394
# 72 vertices

vn -0.8693 0.0000 0.4943
vn -0.7954 -0.0001 0.6060
vn -0.6070 -0.0009 0.7947
vn -0.6065 -0.0009 0.7950
vn -0.4953 -0.0017 0.8687
vn 0.2592 -0.0002 0.9658
vn 0.8624 -0.0000 0.5062
vn 0.9224 -0.0000 0.3862
vn 0.9919 0.0000 0.1271
vn -0.9660 -0.0000 -0.2584
vn -0.5064 0.0000 -0.8623
vn -0.3861 -0.0000 -0.9225
vn -0.1269 -0.0000 -0.9919
vn 0.0073 -0.0000 -1.0000
vn 0.7071 -0.0000 -0.7071
vn 1.0000 0.0000 -0.0073
vn 0.0000 -1.0000 -0.0000
vn -0.0000 1.0000 -0.0000
vn 0.0000 1.0000 -0.0000
vn 0.0000 1.0000 0.0000
vn 0.9658 0.0000 -0.2592
vn -0.9658 -0.0032 0.2592
vn -0.2584 0.0000 0.9660
vn 0.2584 0.0000 -0.9660
vn -0.7071 0.0000 -0.7071
vn 0.7071 0.0000 0.7071
vn 0.2592 -0.0001 0.9658
vn 0.2592 -0.0000 0.9658
vn 0.7071 0.0000 -0.7071
vn -0.9660 0.0000 -0.2584
vn -0.9658 -0.0008 0.2592
vn 0.9658 0.0024 -0.2592
vn -0.7071 -0.0000 -0.7071
vn 0.2584 -0.0000 -0.9660
vn 0.0000 1.0000 0.0001
vn -0.0000 -1.0000 -0.0001
vn -0.0000 -1.0000 -0.0000
vn -0.0000 1.0000 0.0000
# 38 vertex normals

vt 0.3717 0.8163 0.0000
vt 0.3717 0.7893 0.0000
vt 0.4496 0.7892 0.0000
vt 0.4496 0.8162 0.0000
vt 0.3716 0.7670 0.0000
vt 0.4496 0.7667 0.0000
vt 0.3716 0.7400 0.0000
vt 0.4495 0.7400 0.0000
vt 0.4491 0.6347 0.0000
vt 0.3712 0.6346 0.0000
vt 0.3712 0.6290 0.0000
vt 0.4491 0.6291 0.0000
vt 0.4501 0.8847 0.0000
vt 0.4501 0.9118 0.0000
vt 0.3722 0.9118 0.0000
vt 0.3722 0.8847 0.0000
vt 0.4501 0.9340 0.0000
vt 0.3722 0.9340 0.0000
vt 0.5302 0.8508 0.0000
vt 0.5302 0.8563 0.0000
vt 0.4522 0.8563 0.0000
vt 0.4522 0.8508 0.0000
vt 0.4522 0.7400 0.0000
vt 0.5302 0.7400 0.0000
vt 0.5302 0.7670 0.0000
vt 0.4522 0.7670 0.0000
vt 0.5302 0.7893 0.0000
vt 0.4522 0.7893 0.0000
vt 0.5302 0.8163 0.0000
vt 0.4522 0.8163 0.0000
vt 0.4522 0.9949 0.0000
vt 0.4522 0.9894 0.0000
vt 0.5302 0.9894 0.0000
vt 0.5302 0.9949 0.0000
vt 0.4501 0.9610 0.0000
vt 0.3722 0.9610 0.0000
vt 0.2652 0.9565 0.0000
vt 0.2062 0.8536 0.0000
vt 0.2750 0.8536 0.0000
vt 0.2905 0.9128 0.0000
vt 0.2897 0.6258 0.0000
vt 0.2645 0.6695 0.0000
vt 0.2055 0.6695 0.0000
vt 0.2055 0.5665 0.0000
vt 0.3722 0.8507 0.0000
vt 0.4501 0.8507 0.0000
vt 0.3716 0.7060 0.0000
vt 0.4496 0.7060 0.0000
vt 0.4497 0.8502 0.0000
vt 0.3717 0.8503 0.0000
vt 0.4522 0.7060 0.0000
vt 0.5302 0.7060 0.0000
vt 0.5302 0.8504 0.0000
vt 0.4522 0.8504 0.0000
vt 0.4501 0.9951 0.0000
vt 0.3722 0.9951 0.0000
vt 0.4491 0.6706 0.0000
vt 0.3712 0.6707 0.0000
vt 0.3712 0.6594 0.0000
vt 0.4491 0.6595 0.0000
vt 0.4492 0.7010 0.0000
vt 0.3712 0.7011 0.0000
vt 0.3712 0.6955 0.0000
vt 0.4492 0.6954 0.0000
vt 0.4522 0.9231 0.0000
vt 0.5302 0.9231 0.0000
vt 0.5313 0.9286 0.0000
vt 0.4533 0.9286 0.0000
vt 0.4533 0.9534 0.0000
vt 0.5313 0.9534 0.0000
vt 0.5302 0.9646 0.0000
vt 0.4522 0.9646 0.0000
vt 0.5302 0.8923 0.0000
vt 0.4522 0.8923 0.0000
vt 0.4522 0.8811 0.0000
vt 0.5302 0.8811 0.0000
vt 0.5302 0.9227 0.0000
vt 0.4522 0.9227 0.0000
vt 0.4522 0.9171 0.0000
vt 0.5302 0.9171 0.0000
vt 0.0961 0.6695 0.0000
vt 0.0717 0.6690 0.0000
vt 0.0591 0.6471 0.0000
vt 0.0708 0.6257 0.0000
vt 0.1545 0.4799 0.0000
vt 0.1673 0.4590 0.0000
vt 0.1928 0.4590 0.0000
vt 0.2055 0.4799 0.0000
vt 0.0968 0.9565 0.0000
vt 0.0724 0.9561 0.0000
vt 0.0598 0.9343 0.0000
vt 0.0716 0.9129 0.0000
vt 0.3015 0.6472 0.0000
vt 0.2889 0.6690 0.0000
vt 0.1558 0.7670 0.0000
vt 0.1684 0.7461 0.0000
vt 0.1936 0.7461 0.0000
vt 0.2062 0.7670 0.0000
vt 0.3022 0.9342 0.0000
vt 0.2896 0.9560 0.0000
vt 0.0104 0.6752 0.0000
vt 0.0041 0.6642 0.0000
vt 0.0293 0.7080 0.0000
vt 0.0230 0.6970 0.0000
vt 0.3572 0.9513 0.0000
vt 0.3509 0.9623 0.0000
vt 0.3383 0.9841 0.0000
vt 0.3320 0.9950 0.0000
vt 0.1936 0.6899 0.0000
vt 0.2062 0.6899 0.0000
vt 0.1558 0.6899 0.0000
vt 0.1684 0.6899 0.0000
vt 0.1546 0.4028 0.0000
vt 0.1673 0.4028 0.0000
vt 0.1928 0.4028 0.0000
vt 0.2055 0.4029 0.0000
vt 0.3565 0.6644 0.0000
vt 0.3502 0.6753 0.0000
vt 0.3376 0.6971 0.0000
vt 0.3313 0.7080 0.0000
vt 0.0300 0.9951 0.0000
vt 0.0237 0.9842 0.0000
vt 0.0111 0.9624 0.0000
vt 0.0048 0.9514 0.0000
vt 0.2498 0.8100 0.0000
vt 0.2062 0.8100 0.0000
vt 0.2062 0.9728 0.0000
vt 0.2062 0.9565 0.0000
vt 0.1558 0.9728 0.0000
vt 0.1558 0.9565 0.0000
vt 0.1558 0.8536 0.0000
vt 0.1558 0.8100 0.0000
vt 0.0870 0.8535 0.0000
vt 0.1122 0.8100 0.0000
vt 0.2055 0.6858 0.0000
vt 0.2491 0.5229 0.0000
vt 0.2743 0.5665 0.0000
vt 0.2055 0.5228 0.0000
vt 0.1551 0.6858 0.0000
vt 0.1551 0.6695 0.0000
vt 0.1548 0.5665 0.0000
vt 0.0863 0.5666 0.0000
vt 0.1117 0.5224 0.0000
vt 0.1547 0.5226 0.0000
# 144 texture coords

o top_low
g top_low
usemtl wire_086086086
s off
f 95/163/64 96/164/65 97/165/65 98/166/64 
f 96/164/65 99/167/66 100/168/67 97/165/65 
f 99/167/66 101/169/68 102/170/68 100/168/67 
f 103/171/69 104/172/69 105/173/69 106/174/69 
f 107/175/70 108/176/71 109/177/71 110/178/70 
f 108/176/71 111/179/72 112/180/72 109/177/71 
f 113/181/73 114/182/73 115/183/73 116/184/73 
f 117/185/74 118/186/74 119/187/75 120/188/75 
f 120/188/75 119/187/75 121/189/76 122/190/76 
f 122/190/76 121/189/76 123/191/77 124/192/77 
f 125/193/78 126/194/78 127/195/78 128/196/78 
f 129/197/79 130/198/79 112/180/72 111/179/72 
f 117/199/80 131/200/80 96/201/80 95/202/80 
f 130/203/81 123/204/82 132/205/83 133/206/81 
f 107/175/84 110/178/84 134/207/84 135/208/84 
f 102/170/85 101/169/85 106/209/85 105/210/85 
f 95/163/86 98/166/86 113/211/86 116/212/86 
f 118/186/87 117/185/87 136/213/87 137/214/87 
f 124/192/88 123/191/88 125/215/88 128/216/88 
f 130/198/89 129/197/89 138/217/89 139/218/89 
f 140/219/90 141/220/90 142/221/90 143/222/90 
f 135/223/91 134/224/91 144/225/91 145/226/91 
f 139/227/92 138/228/92 146/229/92 147/230/92 
f 148/231/92 149/232/92 150/233/92 151/234/92 
f 152/235/73 153/236/73 154/237/73 155/238/73 
f 137/239/93 136/240/93 156/241/93 157/242/93 
f 145/226/94 144/225/94 141/220/94 140/219/94 
f 104/172/95 103/171/95 143/222/95 142/221/95 
f 147/230/96 146/229/96 149/232/96 148/231/96 
f 127/195/89 126/194/89 151/234/89 150/233/89 
f 157/242/86 156/241/86 153/236/86 152/235/86 
f 115/183/97 114/182/97 155/238/97 154/237/97 
f 118/243/82 152/244/82 155/245/82 98/246/82 
f 102/247/98 142/248/98 141/249/98 110/250/98 
f 124/251/80 150/252/80 149/253/80 129/254/80 
f 130/203/82 148/255/82 151/256/82 123/204/82 
f 107/257/99 140/258/99 143/259/99 101/260/99 
f 95/202/80 154/261/80 153/262/80 117/199/80 
f 155/245/82 114/263/82 113/264/82 98/246/82 
f 137/265/82 157/266/82 152/244/82 118/243/82 
f 116/267/80 115/268/80 154/261/80 95/202/80 
f 153/262/80 156/269/80 136/270/80 117/199/80 
f 143/259/99 103/271/99 106/272/99 101/260/99 
f 135/273/99 145/274/99 140/258/99 107/257/99 
f 105/275/98 104/276/98 142/248/98 102/247/98 
f 141/249/98 144/277/98 134/278/98 110/250/98 
f 139/279/82 147/280/82 148/255/82 130/203/82 
f 151/256/82 126/281/82 125/282/82 123/204/82 
f 128/283/80 127/284/80 150/252/80 124/251/80 
f 149/253/80 146/285/80 138/286/80 129/254/80 
f 101/260/100 99/287/100 158/288/100 
f 117/199/80 120/289/80 159/290/80 
f 99/287/100 96/201/80 131/200/80 158/288/100 
f 122/291/80 160/292/80 159/290/80 120/289/80 
f 160/292/80 161/293/80 131/200/80 159/290/80 
f 161/293/80 162/294/100 158/288/100 131/200/80 
f 158/288/100 162/294/100 107/257/100 101/260/100 
f 122/291/80 124/251/80 160/292/80 
f 160/292/80 124/251/80 161/293/80 
f 161/293/80 111/295/80 108/296/100 162/294/100 
f 162/294/100 108/296/100 107/257/100 
f 123/204/82 121/297/83 132/205/83 
f 109/298/83 112/299/81 133/206/81 163/300/83 
f 110/250/83 109/298/83 163/300/83 
f 119/301/83 118/243/101 164/302/83 
f 118/243/101 98/246/81 165/303/81 164/302/83 
f 165/303/81 97/304/81 100/305/83 166/306/83 
f 166/306/83 100/305/83 102/247/83 
f 121/297/83 119/301/83 164/302/83 132/205/83 
f 164/302/83 165/303/81 133/206/81 132/205/83 
f 165/303/81 166/306/83 163/300/83 133/206/81 
f 166/306/83 102/247/83 110/250/83 163/300/83 
f 133/206/81 112/299/81 130/203/81 
f 98/246/81 97/304/81 165/303/81 
f 129/254/80 111/295/80 161/293/80 124/251/80 
f 117/199/80 159/290/80 131/200/80 
# 64 polygons - 12 triangles

#
# object Cylinder_low
#

v  0.6901 1.5412 -0.3319
v  0.6901 1.7758 -0.2347
v  0.6901 1.8730 0.0000
v  0.6901 1.5412 0.0000
v  -0.0000 1.7826 -0.2415
v  -0.0000 1.8827 -0.0000
v  -0.0000 1.5412 -0.3415
v  0.6901 1.3065 -0.2347
v  -0.0000 1.2997 -0.2415
v  0.6901 1.2093 0.0000
v  -0.0000 1.1996 0.0000
v  0.6901 1.3065 0.2347
v  -0.0000 1.2997 0.2415
v  0.6901 1.5412 0.3319
v  -0.0000 1.5412 0.3415
v  0.6901 1.7758 0.2347
v  -0.0000 1.7826 0.2415
v  -0.6901 1.8730 0.0000
v  -0.6901 1.5412 0.0000
v  -0.6901 1.5412 0.3319
v  -0.6901 1.7758 0.2347
v  -0.6901 1.7758 -0.2347
v  -0.6901 1.5412 -0.3319
v  -0.6901 1.3065 -0.2347
v  -0.6901 1.2093 0.0000
v  -0.6901 1.3065 0.2347
# 26 vertices

vn -0.0000 -1.0000 0.0000
vn -0.0000 -1.0000 -0.0000
vn 0.7065 -0.0404 -0.7065
vn 0.7071 0.0000 -0.7071
vn 1.0000 -0.0000 -0.0000
vn 0.9992 -0.0404 -0.0000
vn -0.0000 -0.0404 -0.9992
vn -0.0000 0.0000 -1.0000
vn -0.7065 -0.0404 -0.7065
vn -0.7071 0.0000 -0.7071
vn -0.9992 -0.0404 0.0000
vn -1.0000 0.0000 0.0000
vn -0.7065 -0.0404 0.7065
vn -0.7071 0.0000 0.7071
vn 0.0000 -0.0404 0.9992
vn -0.0000 -0.0000 1.0000
vn 0.7065 -0.0404 0.7065
vn 0.7071 -0.0000 0.7071
vn 0.0000 1.0000 -0.0000
vn 0.7065 0.0404 -0.7065
vn 0.9992 0.0404 -0.0000
vn -0.0000 0.0404 -0.9992
vn -0.7065 0.0404 -0.7065
vn -0.9992 0.0404 0.0000
vn -0.7065 0.0404 0.7065
vn -0.0000 0.0404 0.9992
vn 0.7065 0.0404 0.7065
# 27 vertex normals

vt 0.8216 0.1874 0.0000
vt 0.7868 0.1725 0.0000
vt 0.7727 0.1372 0.0000
vt 0.8223 0.1378 0.0000
vt 0.7093 0.0083 0.0000
vt 0.7093 0.0441 0.0000
vt 0.6711 0.0441 0.0000
vt 0.6711 0.0083 0.0000
vt 0.7477 0.0083 0.0000
vt 0.7477 0.0441 0.0000
vt 0.7862 0.0083 0.0000
vt 0.7862 0.0441 0.0000
vt 0.8247 0.0083 0.0000
vt 0.8247 0.0441 0.0000
vt 0.8632 0.0083 0.0000
vt 0.8632 0.0441 0.0000
vt 0.9017 0.0083 0.0000
vt 0.9017 0.0441 0.0000
vt 0.9400 0.0083 0.0000
vt 0.9400 0.0441 0.0000
vt 0.9782 0.0083 0.0000
vt 0.9782 0.0441 0.0000
vt 0.7703 0.1375 0.0000
vt 0.7207 0.1375 0.0000
vt 0.7207 0.0879 0.0000
vt 0.7557 0.1025 0.0000
vt 0.7093 0.0801 0.0000
vt 0.6711 0.0801 0.0000
vt 0.7477 0.0801 0.0000
vt 0.7862 0.0801 0.0000
vt 0.8247 0.0801 0.0000
vt 0.8632 0.0801 0.0000
vt 0.9017 0.0801 0.0000
vt 0.9400 0.0801 0.0000
vt 0.9782 0.0801 0.0000
vt 0.7557 0.1726 0.0000
vt 0.7207 0.1871 0.0000
vt 0.6856 0.1726 0.0000
vt 0.6711 0.1375 0.0000
vt 0.6856 0.1025 0.0000
vt 0.8569 0.1733 0.0000
vt 0.8718 0.1385 0.0000
vt 0.7876 0.1023 0.0000
vt 0.8229 0.0882 0.0000
vt 0.8578 0.1032 0.0000
# 45 texture coords

o Cylinder_low
g Cylinder_low
usemtl wire_086086086
s off
f 167/307/102 168/308/103 169/309/103 170/310/102 
f 168/311/104 171/312/105 172/313/106 169/314/107 
f 167/315/108 173/316/109 171/312/105 168/311/104 
f 174/317/110 175/318/111 173/316/109 167/315/108 
f 176/319/112 177/320/113 175/318/111 174/317/110 
f 178/321/114 179/322/115 177/320/113 176/319/112 
f 180/323/116 181/324/117 179/322/115 178/321/114 
f 182/325/118 183/326/119 181/324/117 180/323/116 
f 169/327/107 172/328/106 183/326/119 182/325/118 
f 184/329/120 185/330/120 186/331/120 187/332/120 
f 188/333/121 184/334/122 172/313/106 171/312/105 
f 189/335/123 188/333/121 171/312/105 173/316/109 
f 190/336/124 189/335/123 173/316/109 175/318/111 
f 191/337/125 190/336/124 175/318/111 177/320/113 
f 192/338/126 191/337/125 177/320/113 179/322/115 
f 186/339/127 192/338/126 179/322/115 181/324/117 
f 187/340/128 186/339/127 181/324/117 183/326/119 
f 184/341/122 187/340/128 183/326/119 172/328/106 
f 188/342/120 189/343/120 185/330/120 184/329/120 
f 190/344/120 191/345/120 185/330/120 189/343/120 
f 191/345/120 192/346/120 186/331/120 185/330/120 
f 174/347/102 167/307/102 170/310/102 176/348/102 
f 169/309/103 182/349/102 180/350/102 170/310/102 
f 170/310/102 180/350/102 178/351/103 176/348/102 
# 24 polygons

#
# object torus_low
#

v  -0.0000 0.0191 0.0000
v  -0.0000 0.0577 -0.1074
v  0.3982 0.1463 -0.1074
v  0.4170 0.1113 0.0000
v  -0.0000 0.1509 -0.1518
v  0.3528 0.2307 -0.1518
v  -0.0000 0.2441 -0.1074
v  0.3075 0.3152 -0.1074
v  -0.0000 0.2827 0.0000
v  0.2887 0.3502 -0.0000
v  -0.0000 0.2441 0.1074
v  0.3075 0.3152 0.1074
v  -0.0000 0.1509 0.1518
v  0.3528 0.2307 0.1518
v  -0.0000 0.0577 0.1074
v  0.3982 0.1463 0.1074
v  0.6296 0.3662 -0.1074
v  0.6661 0.3441 -0.0000
v  0.5417 0.4197 -0.1518
v  0.4538 0.4731 -0.1074
v  0.4173 0.4953 -0.0000
v  0.4538 0.4731 0.1074
v  0.5417 0.4197 0.1518
v  0.6296 0.3662 0.1074
v  0.7717 0.7055 -0.1074
v  0.8162 0.7055 -0.0000
v  0.6644 0.7055 -0.1518
v  0.5570 0.7055 -0.1074
v  0.5126 0.7055 -0.0000
v  0.5570 0.7055 0.1074
v  0.6644 0.7055 0.1518
v  0.7717 0.7055 0.1074
v  0.6798 1.0512 -0.1074
v  0.7201 1.0675 -0.0000
v  0.5825 1.0118 -0.1518
v  0.4852 0.9724 -0.1074
v  0.4449 0.9561 -0.0000
v  0.4852 0.9724 0.1074
v  0.5825 1.0118 0.1518
v  0.6798 1.0512 0.1074
v  0.5439 1.2976 -0.1074
v  0.5884 1.2976 -0.0000
v  0.4366 1.2976 -0.1518
v  0.3292 1.2976 -0.1074
v  0.2848 1.2976 -0.0000
v  0.3292 1.2976 0.1074
v  0.4366 1.2976 0.1518
v  0.5439 1.2976 0.1074
v  -0.4170 0.1113 0.0000
v  -0.3982 0.1463 -0.1074
v  -0.3528 0.2307 -0.1518
v  -0.3075 0.3152 -0.1074
v  -0.2887 0.3502 -0.0000
v  -0.3075 0.3152 0.1074
v  -0.3528 0.2307 0.1518
v  -0.3982 0.1463 0.1074
v  -0.6661 0.3441 -0.0000
v  -0.6296 0.3662 -0.1074
v  -0.5417 0.4197 -0.1518
v  -0.4538 0.4731 -0.1074
v  -0.4173 0.4953 -0.0000
v  -0.4538 0.4731 0.1074
v  -0.5417 0.4197 0.1518
v  -0.6296 0.3662 0.1074
v  -0.8162 0.7055 -0.0000
v  -0.7717 0.7055 -0.1074
v  -0.6644 0.7055 -0.1518
v  -0.5570 0.7055 -0.1074
v  -0.5126 0.7055 -0.0000
v  -0.5570 0.7055 0.1074
v  -0.6644 0.7055 0.1518
v  -0.7717 0.7055 0.1074
v  -0.7201 1.0675 -0.0000
v  -0.6798 1.0512 -0.1074
v  -0.5825 1.0118 -0.1518
v  -0.4852 0.9724 -0.1074
v  -0.4449 0.9561 -0.0000
v  -0.4852 0.9724 0.1074
v  -0.5825 1.0118 0.1518
v  -0.6798 1.0512 0.1074
v  -0.5884 1.2976 -0.0000
v  -0.5439 1.2976 -0.1074
v  -0.4366 1.2976 -0.1518
v  -0.3292 1.2976 -0.1074
v  -0.2848 1.2976 -0.0000
v  -0.3292 1.2976 0.1074
v  -0.4366 1.2976 0.1518
v  -0.5439 1.2976 0.1074
# 88 vertices

vn -0.0000 0.0000 -1.0000
vn 0.0000 0.6799 -0.7333
vn 0.3795 0.6760 -0.6316
vn 0.5066 0.0000 -0.8622
vn -0.0000 0.9981 -0.0616
vn 0.0429 0.9973 -0.0590
vn -0.0000 0.7422 0.6701
vn -0.3616 0.7500 0.5539
vn 0.0000 -0.0000 1.0000
vn -0.5599 -0.0000 0.8285
vn 0.0000 -0.7422 0.6701
vn -0.3616 -0.7500 0.5539
vn 0.0000 -0.9981 -0.0616
vn 0.0429 -0.9973 -0.0590
vn 0.0000 -0.6799 -0.7333
vn 0.3795 -0.6760 -0.6316
vn 0.6295 0.6772 -0.3810
vn 0.8530 0.0000 -0.5218
vn 0.0382 0.9990 -0.0212
vn -0.6043 0.7168 0.3478
vn -0.8699 -0.0000 0.4933
vn -0.6043 -0.7168 0.3478
vn 0.0382 -0.9990 -0.0212
vn 0.6295 -0.6772 -0.3810
vn 0.7359 0.6755 -0.0455
vn 0.9984 0.0000 -0.0563
vn 0.0704 0.9975 -0.0086
vn -0.6632 0.7470 0.0471
vn -0.9971 0.0000 0.0761
vn -0.6632 -0.7470 0.0471
vn 0.0704 -0.9975 -0.0086
vn 0.7359 -0.6755 -0.0455
vn 0.6865 0.6861 0.2408
vn 0.9418 0.0000 0.3363
vn 0.0225 0.9997 0.0075
vn -0.6699 0.7102 -0.2163
vn -0.9530 0.0000 -0.3029
vn -0.6699 -0.7102 -0.2163
vn 0.0225 -0.9997 0.0075
vn 0.6865 -0.6861 0.2408
vn 0.6034 0.7436 0.2878
vn 0.8989 0.0000 0.4382
vn -0.0975 0.9945 -0.0373
vn -0.7068 0.6435 -0.2938
vn -0.9247 0.0000 -0.3807
vn -0.7068 -0.6435 -0.2938
vn -0.0975 -0.9945 -0.0373
vn 0.6034 -0.7436 0.2878
vn -0.5066 0.0000 -0.8622
vn -0.3795 0.6760 -0.6316
vn -0.0429 0.9973 -0.0590
vn 0.3616 0.7500 0.5539
vn 0.5599 -0.0000 0.8285
vn 0.3616 -0.7500 0.5539
vn -0.0429 -0.9973 -0.0590
vn -0.3795 -0.6760 -0.6316
vn -0.8530 0.0000 -0.5218
vn -0.6295 0.6772 -0.3810
vn -0.0382 0.9990 -0.0212
vn 0.6043 0.7168 0.3478
vn 0.8699 -0.0000 0.4933
vn 0.6043 -0.7168 0.3478
vn -0.0382 -0.9990 -0.0212
vn -0.6295 -0.6772 -0.3810
vn -0.9984 0.0000 -0.0563
vn -0.7359 0.6755 -0.0455
vn -0.0704 0.9975 -0.0086
vn 0.6632 0.7470 0.0471
vn 0.9971 -0.0000 0.0761
vn 0.6632 -0.7470 0.0471
vn -0.0704 -0.9975 -0.0086
vn -0.7359 -0.6755 -0.0455
vn -0.9418 -0.0000 0.3363
vn -0.6865 0.6861 0.2408
vn -0.0225 0.9997 0.0075
vn 0.6699 0.7102 -0.2163
vn 0.9530 0.0000 -0.3029
vn 0.6699 -0.7102 -0.2163
vn -0.0225 -0.9997 0.0075
vn -0.6865 -0.6861 0.2408
vn -0.8989 0.0000 0.4382
vn -0.6034 0.7436 0.2878
vn 0.0975 0.9945 -0.0373
vn 0.7068 0.6435 -0.2938
vn 0.9247 0.0000 -0.3807
vn 0.7068 -0.6435 -0.2938
vn 0.0975 -0.9945 -0.0373
vn -0.6034 -0.7436 0.2878
# 88 vertex normals

vt 0.7125 0.8437 0.0000
vt 0.7125 0.8252 0.0000
vt 0.7745 0.8252 0.0000
vt 0.7745 0.8437 0.0000
vt 0.7125 0.8079 0.0000
vt 0.7745 0.8079 0.0000
vt 0.7125 0.7916 0.0000
vt 0.7745 0.7916 0.0000
vt 0.7125 0.7752 0.0000
vt 0.7745 0.7752 0.0000
vt 0.7125 0.7577 0.0000
vt 0.7745 0.7577 0.0000
vt 0.7125 0.7397 0.0000
vt 0.7745 0.7397 0.0000
vt 0.7125 0.7215 0.0000
vt 0.7745 0.7215 0.0000
vt 0.7125 0.7030 0.0000
vt 0.7745 0.7030 0.0000
vt 0.8310 0.8252 0.0000
vt 0.8310 0.8437 0.0000
vt 0.8310 0.8079 0.0000
vt 0.8310 0.7916 0.0000
vt 0.8310 0.7752 0.0000
vt 0.8310 0.7577 0.0000
vt 0.8310 0.7397 0.0000
vt 0.8310 0.7215 0.0000
vt 0.8310 0.7030 0.0000
vt 0.8925 0.8252 0.0000
vt 0.8925 0.8437 0.0000
vt 0.8925 0.8079 0.0000
vt 0.8925 0.7916 0.0000
vt 0.8925 0.7752 0.0000
vt 0.8925 0.7577 0.0000
vt 0.8925 0.7397 0.0000
vt 0.8925 0.7215 0.0000
vt 0.8925 0.7030 0.0000
vt 0.9468 0.8252 0.0000
vt 0.9468 0.8437 0.0000
vt 0.9468 0.8079 0.0000
vt 0.9468 0.7916 0.0000
vt 0.9468 0.7752 0.0000
vt 0.9468 0.7577 0.0000
vt 0.9468 0.7397 0.0000
vt 0.9468 0.7215 0.0000
vt 0.9468 0.7030 0.0000
vt 0.9936 0.8252 0.0000
vt 0.9936 0.8437 0.0000
vt 0.9936 0.8079 0.0000
vt 0.9936 0.7916 0.0000
vt 0.9936 0.7752 0.0000
vt 0.9936 0.7577 0.0000
vt 0.9936 0.7397 0.0000
vt 0.9936 0.7215 0.0000
vt 0.9936 0.7030 0.0000
vt 0.7124 0.8461 0.0000
vt 0.7713 0.8461 0.0000
vt 0.7713 0.8647 0.0000
vt 0.7124 0.8647 0.0000
vt 0.7713 0.8826 0.0000
vt 0.7124 0.8826 0.0000
vt 0.7713 0.8997 0.0000
vt 0.7124 0.8997 0.0000
vt 0.7713 0.9159 0.0000
vt 0.7124 0.9159 0.0000
vt 0.7713 0.9322 0.0000
vt 0.7124 0.9322 0.0000
vt 0.7713 0.9498 0.0000
vt 0.7124 0.9498 0.0000
vt 0.7713 0.9684 0.0000
vt 0.7124 0.9684 0.0000
vt 0.7713 0.9874 0.0000
vt 0.7124 0.9874 0.0000
vt 0.8280 0.8461 0.0000
vt 0.8280 0.8647 0.0000
vt 0.8280 0.8826 0.0000
vt 0.8280 0.8997 0.0000
vt 0.8280 0.9159 0.0000
vt 0.8280 0.9322 0.0000
vt 0.8280 0.9498 0.0000
vt 0.8280 0.9684 0.0000
vt 0.8280 0.9874 0.0000
vt 0.8904 0.8461 0.0000
vt 0.8904 0.8647 0.0000
vt 0.8904 0.8826 0.0000
vt 0.8904 0.8997 0.0000
vt 0.8904 0.9159 0.0000
vt 0.8904 0.9322 0.0000
vt 0.8904 0.9498 0.0000
vt 0.8904 0.9684 0.0000
vt 0.8904 0.9874 0.0000
vt 0.9445 0.8461 0.0000
vt 0.9445 0.8647 0.0000
vt 0.9445 0.8826 0.0000
vt 0.9445 0.8997 0.0000
vt 0.9445 0.9159 0.0000
vt 0.9445 0.9322 0.0000
vt 0.9445 0.9498 0.0000
vt 0.9445 0.9684 0.0000
vt 0.9445 0.9874 0.0000
vt 0.9902 0.8461 0.0000
vt 0.9902 0.8647 0.0000
vt 0.9902 0.8826 0.0000
vt 0.9902 0.8997 0.0000
vt 0.9902 0.9159 0.0000
vt 0.9902 0.9322 0.0000
vt 0.9902 0.9498 0.0000
vt 0.9902 0.9684 0.0000
vt 0.9902 0.9874 0.0000
# 108 texture coords

o torus_low
g torus_low
usemtl wire_086086086
s off
f 193/352/129 194/353/130 195/354/131 196/355/132 
f 194/353/130 197/356/133 198/357/134 195/354/131 
f 197/356/133 199/358/135 200/359/136 198/357/134 
f 199/358/135 201/360/137 202/361/138 200/359/136 
f 201/360/137 203/362/139 204/363/140 202/361/138 
f 203/362/139 205/364/141 206/365/142 204/363/140 
f 205/364/141 207/366/143 208/367/144 206/365/142 
f 207/366/143 193/368/129 196/369/132 208/367/144 
f 196/355/132 195/354/131 209/370/145 210/371/146 
f 195/354/131 198/357/134 211/372/147 209/370/145 
f 198/357/134 200/359/136 212/373/148 211/372/147 
f 200/359/136 202/361/138 213/374/149 212/373/148 
f 202/361/138 204/363/140 214/375/150 213/374/149 
f 204/363/140 206/365/142 215/376/151 214/375/150 
f 206/365/142 208/367/144 216/377/152 215/376/151 
f 208/367/144 196/369/132 210/378/146 216/377/152 
f 210/371/146 209/370/145 217/379/153 218/380/154 
f 209/370/145 211/372/147 219/381/155 217/379/153 
f 211/372/147 212/373/148 220/382/156 219/381/155 
f 212/373/148 213/374/149 221/383/157 220/382/156 
f 213/374/149 214/375/150 222/384/158 221/383/157 
f 214/375/150 215/376/151 223/385/159 222/384/158 
f 215/376/151 216/377/152 224/386/160 223/385/159 
f 216/377/152 210/378/146 218/387/154 224/386/160 
f 218/380/154 217/379/153 225/388/161 226/389/162 
f 217/379/153 219/381/155 227/390/163 225/388/161 
f 219/381/155 220/382/156 228/391/164 227/390/163 
f 220/382/156 221/383/157 229/392/165 228/391/164 
f 221/383/157 222/384/158 230/393/166 229/392/165 
f 222/384/158 223/385/159 231/394/167 230/393/166 
f 223/385/159 224/386/160 232/395/168 231/394/167 
f 224/386/160 218/387/154 226/396/162 232/395/168 
f 226/389/162 225/388/161 233/397/169 234/398/170 
f 225/388/161 227/390/163 235/399/171 233/397/169 
f 227/390/163 228/391/164 236/400/172 235/399/171 
f 228/391/164 229/392/165 237/401/173 236/400/172 
f 229/392/165 230/393/166 238/402/174 237/401/173 
f 230/393/166 231/394/167 239/403/175 238/402/174 
f 231/394/167 232/395/168 240/404/176 239/403/175 
f 232/395/168 226/396/162 234/405/170 240/404/176 
f 193/406/129 241/407/177 242/408/178 194/409/130 
f 194/409/130 242/408/178 243/410/179 197/411/133 
f 197/411/133 243/410/179 244/412/180 199/413/135 
f 199/413/135 244/412/180 245/414/181 201/415/137 
f 201/415/137 245/414/181 246/416/182 203/417/139 
f 203/417/139 246/416/182 247/418/183 205/419/141 
f 205/419/141 247/418/183 248/420/184 207/421/143 
f 207/421/143 248/420/184 241/422/177 193/423/129 
f 241/407/177 249/424/185 250/425/186 242/408/178 
f 242/408/178 250/425/186 251/426/187 243/410/179 
f 243/410/179 251/426/187 252/427/188 244/412/180 
f 244/412/180 252/427/188 253/428/189 245/414/181 
f 245/414/181 253/428/189 254/429/190 246/416/182 
f 246/416/182 254/429/190 255/430/191 247/418/183 
f 247/418/183 255/430/191 256/431/192 248/420/184 
f 248/420/184 256/431/192 249/432/185 241/422/177 
f 249/424/185 257/433/193 258/434/194 250/425/186 
f 250/425/186 258/434/194 259/435/195 251/426/187 
f 251/426/187 259/435/195 260/436/196 252/427/188 
f 252/427/188 260/436/196 261/437/197 253/428/189 
f 253/428/189 261/437/197 262/438/198 254/429/190 
f 254/429/190 262/438/198 263/439/199 255/430/191 
f 255/430/191 263/439/199 264/440/200 256/431/192 
f 256/431/192 264/440/200 257/441/193 249/432/185 
f 257/433/193 265/442/201 266/443/202 258/434/194 
f 258/434/194 266/443/202 267/444/203 259/435/195 
f 259/435/195 267/444/203 268/445/204 260/436/196 
f 260/436/196 268/445/204 269/446/205 261/437/197 
f 261/437/197 269/446/205 270/447/206 262/438/198 
f 262/438/198 270/447/206 271/448/207 263/439/199 
f 263/439/199 271/448/207 272/449/208 264/440/200 
f 264/440/200 272/449/208 265/450/201 257/441/193 
f 265/442/201 273/451/209 274/452/210 266/443/202 
f 266/443/202 274/452/210 275/453/211 267/444/203 
f 267/444/203 275/453/211 276/454/212 268/445/204 
f 268/445/204 276/454/212 277/455/213 269/446/205 
f 269/446/205 277/455/213 278/456/214 270/447/206 
f 270/447/206 278/456/214 279/457/215 271/448/207 
f 271/448/207 279/457/215 280/458/216 272/449/208 
f 272/449/208 280/458/216 273/459/209 265/450/201 
# 80 polygons

#
# object hooks_low
#

v  -0.1740 14.1065 2.2029
v  -0.1740 13.9038 2.5092
v  0.1210 13.9038 2.5092
v  0.1211 14.1065 2.2029
v  -0.1740 13.6200 1.8628
v  -0.1740 13.3974 2.1150
v  0.1210 8.7032 6.9465
v  0.1210 8.7823 6.9504
v  -0.1740 8.7823 6.9504
v  -0.1740 8.7032 6.9465
v  0.1211 13.3974 2.1150
v  0.1211 13.6200 1.8628
v  0.1211 13.6828 1.2448
v  -0.1740 13.6828 1.2448
v  -0.1740 13.6750 1.2177
v  0.1211 13.6750 1.2177
v  -0.1740 13.7986 1.6488
v  0.1211 13.7986 1.6488
v  -0.1740 14.2308 1.9216
v  0.1211 14.2308 1.9216
v  -0.1740 13.8457 1.5668
v  0.1211 13.8457 1.5668
v  -0.1740 14.2385 1.7073
v  0.1211 14.2385 1.7073
v  -0.1740 13.8576 1.4730
v  0.1211 13.8576 1.4730
v  -0.1740 14.1688 1.4787
v  0.1211 14.1688 1.4787
v  -0.1740 13.8179 1.3978
v  0.1211 13.8179 1.3978
v  -0.1740 13.9852 1.2712
v  0.1211 13.9852 1.2712
v  -0.1740 13.7749 1.3241
v  0.1211 13.7749 1.3241
v  -0.1740 13.7765 1.1986
v  0.1211 13.7765 1.1986
v  -0.1740 13.7046 1.2632
v  0.1211 13.7046 1.2632
v  -0.1740 13.7017 1.2058
v  0.1211 13.7017 1.2058
v  0.1211 13.2862 2.0285
v  0.1210 13.1372 2.0768
v  -0.1740 13.1372 2.0768
v  -0.1740 13.2862 2.0285
v  0.1210 13.7561 2.7145
v  0.1211 13.2071 2.3304
v  -0.1740 13.7561 2.7145
v  -0.1740 13.2071 2.3304
v  -0.1740 12.6865 3.0396
v  0.1210 12.6865 3.0396
v  0.1210 11.9936 3.9340
v  -0.1740 11.9936 3.9340
v  0.1210 13.1776 3.4671
v  0.1210 12.4388 4.3251
v  -0.1740 13.1776 3.4671
v  -0.1740 12.4388 4.3251
v  0.1210 11.0893 4.9210
v  -0.1740 11.0893 4.9210
v  0.1210 11.5669 5.2718
v  -0.1740 11.5669 5.2718
v  0.1210 10.9654 5.0318
v  -0.1740 10.9654 5.0318
v  0.1210 11.2940 5.5020
v  -0.1740 11.2940 5.5020
v  0.1210 10.4344 5.4600
v  0.1210 10.3447 5.5026
v  -0.1740 10.3447 5.5026
v  -0.1740 10.4344 5.4600
v  0.1210 10.6949 5.8846
v  0.1210 10.6182 5.9239
v  -0.1740 10.6949 5.8846
v  -0.1740 10.6182 5.9239
v  -0.1740 12.8989 2.6794
v  0.1211 12.8989 2.6794
v  0.1210 13.5168 3.0471
v  -0.1740 13.5168 3.0471
v  0.0679 10.3916 4.5672
v  -0.1208 10.3916 4.5672
v  -0.1551 10.4884 4.7746
v  0.1022 10.4884 4.7746
v  0.1210 10.7889 5.8317
v  0.1210 10.4351 5.3832
v  -0.1740 10.7889 5.8317
v  -0.1740 10.4351 5.3832
v  0.1210 10.0763 6.2471
v  0.1210 9.8525 6.4073
v  0.1210 9.5715 6.1124
v  0.1210 9.8637 5.8449
v  -0.1740 9.8525 6.4073
v  -0.1740 10.0763 6.2471
v  -0.1740 9.5715 6.1124
v  -0.1740 9.8637 5.8449
v  0.1210 9.1949 6.4033
v  0.1210 9.0944 6.5375
v  -0.1740 9.0944 6.5375
v  -0.1740 9.1949 6.4033
v  -0.1740 9.5456 6.6552
v  -0.1740 9.4673 6.7306
v  0.1210 9.4673 6.7306
v  0.1210 9.5456 6.6552
v  0.1210 9.1107 7.0604
v  -0.1740 9.1107 7.0604
v  -0.1740 9.0885 6.8718
v  0.1210 9.0885 6.8718
v  0.1210 9.5359 6.1574
v  -0.1740 9.5359 6.1574
v  0.1210 9.8072 6.4409
v  -0.1740 9.8072 6.4409
v  0.1210 9.4661 6.1924
v  0.1210 9.7456 6.4890
v  -0.1740 9.7456 6.4890
v  -0.1740 9.4661 6.1924
v  -0.1740 9.3112 6.0834
v  0.1210 9.3112 6.0834
v  0.0665 9.2722 5.9962
v  -0.1194 9.2722 5.9962
v  -0.1194 9.5953 5.6299
v  -0.1740 9.6591 5.7754
v  0.1210 9.6591 5.7754
v  0.0665 9.5953 5.6299
v  0.1210 9.1449 7.1086
v  -0.1740 9.1449 7.1086
v  -0.1740 9.2015 6.2507
v  0.1210 9.2015 6.2507
v  -0.1740 9.4077 6.1739
v  0.1210 9.4077 6.1739
v  0.1210 9.5476 5.9663
v  0.1210 9.8226 5.8525
v  -0.1740 9.5476 5.9663
v  -0.1740 9.8226 5.8525
v  -0.1740 9.2312 6.1166
v  0.1210 9.2312 6.1166
v  -0.1740 9.3559 6.1369
v  0.1210 9.3559 6.1369
v  -0.1740 9.5447 5.8242
v  0.1210 9.5447 5.8242
v  0.1210 9.7398 5.8349
v  -0.1740 9.7398 5.8349
v  0.0665 9.9166 5.1384
v  -0.1194 9.9166 5.1383
v  -0.1740 10.0176 5.3270
v  0.1210 10.0176 5.3270
v  -0.1740 10.2117 6.1578
v  0.1210 10.2117 6.1578
v  -0.1959 9.9293 5.7809
v  0.0992 9.9293 5.7808
v  -0.1740 9.8770 5.5950
v  0.1210 9.8770 5.5950
v  0.1210 10.2668 5.5007
v  -0.1740 10.2668 5.5007
v  0.1210 9.8590 5.4249
v  0.1210 10.0879 5.4181
v  -0.1740 9.8590 5.4249
v  -0.1740 10.0879 5.4181
v  0.1210 10.3678 5.2624
v  0.1210 10.8450 5.0441
v  -0.1740 10.3678 5.2624
v  -0.1740 10.8450 5.0442
v  0.1210 10.3287 5.0831
v  0.1210 10.6953 4.9892
v  -0.1740 10.3287 5.0831
v  -0.1740 10.6953 4.9892
v  0.1210 10.3266 4.8358
v  0.1210 10.5859 4.9055
v  -0.1740 10.3266 4.8358
v  -0.1740 10.5859 4.9055
v  0.1210 12.9464 2.5088
v  0.1210 12.9192 2.4074
v  0.1211 13.1192 2.4300
v  -0.1740 12.9464 2.5088
v  -0.1740 12.9192 2.4074
v  -0.1740 12.8444 2.2992
v  0.1210 12.8444 2.2992
v  -0.1740 12.8375 2.2192
v  0.1210 12.8375 2.2192
v  -0.1740 12.8678 2.1099
v  0.1210 12.8678 2.1099
v  -0.1740 12.9665 2.0628
v  0.1210 12.9665 2.0628
v  0.1210 13.6878 2.8094
v  -0.1740 13.6878 2.8094
v  -0.1740 13.1192 2.4300
v  -1.8208 14.1065 -1.2521
v  -2.0860 13.9038 -1.4053
v  -2.2335 13.9038 -1.1497
v  -1.9683 14.1065 -0.9966
v  -1.5263 13.6200 -1.0821
v  -1.7446 13.3974 -1.2082
v  -6.0764 8.7032 -3.3684
v  -6.0798 8.7823 -3.3704
v  -5.9322 8.7823 -3.6259
v  -5.9288 8.7032 -3.6239
v  -1.8921 13.3974 -0.9527
v  -1.6738 13.6200 -0.8266
v  -1.1386 13.6828 -0.5176
v  -0.9911 13.6828 -0.7731
v  -0.9676 13.6750 -0.7596
v  -1.1151 13.6750 -0.5040
v  -1.3409 13.7986 -0.9751
v  -1.4884 13.7986 -0.7196
v  -1.5772 14.2308 -1.1115
v  -1.7247 14.2308 -0.8560
v  -1.2699 13.8457 -0.9341
v  -1.4174 13.8457 -0.6786
v  -1.3916 14.2385 -1.0043
v  -1.5391 14.2385 -0.7488
v  -1.1886 13.8576 -0.8872
v  -1.3361 13.8576 -0.6316
v  -1.1936 14.1688 -0.8901
v  -1.3412 14.1688 -0.6345
v  -1.1235 13.8179 -0.8496
v  -1.2711 13.8179 -0.5941
v  -1.0139 13.9852 -0.7863
v  -1.1614 13.9852 -0.5308
v  -1.0597 13.7749 -0.8128
v  -1.2073 13.7749 -0.5572
v  -0.9510 13.7765 -0.7500
v  -1.0985 13.7765 -0.4945
v  -1.0069 13.7046 -0.7823
v  -1.1545 13.7046 -0.5268
v  -0.9572 13.7017 -0.7536
v  -1.1047 13.7017 -0.4980
v  -1.8172 13.2862 -0.9094
v  -1.8591 13.1372 -0.9336
v  -1.7115 13.1372 -1.1891
v  -1.6697 13.2862 -1.1649
v  -2.4113 13.7561 -1.2524
v  -2.0787 13.2071 -1.0604
v  -2.2638 13.7561 -1.5079
v  -1.9312 13.2071 -1.3159
v  -2.5454 12.6865 -1.6705
v  -2.6929 12.6865 -1.4150
v  -3.4674 11.9936 -1.8622
v  -3.3199 11.9936 -2.1177
v  -3.0631 13.1776 -1.6287
v  -3.8061 12.4388 -2.0577
v  -2.9156 13.1776 -1.8842
v  -3.6586 12.4388 -2.3132
v  -4.3222 11.0893 -2.3557
v  -4.1747 11.0893 -2.6112
v  -4.6260 11.5669 -2.5311
v  -4.4785 11.5669 -2.7866
v  -4.4182 10.9654 -2.4111
v  -4.2707 10.9654 -2.6666
v  -4.8254 11.2940 -2.6462
v  -4.6779 11.2940 -2.9017
v  -4.7890 10.4344 -2.6252
v  -4.8259 10.3447 -2.6465
v  -4.6784 10.3447 -2.9020
v  -4.6415 10.4344 -2.8807
v  -5.1568 10.6949 -2.8375
v  -5.1908 10.6182 -2.8571
v  -5.0092 10.6949 -3.0930
v  -5.0433 10.6182 -3.1126
v  -2.2334 12.8989 -1.4904
v  -2.3810 12.8989 -1.2349
v  -2.6994 13.5168 -1.4187
v  -2.5519 13.5168 -1.6742
v  -3.9893 10.3916 -2.2249
v  -3.8949 10.3916 -2.3882
v  -4.0574 10.4884 -2.5217
v  -4.1860 10.4884 -2.2988
v  -5.1109 10.7889 -2.8110
v  -4.7225 10.4351 -2.5868
v  -4.9634 10.7889 -3.0665
v  -4.5750 10.4351 -2.8423
v  -5.4707 10.0763 -3.0187
v  -5.6094 9.8525 -3.0988
v  -5.3540 9.5715 -2.9514
v  -5.1224 9.8637 -2.8176
v  -5.4619 9.8525 -3.3543
v  -5.3232 10.0763 -3.2743
v  -5.2065 9.5715 -3.2069
v  -4.9749 9.8637 -3.0731
v  -5.6059 9.1949 -3.0968
v  -5.7222 9.0944 -3.1639
v  -5.5746 9.0944 -3.4194
v  -5.4584 9.1949 -3.3523
v  -5.6766 9.5456 -3.4783
v  -5.7419 9.4673 -3.5160
v  -5.8894 9.4673 -3.2605
v  -5.8241 9.5456 -3.2228
v  -6.1750 9.1107 -3.4254
v  -6.0275 9.1107 -3.6809
v  -5.8642 9.0885 -3.5866
v  -6.0117 9.0885 -3.3311
v  -5.3930 9.5359 -2.9738
v  -5.2454 9.5359 -3.2294
v  -5.6385 9.8072 -3.1156
v  -5.4910 9.8072 -3.3711
v  -5.4233 9.4661 -2.9914
v  -5.6802 9.7456 -3.1397
v  -5.5327 9.7456 -3.3952
v  -5.2758 9.4661 -3.2469
v  -5.1814 9.3112 -3.1924
v  -5.3289 9.3112 -2.9369
v  -5.2261 9.2722 -2.9405
v  -5.1331 9.2722 -3.1015
v  -4.8159 9.5953 -2.9184
v  -4.9146 9.6591 -3.0384
v  -5.0622 9.6591 -2.7829
v  -4.9089 9.5953 -2.7573
v  -6.2168 9.1449 -3.4495
v  -6.0693 9.1449 -3.7050
v  -5.3263 9.2015 -3.2761
v  -5.4738 9.2015 -3.0205
v  -5.2597 9.4077 -3.2376
v  -5.4073 9.4077 -2.9821
v  -5.2275 9.5476 -2.8783
v  -5.1289 9.8226 -2.8214
v  -5.0800 9.5476 -3.1338
v  -4.9814 9.8226 -3.0769
v  -5.2102 9.2312 -3.2090
v  -5.3577 9.2312 -2.9535
v  -5.2277 9.3559 -3.2191
v  -5.3752 9.3559 -2.9636
v  -4.9570 9.5447 -3.0628
v  -5.1045 9.5447 -2.8073
v  -5.1137 9.7398 -2.8126
v  -4.9662 9.7398 -3.0681
v  -4.4832 9.9166 -2.5116
v  -4.3902 9.9166 -2.6726
v  -4.5263 10.0176 -2.8142
v  -4.6738 10.0176 -2.5586
v  -5.2458 10.2117 -3.2296
v  -5.3934 10.2117 -2.9741
v  -4.9084 9.9293 -3.0600
v  -5.0559 9.9293 -2.8045
v  -4.7584 9.8770 -2.9482
v  -4.9060 9.8770 -2.6927
v  -4.8243 10.2668 -2.6455
v  -4.6768 10.2668 -2.9010
v  -4.7586 9.8590 -2.6076
v  -4.7527 10.0879 -2.6042
v  -4.6111 9.8590 -2.8631
v  -4.6052 10.0879 -2.8597
v  -4.6179 10.3678 -2.5264
v  -4.4289 10.8450 -2.4172
v  -4.4704 10.3678 -2.7819
v  -4.2814 10.8450 -2.6728
v  -4.4626 10.3287 -2.4367
v  -4.3813 10.6953 -2.3898
v  -4.3151 10.3287 -2.6922
v  -4.2338 10.6953 -2.6453
v  -4.2484 10.3266 -2.3131
v  -4.3089 10.5859 -2.3479
v  -4.1009 10.3266 -2.5686
v  -4.1613 10.5859 -2.6035
v  -2.2332 12.9464 -1.1496
v  -2.1454 12.9192 -1.0989
v  -2.1649 13.1192 -1.1102
v  -2.0857 12.9464 -1.4051
v  -1.9979 12.9192 -1.3544
v  -1.9042 12.8444 -1.3003
v  -2.0517 12.8444 -1.0448
v  -1.8349 12.8375 -1.2603
v  -1.9824 12.8375 -1.0048
v  -1.7402 12.8678 -1.2056
v  -1.8877 12.8678 -0.9501
v  -1.6995 12.9665 -1.1821
v  -1.8470 12.9665 -0.9266
v  -2.4935 13.6878 -1.2999
v  -2.3460 13.6878 -1.5554
v  -2.0174 13.1192 -1.3657
v  1.9948 14.1065 -0.9508
v  2.2600 13.9038 -1.1039
v  2.1125 13.9038 -1.3594
v  1.8473 14.1065 -1.2063
v  1.7003 13.6200 -0.7807
v  1.9186 13.3974 -0.9068
v  5.9553 8.7032 -3.5781
v  5.9587 8.7823 -3.5800
v  6.1062 8.7823 -3.3245
v  6.1028 8.7032 -3.3226
v  1.7711 13.3974 -1.1623
v  1.5527 13.6200 -1.0362
v  1.0175 13.6828 -0.7273
v  1.1651 13.6828 -0.4717
v  1.1416 13.6750 -0.4582
v  0.9941 13.6750 -0.7137
v  1.5149 13.7986 -0.6737
v  1.3674 13.7986 -0.9292
v  1.7511 14.2308 -0.8101
v  1.6036 14.2308 -1.0656
v  1.4439 13.8457 -0.6327
v  1.2964 13.8457 -0.8882
v  1.5656 14.2385 -0.7030
v  1.4180 14.2385 -0.9585
v  1.3626 13.8576 -0.5858
v  1.2151 13.8576 -0.8413
v  1.3676 14.1688 -0.5887
v  1.2201 14.1688 -0.8442
v  1.2975 13.8179 -0.5482
v  1.1500 13.8179 -0.8037
v  1.1879 13.9852 -0.4849
v  1.0403 13.9852 -0.7404
v  1.2337 13.7749 -0.5114
v  1.0862 13.7749 -0.7669
v  1.1250 13.7765 -0.4486
v  0.9775 13.7765 -0.7041
v  1.1809 13.7046 -0.4809
v  1.0334 13.7046 -0.7364
v  1.1312 13.7017 -0.4522
v  0.9837 13.7017 -0.7077
v  1.6962 13.2862 -1.1191
v  1.7380 13.1372 -1.1432
v  1.8855 13.1372 -0.8877
v  1.8437 13.2862 -0.8636
v  2.2903 13.7561 -1.4621
v  1.9577 13.2071 -1.2700
v  2.4378 13.7561 -1.2066
v  2.1052 13.2071 -1.0145
v  2.7193 12.6865 -1.3691
v  2.5718 12.6865 -1.6246
v  3.3464 11.9936 -2.0718
v  3.4939 11.9936 -1.8163
v  2.9421 13.1776 -1.8384
v  3.6851 12.4388 -2.2674
v  3.0896 13.1776 -1.5829
v  3.8326 12.4388 -2.0119
v  4.2012 11.0893 -2.5653
v  4.3487 11.0893 -2.3098
v  4.5050 11.5669 -2.7407
v  4.6525 11.5669 -2.4852
v  4.2971 10.9654 -2.6207
v  4.4446 10.9654 -2.3652
v  4.7044 11.2940 -2.8558
v  4.8519 11.2940 -2.6003
v  4.6680 10.4344 -2.8348
v  4.7048 10.3447 -2.8561
v  4.8524 10.3447 -2.6006
v  4.8155 10.4344 -2.5793
v  5.0357 10.6949 -3.0471
v  5.0697 10.6182 -3.0668
v  5.1832 10.6949 -2.7916
v  5.2173 10.6182 -2.8113
v  2.4074 12.8989 -1.1890
v  2.2599 12.8989 -1.4445
v  2.5784 13.5168 -1.6284
v  2.7259 13.5168 -1.3729
v  3.9214 10.3916 -2.3424
v  4.0157 10.3916 -2.1790
v  4.2125 10.4884 -2.2530
v  4.0839 10.4884 -2.4758
v  4.9899 10.7889 -3.0207
v  4.6015 10.4351 -2.7964
v  5.1374 10.7889 -2.7652
v  4.7490 10.4351 -2.5409
v  5.3497 10.0763 -3.2284
v  5.4883 9.8525 -3.3085
v  5.2330 9.5715 -3.1610
v  5.0013 9.8637 -3.0273
v  5.6359 9.8525 -3.0530
v  5.4972 10.0763 -2.9729
v  5.3805 9.5715 -2.9055
v  5.1488 9.8637 -2.7718
v  5.4849 9.1949 -3.3065
v  5.6011 9.0944 -3.3736
v  5.7486 9.0944 -3.1181
v  5.6324 9.1949 -3.0510
v  5.8506 9.5456 -3.1769
v  5.9159 9.4673 -3.2146
v  5.7683 9.4673 -3.4701
v  5.7030 9.5456 -3.4324
v  6.0540 9.1107 -3.6350
v  6.2015 9.1107 -3.3795
v  6.0382 9.0885 -3.2852
v  5.8906 9.0885 -3.5407
v  5.2719 9.5359 -3.1835
v  5.4194 9.5359 -2.9280
v  5.5175 9.8072 -3.3253
v  5.6650 9.8072 -3.0698
v  5.3022 9.4661 -3.2010
v  5.5591 9.7456 -3.3493
v  5.7067 9.7456 -3.0938
v  5.4498 9.4661 -2.9455
v  5.3554 9.3112 -2.8910
v  5.2079 9.3112 -3.1466
v  5.1596 9.2722 -3.0557
v  5.2526 9.2722 -2.8947
v  4.9353 9.5953 -2.7115
v  5.0886 9.6591 -2.7370
v  4.9411 9.6591 -2.9925
v  4.8424 9.5953 -2.8725
v  6.0957 9.1449 -3.6591
v  6.2433 9.1449 -3.4036
v  5.5003 9.2015 -2.9747
v  5.3528 9.2015 -3.2302
v  5.4337 9.4077 -2.9363
v  5.2862 9.4077 -3.1918
v  5.1065 9.5476 -3.0880
v  5.0079 9.8226 -3.0311
v  5.2540 9.5476 -2.8325
v  5.1554 9.8226 -2.7756
v  5.3842 9.2312 -2.9076
v  5.2366 9.2312 -3.1631
v  5.4017 9.3559 -2.9178
v  5.2542 9.3559 -3.1733
v  5.1309 9.5447 -2.7614
v  4.9834 9.5447 -3.0170
v  4.9927 9.7398 -3.0223
v  5.1402 9.7398 -2.7668
v  4.4167 9.9166 -2.6268
v  4.5097 9.9166 -2.4657
v  4.7003 10.0176 -2.5128
v  4.5528 10.0176 -2.7683
v  5.4198 10.2117 -2.9282
v  5.2723 10.2117 -3.1837
v  5.1043 9.9293 -2.7208
v  4.9568 9.9293 -2.9763
v  4.9324 9.8770 -2.6468
v  4.7849 9.8770 -2.9023
v  4.7032 10.2668 -2.8552
v  4.8508 10.2668 -2.5997
v  4.6376 9.8590 -2.8173
v  4.6317 10.0879 -2.8139
v  4.7851 9.8590 -2.5618
v  4.7792 10.0879 -2.5584
v  4.4969 10.3678 -2.7360
v  4.3078 10.8450 -2.6269
v  4.6444 10.3678 -2.4805
v  4.4554 10.8450 -2.3714
v  4.3416 10.3287 -2.6464
v  4.2603 10.6953 -2.5994
v  4.4891 10.3287 -2.3909
v  4.4078 10.6953 -2.3439
v  4.1274 10.3266 -2.5227
v  4.1878 10.5859 -2.5576
v  4.2749 10.3266 -2.2672
v  4.3353 10.5859 -2.3021
v  2.1122 12.9464 -1.3592
v  2.0244 12.9192 -1.3086
v  2.0439 13.1192 -1.3198
v  2.2597 12.9464 -1.1037
v  2.1719 12.9192 -1.0530
v  2.0781 12.8444 -0.9989
v  1.9306 12.8444 -1.2544
v  2.0089 12.8375 -0.9589
v  1.8613 12.8375 -1.2144
v  1.9142 12.8678 -0.9043
v  1.7667 12.8678 -1.1598
v  1.8734 12.9665 -0.8807
v  1.7259 12.9665 -1.1362
v  2.3725 13.6878 -1.5095
v  2.5200 13.6878 -1.2540
v  2.1914 13.1192 -1.0643
# 546 vertices

vn -0.0000 0.8774 0.4797
vn -0.0000 0.8230 0.5680
vn -1.0000 0.0000 -0.0000
vn 0.0000 -0.9290 0.3700
vn 0.0000 0.1007 0.9949
vn 1.0000 -0.0000 0.0000
vn -0.0000 -0.8384 0.5451
vn 0.0000 -0.9075 -0.4200
vn -0.0000 -0.6194 -0.7851
vn -0.0000 -0.8206 -0.5715
vn -1.0000 -0.0000 -0.0000
vn -0.0000 0.9746 0.2241
vn 1.0000 0.0000 0.0000
vn -0.0000 -0.9481 -0.3180
vn 0.0000 0.9916 -0.1296
vn -0.0000 -0.9838 0.1790
vn 0.0000 0.8727 -0.4883
vn -0.0000 -0.8741 0.4858
vn -1.0000 0.0000 0.0000
vn 0.0000 0.5569 -0.8306
vn 1.0000 -0.0000 -0.0000
vn 0.0000 -0.7697 0.6384
vn 0.0000 0.1192 -0.9929
vn -0.0000 -0.6497 0.7602
vn 0.0000 -0.2559 -0.9667
vn -0.0000 -0.3775 -0.9260
vn -0.0000 -0.1157 -0.9933
vn 0.0000 0.8118 0.5839
vn -0.0000 -0.8276 -0.5613
vn -0.0000 -0.7646 -0.6445
vn 0.0000 0.7679 0.6405
vn 0.0000 0.7468 0.6651
vn -0.0000 -0.7028 -0.7114
vn 0.0000 0.6916 0.7223
vn -0.0000 -0.4041 -0.9147
vn 0.0000 0.5968 0.8024
vn -0.0000 -0.8427 -0.5383
vn -0.0000 -0.2080 -0.9781
vn 0.9999 -0.0145 -0.0029
vn 0.9998 -0.0097 0.0147
vn 0.0000 0.4734 0.8809
vn 0.0000 0.4775 0.8786
vn -0.9998 0.0097 -0.0147
vn -0.9999 0.0145 0.0029
vn -0.0000 -0.9203 -0.3912
vn 0.0000 0.7952 0.6064
vn 0.0000 -0.1332 -0.9911
vn -0.0000 0.8540 -0.5203
vn 0.0000 0.5189 0.8548
vn 0.9992 0.0272 -0.0303
vn 0.9990 0.0291 -0.0324
vn 0.0000 0.5889 0.8082
vn 0.0000 0.5663 0.8242
vn -1.0000 -0.0000 0.0000
vn -0.9992 -0.0272 0.0303
vn -0.9990 -0.0291 0.0324
vn 0.0000 -0.9418 -0.3362
vn -0.0000 -0.7629 -0.6466
vn 0.0000 0.6667 0.7453
vn 0.0000 0.7281 0.6854
vn 0.0000 -0.9334 0.3589
vn 0.0000 -0.5658 0.8246
vn -0.0000 -0.6313 -0.7756
vn 0.0000 -0.9679 -0.2511
vn 0.0000 0.6058 0.7956
vn 1.0000 0.0000 -0.0000
vn 0.0000 0.6274 0.7787
vn -0.0000 0.8333 -0.5528
vn 0.0000 0.0249 -0.9997
vn 0.0000 -0.0282 -0.9996
vn 0.0000 0.7612 -0.6485
vn 0.0000 -0.0283 -0.9996
vn 0.0000 -0.0444 0.9990
vn 0.0000 -0.9915 -0.1300
vn -0.0000 -0.0792 -0.9969
vn -0.0000 0.4467 -0.8947
vn 0.0000 -0.9958 0.0913
vn -0.0000 -0.4784 -0.8782
vn -0.0000 -0.4377 -0.8991
vn -0.0000 0.0137 -0.9999
vn 0.0000 -0.9651 -0.2618
vn -0.9977 -0.0259 -0.0624
vn -0.9886 -0.0576 -0.1390
vn -0.0000 0.6796 -0.7336
vn 0.9886 -0.0576 -0.1390
vn 0.9977 -0.0259 -0.0624
vn 0.0000 -0.9946 -0.1041
vn -0.0000 0.4096 -0.9123
vn 0.0000 -0.0957 -0.9954
vn -0.0000 0.8357 -0.5492
vn 0.0000 0.5249 0.8511
vn 0.0000 -0.9724 -0.2333
vn 0.0000 -0.9605 -0.2782
vn 0.0000 -0.9815 0.1916
vn 0.0000 -0.9826 0.1856
vn -0.0000 0.2263 -0.9741
vn 0.9964 0.0164 0.0828
vn 0.9986 0.0104 0.0527
vn 0.9970 -0.0410 -0.0664
vn 0.9991 -0.0225 -0.0364
vn 0.0000 -0.9993 -0.0371
vn -0.9986 -0.0104 -0.0527
vn -0.9964 -0.0164 -0.0828
vn -0.9991 -0.0225 -0.0364
vn -0.9970 -0.0410 -0.0664
vn -0.0000 0.6234 -0.7819
vn 0.9994 -0.0139 -0.0326
vn 0.9945 -0.0411 -0.0963
vn -0.9994 -0.0139 -0.0326
vn -0.9945 -0.0411 -0.0963
vn 0.0000 -0.9690 0.2470
vn 0.0000 -0.9354 0.3536
vn -0.0000 0.1243 -0.9922
vn 0.0000 -0.9938 0.1115
vn -0.0000 0.4815 -0.8764
vn 0.9946 0.0255 -0.1002
vn 0.9993 0.0091 -0.0358
vn 0.0000 -0.9944 -0.1061
vn -0.9993 0.0091 -0.0358
vn -0.9946 0.0255 -0.1002
vn -0.0000 0.7080 -0.7062
vn 0.9994 0.0116 -0.0341
vn 0.9999 0.0151 0.0059
vn -0.9999 -0.0151 -0.0059
vn -0.9994 -0.0116 0.0341
vn -0.9477 -0.1222 -0.2947
vn 0.9477 -0.1222 -0.2947
vn 0.9762 -0.0853 -0.1996
vn -0.9762 -0.0853 -0.1996
vn 0.9865 -0.0862 -0.1396
vn -0.9865 -0.0862 -0.1396
vn 0.9824 0.0461 -0.1809
vn -0.9824 0.0461 -0.1809
vn -0.0000 -1.0000 -0.0049
vn -0.0000 -0.9077 0.4196
vn -0.0000 -0.9409 0.3388
vn -0.0000 -0.9958 -0.0919
vn -0.0000 -0.7659 -0.6430
vn -0.0000 -0.1806 -0.9835
vn -0.4155 0.8774 -0.2399
vn -0.4919 0.8230 -0.2840
vn 0.5000 0.0000 -0.8660
vn 0.5000 -0.0000 -0.8660
vn -0.3204 -0.9290 -0.1850
vn -0.8616 0.1007 -0.4975
vn -0.5000 -0.0000 0.8660
vn -0.4720 -0.8384 -0.2725
vn 0.3638 -0.9075 0.2100
vn 0.6799 -0.6194 0.3925
vn 0.4949 -0.8206 0.2857
vn -0.1941 0.9746 -0.1121
vn -0.5000 0.0000 0.8660
vn 0.2754 -0.9481 0.1590
vn 0.1123 0.9916 0.0648
vn -0.1550 -0.9838 -0.0895
vn 0.4228 0.8727 0.2441
vn -0.4207 -0.8741 -0.2429
vn 0.7193 0.5569 0.4153
vn -0.5528 -0.7697 -0.3192
vn 0.8599 0.1192 0.4964
vn -0.6583 -0.6497 -0.3801
vn 0.8372 -0.2559 0.4834
vn 0.8020 -0.3775 0.4630
vn 0.8602 -0.1157 0.4966
vn -0.5057 0.8118 -0.2920
vn 0.4861 -0.8276 0.2807
vn 0.5582 -0.7646 0.3223
vn -0.5547 0.7679 -0.3203
vn -0.5760 0.7468 -0.3325
vn 0.6161 -0.7028 0.3557
vn -0.6255 0.6916 -0.3612
vn 0.7922 -0.4041 0.4573
vn -0.6949 0.5968 -0.4012
vn 0.4662 -0.8427 0.2692
vn 0.8471 -0.2080 0.4891
vn -0.4974 -0.0145 0.8674
vn -0.5127 -0.0097 0.8585
vn -0.7629 0.4734 -0.4404
vn -0.7609 0.4775 -0.4393
vn 0.5127 0.0097 -0.8585
vn 0.4974 0.0145 -0.8674
vn 0.3388 -0.9203 0.1956
vn -0.5252 0.7952 -0.3032
vn 0.8583 -0.1332 0.4955
vn 0.4506 0.8540 0.2601
vn -0.7403 0.5189 -0.4274
vn -0.4734 0.0272 0.8804
vn -0.4715 0.0291 0.8814
vn -0.6999 0.5889 -0.4041
vn -0.7138 0.5663 -0.4121
vn 0.4734 -0.0272 -0.8804
vn 0.4715 -0.0291 -0.8814
vn 0.2912 -0.9418 0.1681
vn 0.5599 -0.7629 0.3233
vn -0.6454 0.6667 -0.3726
vn -0.5936 0.7281 -0.3427
vn -0.3108 -0.9334 -0.1794
vn -0.7141 -0.5658 -0.4123
vn 0.6717 -0.6313 0.3878
vn 0.2175 -0.9679 0.1256
vn -0.6890 0.6058 -0.3978
vn -0.6744 0.6274 -0.3893
vn 0.4787 0.8333 0.2764
vn 0.8658 0.0249 0.4999
vn 0.8657 -0.0282 0.4998
vn 0.5617 0.7612 0.3243
vn 0.8657 -0.0283 0.4998
vn -0.8652 -0.0444 -0.4995
vn 0.1126 -0.9915 0.0650
vn 0.8633 -0.0792 0.4984
vn 0.7748 0.4467 0.4473
vn -0.0790 -0.9958 -0.0456
vn 0.7605 -0.4784 0.4391
vn 0.7787 -0.4377 0.4495
vn 0.8659 0.0137 0.4999
vn 0.2267 -0.9651 0.1309
vn 0.5529 -0.0259 -0.8328
vn 0.6147 -0.0576 -0.7866
vn 0.6353 0.6796 0.3668
vn -0.3739 -0.0576 0.9257
vn -0.4448 -0.0259 0.8953
vn 0.0901 -0.9946 0.0520
vn 0.7900 0.4096 0.4561
vn 0.8620 -0.0957 0.4977
vn 0.4757 0.8357 0.2746
vn -0.7371 0.5249 -0.4256
vn 0.2021 -0.9724 0.1167
vn 0.2409 -0.9605 0.1391
vn -0.1659 -0.9815 -0.0958
vn -0.1607 -0.9826 -0.0928
vn 0.8436 0.2263 0.4870
vn -0.5699 0.0164 0.8216
vn -0.5449 0.0104 0.8384
vn -0.4410 -0.0410 0.8966
vn -0.4680 -0.0225 0.8835
vn 0.0321 -0.9993 0.0186
vn 0.5449 -0.0104 -0.8384
vn 0.5699 -0.0164 -0.8216
vn 0.5311 -0.0225 -0.8470
vn 0.5559 -0.0410 -0.8302
vn 0.6771 0.6234 0.3909
vn -0.4715 -0.0139 0.8818
vn -0.4139 -0.0411 0.9094
vn 0.5279 -0.0139 -0.8492
vn 0.5806 -0.0411 -0.8131
vn -0.2139 -0.9690 -0.1235
vn -0.3062 -0.9354 -0.1768
vn 0.8593 0.1243 0.4961
vn -0.0966 -0.9938 -0.0557
vn 0.7590 0.4815 0.4382
vn -0.4106 0.0255 0.9115
vn -0.4687 0.0091 0.8833
vn 0.0919 -0.9944 0.0531
vn 0.5307 0.0091 -0.8475
vn 0.5841 0.0255 -0.8113
vn 0.6116 0.7080 0.3531
vn -0.4702 0.0116 0.8825
vn -0.5051 0.0151 0.8629
vn 0.5051 -0.0151 -0.8629
vn 0.4702 -0.0116 -0.8825
vn 0.7291 -0.1222 -0.6734
vn -0.2186 -0.1222 0.9681
vn -0.3152 -0.0853 0.9452
vn 0.6610 -0.0853 -0.7456
vn -0.3723 -0.0862 0.9241
vn 0.6141 -0.0862 -0.7845
vn -0.3345 0.0461 0.9413
vn 0.6479 0.0461 -0.7603
vn 0.0042 -1.0000 0.0024
vn -0.3634 -0.9077 -0.2098
vn -0.2934 -0.9409 -0.1694
vn 0.0796 -0.9958 0.0460
vn 0.5568 -0.7659 0.3215
vn 0.8518 -0.1806 0.4918
vn 0.4155 0.8774 -0.2399
vn 0.4919 0.8230 -0.2840
vn 0.5000 0.0000 0.8660
vn 0.5000 -0.0000 0.8660
vn 0.3204 -0.9290 -0.1850
vn 0.8616 0.1007 -0.4975
vn -0.5000 -0.0000 -0.8660
vn 0.4720 -0.8384 -0.2725
vn -0.3638 -0.9075 0.2100
vn -0.6799 -0.6194 0.3925
vn -0.4949 -0.8206 0.2857
vn 0.1941 0.9746 -0.1121
vn -0.2754 -0.9481 0.1590
vn -0.1123 0.9916 0.0648
vn 0.1550 -0.9838 -0.0895
vn -0.4228 0.8727 0.2441
vn -0.5000 0.0000 -0.8660
vn 0.4207 -0.8741 -0.2429
vn -0.7193 0.5569 0.4153
vn 0.5528 -0.7697 -0.3192
vn -0.8599 0.1192 0.4964
vn 0.6583 -0.6497 -0.3801
vn -0.8372 -0.2559 0.4834
vn -0.8020 -0.3775 0.4630
vn -0.8602 -0.1157 0.4966
vn 0.5057 0.8118 -0.2920
vn -0.4861 -0.8276 0.2807
vn -0.5582 -0.7646 0.3223
vn 0.5547 0.7679 -0.3203
vn 0.5760 0.7468 -0.3325
vn -0.6161 -0.7028 0.3557
vn 0.6255 0.6916 -0.3612
vn -0.7922 -0.4041 0.4574
vn 0.6949 0.5968 -0.4012
vn -0.4662 -0.8427 0.2692
vn -0.8471 -0.2080 0.4891
vn -0.5025 -0.0145 -0.8645
vn -0.4872 -0.0097 -0.8733
vn 0.7629 0.4734 -0.4404
vn 0.7609 0.4775 -0.4393
vn 0.4872 0.0097 0.8733
vn 0.5025 0.0145 0.8645
vn -0.3388 -0.9203 0.1956
vn 0.5252 0.7952 -0.3032
vn -0.8583 -0.1332 0.4955
vn -0.4506 0.8540 0.2601
vn 0.7403 0.5189 -0.4274
vn -0.5258 0.0272 -0.8502
vn -0.5276 0.0291 -0.8490
vn 0.6999 0.5889 -0.4041
vn 0.7138 0.5663 -0.4121
vn 0.5258 -0.0272 0.8502
vn 0.5276 -0.0291 0.8490
vn -0.2912 -0.9418 0.1681
vn -0.5599 -0.7629 0.3233
vn 0.6454 0.6667 -0.3726
vn 0.5936 0.7281 -0.3427
vn 0.3108 -0.9334 -0.1794
vn 0.7141 -0.5658 -0.4123
vn -0.6717 -0.6313 0.3878
vn -0.2175 -0.9679 0.1256
vn 0.6890 0.6058 -0.3978
vn 0.6744 0.6274 -0.3893
vn -0.4787 0.8333 0.2764
vn -0.8658 0.0249 0.4998
vn -0.8657 -0.0282 0.4998
vn -0.5617 0.7612 0.3243
vn -0.8657 -0.0283 0.4998
vn 0.8652 -0.0444 -0.4995
vn -0.1126 -0.9915 0.0650
vn -0.8633 -0.0792 0.4984
vn -0.7748 0.4467 0.4473
vn 0.0790 -0.9958 -0.0456
vn -0.7605 -0.4783 0.4391
vn -0.7787 -0.4377 0.4496
vn -0.8659 0.0137 0.5000
vn -0.2267 -0.9651 0.1309
vn 0.4448 -0.0259 0.8953
vn 0.3739 -0.0576 0.9257
vn -0.6353 0.6796 0.3668
vn -0.6147 -0.0576 -0.7866
vn -0.5529 -0.0259 -0.8328
vn -0.0901 -0.9946 0.0520
vn -0.7900 0.4096 0.4561
vn -0.8621 -0.0957 0.4977
vn -0.4757 0.8357 0.2746
vn 0.7371 0.5249 -0.4256
vn -0.2021 -0.9724 0.1167
vn -0.2409 -0.9605 0.1391
vn 0.1659 -0.9815 -0.0958
vn 0.1607 -0.9826 -0.0928
vn -0.8436 0.2263 0.4870
vn -0.4265 0.0164 -0.9043
vn -0.4537 0.0104 -0.8911
vn -0.5559 -0.0410 -0.8302
vn -0.5311 -0.0225 -0.8470
vn -0.0322 -0.9993 0.0186
vn 0.4537 -0.0104 0.8911
vn 0.4265 -0.0164 0.9043
vn 0.4680 -0.0225 0.8835
vn 0.4410 -0.0410 0.8966
vn -0.6771 0.6234 0.3910
vn -0.5279 -0.0139 -0.8492
vn -0.5806 -0.0411 -0.8131
vn 0.4715 -0.0139 0.8818
vn 0.4139 -0.0411 0.9094
vn 0.2139 -0.9690 -0.1235
vn 0.3062 -0.9354 -0.1768
vn -0.8593 0.1243 0.4961
vn 0.0966 -0.9938 -0.0558
vn -0.7590 0.4815 0.4382
vn -0.5841 0.0255 -0.8113
vn -0.5307 0.0091 -0.8475
vn -0.0919 -0.9944 0.0531
vn 0.4687 0.0091 0.8833
vn 0.4106 0.0255 0.9115
vn -0.6116 0.7080 0.3531
vn -0.5292 0.0116 -0.8484
vn -0.4948 0.0151 -0.8689
vn 0.4948 -0.0151 0.8689
vn 0.5292 -0.0116 0.8484
vn 0.2186 -0.1222 0.9681
vn -0.7291 -0.1222 -0.6734
vn -0.6610 -0.0853 -0.7456
vn 0.3152 -0.0853 0.9452
vn -0.6141 -0.0862 -0.7845
vn 0.3723 -0.0862 0.9241
vn -0.6479 0.0461 -0.7603
vn 0.3345 0.0461 0.9413
vn -0.0042 -1.0000 0.0024
vn 0.3634 -0.9077 -0.2098
vn 0.2934 -0.9409 -0.1694
vn -0.0796 -0.9958 0.0460
vn -0.5568 -0.7659 0.3215
vn -0.8518 -0.1806 0.4918
# 409 vertex normals

vt 0.9411 0.2918 0.0000
vt 0.9411 0.3100 0.0000
vt 0.9266 0.3100 0.0000
vt 0.9266 0.2918 0.0000
vt 0.4959 0.5627 0.0000
vt 0.5117 0.5623 0.0000
vt 0.5107 0.5924 0.0000
vt 0.4935 0.5905 0.0000
vt 0.9266 0.6775 0.0000
vt 0.9266 0.6697 0.0000
vt 0.9411 0.6697 0.0000
vt 0.9411 0.6775 0.0000
vt 0.7851 0.3340 0.0000
vt 0.7683 0.3359 0.0000
vt 0.7673 0.3063 0.0000
vt 0.7828 0.3067 0.0000
vt 0.9563 0.1491 0.0000
vt 0.9417 0.1491 0.0000
vt 0.9417 0.1477 0.0000
vt 0.9563 0.1477 0.0000
vt 0.9563 0.1805 0.0000
vt 0.9417 0.1805 0.0000
vt 0.9417 0.1712 0.0000
vt 0.9563 0.1712 0.0000
vt 0.4796 0.5865 0.0000
vt 0.4828 0.5627 0.0000
vt 0.9266 0.2789 0.0000
vt 0.9411 0.2789 0.0000
vt 0.7957 0.3067 0.0000
vt 0.7988 0.3301 0.0000
vt 0.9417 0.1666 0.0000
vt 0.9563 0.1666 0.0000
vt 0.4717 0.5803 0.0000
vt 0.4785 0.5619 0.0000
vt 0.9266 0.2677 0.0000
vt 0.9411 0.2677 0.0000
vt 0.7999 0.3060 0.0000
vt 0.8066 0.3240 0.0000
vt 0.9417 0.1621 0.0000
vt 0.9563 0.1621 0.0000
vt 0.4655 0.5709 0.0000
vt 0.4747 0.5595 0.0000
vt 0.9266 0.2550 0.0000
vt 0.9411 0.2550 0.0000
vt 0.8036 0.3036 0.0000
vt 0.8126 0.3148 0.0000
vt 0.9417 0.1579 0.0000
vt 0.9563 0.1579 0.0000
vt 0.4636 0.5580 0.0000
vt 0.4732 0.5558 0.0000
vt 0.9266 0.2426 0.0000
vt 0.9411 0.2426 0.0000
vt 0.8051 0.3000 0.0000
vt 0.8145 0.3021 0.0000
vt 0.9417 0.1535 0.0000
vt 0.9563 0.1535 0.0000
vt 0.4673 0.5483 0.0000
vt 0.4718 0.5520 0.0000
vt 0.9266 0.2353 0.0000
vt 0.9411 0.2353 0.0000
vt 0.8064 0.2963 0.0000
vt 0.8109 0.2926 0.0000
vt 0.9417 0.1505 0.0000
vt 0.9563 0.1505 0.0000
vt 0.4698 0.5458 0.0000
vt 0.4718 0.5477 0.0000
vt 0.9266 0.2327 0.0000
vt 0.9411 0.2327 0.0000
vt 0.8065 0.2920 0.0000
vt 0.8085 0.2902 0.0000
vt 0.4710 0.5452 0.0000
vt 0.4718 0.5463 0.0000
vt 0.9266 0.2313 0.0000
vt 0.9411 0.2313 0.0000
vt 0.8065 0.2907 0.0000
vt 0.8073 0.2896 0.0000
vt 0.9563 0.1942 0.0000
vt 0.9563 0.2073 0.0000
vt 0.9417 0.2073 0.0000
vt 0.9417 0.1942 0.0000
vt 0.7567 0.3367 0.0000
vt 0.7540 0.3059 0.0000
vt 0.9411 0.3253 0.0000
vt 0.9266 0.3253 0.0000
vt 0.5253 0.5619 0.0000
vt 0.5226 0.5933 0.0000
vt 0.9417 0.2655 0.0000
vt 0.9563 0.2655 0.0000
vt 0.9563 0.3038 0.0000
vt 0.9417 0.3038 0.0000
vt 0.7135 0.3085 0.0000
vt 0.7129 0.3385 0.0000
vt 0.6612 0.3377 0.0000
vt 0.6618 0.3104 0.0000
vt 0.9266 0.3652 0.0000
vt 0.9411 0.3652 0.0000
vt 0.9411 0.4065 0.0000
vt 0.9266 0.4065 0.0000
vt 0.5671 0.5951 0.0000
vt 0.5665 0.5645 0.0000
vt 0.6197 0.5665 0.0000
vt 0.6204 0.5943 0.0000
vt 0.9563 0.3648 0.0000
vt 0.9417 0.3648 0.0000
vt 0.6019 0.3349 0.0000
vt 0.6001 0.3076 0.0000
vt 0.9411 0.4664 0.0000
vt 0.9266 0.4664 0.0000
vt 0.6825 0.5636 0.0000
vt 0.6808 0.5914 0.0000
vt 0.9563 0.4020 0.0000
vt 0.9417 0.4020 0.0000
vt 0.5852 0.3320 0.0000
vt 0.5921 0.3065 0.0000
vt 0.9411 0.5070 0.0000
vt 0.9266 0.5070 0.0000
vt 0.6903 0.5625 0.0000
vt 0.6973 0.5885 0.0000
vt 0.9563 0.4904 0.0000
vt 0.9563 0.4947 0.0000
vt 0.9417 0.4947 0.0000
vt 0.9417 0.4904 0.0000
vt 0.5539 0.3221 0.0000
vt 0.5503 0.3206 0.0000
vt 0.5571 0.2984 0.0000
vt 0.5612 0.3004 0.0000
vt 0.9411 0.5483 0.0000
vt 0.9411 0.5531 0.0000
vt 0.9266 0.5531 0.0000
vt 0.9266 0.5483 0.0000
vt 0.7292 0.5784 0.0000
vt 0.7217 0.5562 0.0000
vt 0.7260 0.5543 0.0000
vt 0.7329 0.5768 0.0000
vt 0.9417 0.2507 0.0000
vt 0.9563 0.2507 0.0000
vt 0.7378 0.3381 0.0000
vt 0.7326 0.3053 0.0000
vt 0.9266 0.3446 0.0000
vt 0.9411 0.3446 0.0000
vt 0.5418 0.5947 0.0000
vt 0.5471 0.5613 0.0000
vt 0.9563 0.4407 0.0000
vt 0.9417 0.4407 0.0000
vt 0.9417 0.4309 0.0000
vt 0.9563 0.4309 0.0000
vt 0.5586 0.3239 0.0000
vt 0.5640 0.2981 0.0000
vt 0.9411 0.5307 0.0000
vt 0.9266 0.5307 0.0000
vt 0.7189 0.5539 0.0000
vt 0.7244 0.5802 0.0000
vt 0.5228 0.3110 0.0000
vt 0.5105 0.3079 0.0000
vt 0.5125 0.2893 0.0000
vt 0.5306 0.2916 0.0000
vt 0.9411 0.5933 0.0000
vt 0.9266 0.5933 0.0000
vt 0.9266 0.5825 0.0000
vt 0.9411 0.5825 0.0000
vt 0.7714 0.5449 0.0000
vt 0.7735 0.5639 0.0000
vt 0.7609 0.5671 0.0000
vt 0.7530 0.5473 0.0000
vt 0.9563 0.6481 0.0000
vt 0.9563 0.6561 0.0000
vt 0.9417 0.6561 0.0000
vt 0.9417 0.6481 0.0000
vt 0.9411 0.6132 0.0000
vt 0.9411 0.6223 0.0000
vt 0.9266 0.6223 0.0000
vt 0.9266 0.6132 0.0000
vt 0.9266 0.6510 0.0000
vt 0.9411 0.6510 0.0000
vt 0.9411 0.6571 0.0000
vt 0.9266 0.6571 0.0000
vt 0.9563 0.6104 0.0000
vt 0.9417 0.6104 0.0000
vt 0.9417 0.6053 0.0000
vt 0.9563 0.6053 0.0000
vt 0.5079 0.3073 0.0000
vt 0.5098 0.2893 0.0000
vt 0.9411 0.6015 0.0000
vt 0.9266 0.6015 0.0000
vt 0.7741 0.5450 0.0000
vt 0.7761 0.5633 0.0000
vt 0.4926 0.3045 0.0000
vt 0.4910 0.2847 0.0000
vt 0.5065 0.2879 0.0000
vt 0.5044 0.3066 0.0000
vt 0.9266 0.6048 0.0000
vt 0.9411 0.6048 0.0000
vt 0.7775 0.5435 0.0000
vt 0.7933 0.5402 0.0000
vt 0.7917 0.5604 0.0000
vt 0.7797 0.5626 0.0000
vt 0.9417 0.6236 0.0000
vt 0.9563 0.6236 0.0000
vt 0.9563 0.6280 0.0000
vt 0.9417 0.6280 0.0000
vt 0.9417 0.5802 0.0000
vt 0.9417 0.5735 0.0000
vt 0.9563 0.5735 0.0000
vt 0.9563 0.5802 0.0000
vt 0.9266 0.6372 0.0000
vt 0.9411 0.6372 0.0000
vt 0.9417 0.6410 0.0000
vt 0.9563 0.6410 0.0000
vt 0.7786 0.5409 0.0000
vt 0.7876 0.5358 0.0000
vt 0.9417 0.6137 0.0000
vt 0.9563 0.6137 0.0000
vt 0.9563 0.6172 0.0000
vt 0.9417 0.6172 0.0000
vt 0.4966 0.2803 0.0000
vt 0.5054 0.2853 0.0000
vt 0.5169 0.2841 0.0000
vt 0.5291 0.2903 0.0000
vt 0.9417 0.5981 0.0000
vt 0.9563 0.5981 0.0000
vt 0.7545 0.5460 0.0000
vt 0.7669 0.5396 0.0000
vt 0.9417 0.5625 0.0000
vt 0.9563 0.5625 0.0000
vt 0.9563 0.5658 0.0000
vt 0.9417 0.5658 0.0000
vt 0.9417 0.6341 0.0000
vt 0.9563 0.6341 0.0000
vt 0.7789 0.5379 0.0000
vt 0.7819 0.5328 0.0000
vt 0.9563 0.6203 0.0000
vt 0.9417 0.6203 0.0000
vt 0.5022 0.2774 0.0000
vt 0.5052 0.2824 0.0000
vt 0.9417 0.5895 0.0000
vt 0.9563 0.5895 0.0000
vt 0.9563 0.5690 0.0000
vt 0.9417 0.5690 0.0000
vt 0.9563 0.6775 0.0000
vt 0.9417 0.6775 0.0000
vt 0.9563 0.5219 0.0000
vt 0.9417 0.5219 0.0000
vt 0.9417 0.5136 0.0000
vt 0.9563 0.5136 0.0000
vt 0.9411 0.5668 0.0000
vt 0.9266 0.5668 0.0000
vt 0.9417 0.5553 0.0000
vt 0.9563 0.5553 0.0000
vt 0.9417 0.5463 0.0000
vt 0.9563 0.5463 0.0000
vt 0.9563 0.4991 0.0000
vt 0.9417 0.4991 0.0000
vt 0.5549 0.2956 0.0000
vt 0.5400 0.2846 0.0000
vt 0.5455 0.2789 0.0000
vt 0.5525 0.2869 0.0000
vt 0.9417 0.5347 0.0000
vt 0.9563 0.5347 0.0000
vt 0.7434 0.5401 0.0000
vt 0.7282 0.5514 0.0000
vt 0.7306 0.5424 0.0000
vt 0.7378 0.5344 0.0000
vt 0.9563 0.5059 0.0000
vt 0.9417 0.5059 0.0000
vt 0.5273 0.2869 0.0000
vt 0.5218 0.2797 0.0000
vt 0.7564 0.5425 0.0000
vt 0.7619 0.5352 0.0000
vt 0.9417 0.4850 0.0000
vt 0.9563 0.4850 0.0000
vt 0.5663 0.2922 0.0000
vt 0.5881 0.3026 0.0000
vt 0.9417 0.4771 0.0000
vt 0.9563 0.4771 0.0000
vt 0.6943 0.5585 0.0000
vt 0.7166 0.5479 0.0000
vt 0.9563 0.4091 0.0000
vt 0.9417 0.4091 0.0000
vt 0.5715 0.2855 0.0000
vt 0.5856 0.2957 0.0000
vt 0.9417 0.4664 0.0000
vt 0.9563 0.4664 0.0000
vt 0.6969 0.5514 0.0000
vt 0.7113 0.5410 0.0000
vt 0.9563 0.4161 0.0000
vt 0.9417 0.4161 0.0000
vt 0.5801 0.2781 0.0000
vt 0.5854 0.2893 0.0000
vt 0.9417 0.4534 0.0000
vt 0.9563 0.4534 0.0000
vt 0.6972 0.5450 0.0000
vt 0.7025 0.5335 0.0000
vt 0.9563 0.4234 0.0000
vt 0.9417 0.4234 0.0000
vt 0.5300 0.3131 0.0000
vt 0.5349 0.2920 0.0000
vt 0.7485 0.5477 0.0000
vt 0.7536 0.5692 0.0000
vt 0.4833 0.2851 0.0000
vt 0.4713 0.2949 0.0000
vt 0.4594 0.2864 0.0000
vt 0.4572 0.2835 0.0000
vt 0.8012 0.5407 0.0000
vt 0.7968 0.5599 0.0000
vt 0.7783 0.5347 0.0000
vt 0.7760 0.5300 0.0000
vt 0.5057 0.2792 0.0000
vt 0.5080 0.2747 0.0000
vt 0.5269 0.2823 0.0000
vt 0.5304 0.2753 0.0000
vt 0.7567 0.5378 0.0000
vt 0.7532 0.5307 0.0000
vt 0.5537 0.2817 0.0000
vt 0.5575 0.2722 0.0000
vt 0.7294 0.5372 0.0000
vt 0.7256 0.5275 0.0000
vt 0.5918 0.2723 0.0000
vt 0.5872 0.2820 0.0000
vt 0.6953 0.5375 0.0000
vt 0.6906 0.5277 0.0000
vt 0.7400 0.3020 0.0000
vt 0.7428 0.2980 0.0000
vt 0.7479 0.3058 0.0000
vt 0.9417 0.2438 0.0000
vt 0.9563 0.2438 0.0000
vt 0.5120 0.5556 0.0000
vt 0.5182 0.5517 0.0000
vt 0.9563 0.2379 0.0000
vt 0.9417 0.2379 0.0000
vt 0.9417 0.2327 0.0000
vt 0.9563 0.2327 0.0000
vt 0.9417 0.2279 0.0000
vt 0.9563 0.2279 0.0000
vt 0.9417 0.2224 0.0000
vt 0.9563 0.2224 0.0000
vt 0.9417 0.2154 0.0000
vt 0.9563 0.2154 0.0000
vt 0.7671 0.2998 0.0000
vt 0.7609 0.2960 0.0000
vt 0.7513 0.3371 0.0000
vt 0.9411 0.3345 0.0000
vt 0.9266 0.3345 0.0000
vt 0.5315 0.5617 0.0000
vt 0.5280 0.5937 0.0000
vt 0.7564 0.2895 0.0000
vt 0.7518 0.2874 0.0000
vt 0.5324 0.5452 0.0000
vt 0.5275 0.5430 0.0000
vt 0.5229 0.5451 0.0000
vt 0.7444 0.2922 0.0000
vt 0.7470 0.2896 0.0000
vt 0.5395 0.5579 0.0000
vt 0.5367 0.5538 0.0000
vt 0.5351 0.5479 0.0000
vt 0.4876 0.3040 0.0000
vt 0.8133 0.5506 0.0000
vt 0.8194 0.5571 0.0000
vt 0.8201 0.5598 0.0000
vt 0.8277 0.5391 0.0000
vt 0.8255 0.5420 0.0000
vt 0.4647 0.3039 0.0000
vt 0.4654 0.3013 0.0000
vt 0.8946 0.2763 0.0000
vt 0.8946 0.2917 0.0000
vt 0.8823 0.2917 0.0000
vt 0.8823 0.2763 0.0000
vt 0.5035 0.5015 0.0000
vt 0.5187 0.5010 0.0000
vt 0.5179 0.5301 0.0000
vt 0.5014 0.5284 0.0000
vt 0.8823 0.6019 0.0000
vt 0.8823 0.5953 0.0000
vt 0.8946 0.5953 0.0000
vt 0.8946 0.6019 0.0000
vt 0.7835 0.4595 0.0000
vt 0.7670 0.4615 0.0000
vt 0.7658 0.4324 0.0000
vt 0.7811 0.4327 0.0000
vt 0.9130 0.6760 0.0000
vt 0.9253 0.6760 0.0000
vt 0.9253 0.6772 0.0000
vt 0.9130 0.6772 0.0000
vt 0.9130 0.6391 0.0000
vt 0.9253 0.6391 0.0000
vt 0.9253 0.6507 0.0000
vt 0.9130 0.6507 0.0000
vt 0.4879 0.5247 0.0000
vt 0.4908 0.5017 0.0000
vt 0.8823 0.2654 0.0000
vt 0.8946 0.2654 0.0000
vt 0.7937 0.4327 0.0000
vt 0.7969 0.4556 0.0000
vt 0.9253 0.6585 0.0000
vt 0.9130 0.6585 0.0000
vt 0.4802 0.5188 0.0000
vt 0.4866 0.5009 0.0000
vt 0.8823 0.2560 0.0000
vt 0.8946 0.2560 0.0000
vt 0.7979 0.4319 0.0000
vt 0.8045 0.4496 0.0000
vt 0.9253 0.6625 0.0000
vt 0.9130 0.6625 0.0000
vt 0.4742 0.5097 0.0000
vt 0.4830 0.4987 0.0000
vt 0.8823 0.2452 0.0000
vt 0.8946 0.2452 0.0000
vt 0.8015 0.4296 0.0000
vt 0.8104 0.4405 0.0000
vt 0.9253 0.6662 0.0000
vt 0.9130 0.6662 0.0000
vt 0.4722 0.4973 0.0000
vt 0.4815 0.4951 0.0000
vt 0.8823 0.2348 0.0000
vt 0.8946 0.2348 0.0000
vt 0.8030 0.4260 0.0000
vt 0.8123 0.4281 0.0000
vt 0.9253 0.6698 0.0000
vt 0.9130 0.6698 0.0000
vt 0.4757 0.4879 0.0000
vt 0.4801 0.4915 0.0000
vt 0.8823 0.2286 0.0000
vt 0.8946 0.2286 0.0000
vt 0.8043 0.4223 0.0000
vt 0.8087 0.4187 0.0000
vt 0.9253 0.6735 0.0000
vt 0.9130 0.6735 0.0000
vt 0.4781 0.4855 0.0000
vt 0.4800 0.4873 0.0000
vt 0.8823 0.2265 0.0000
vt 0.8946 0.2265 0.0000
vt 0.8043 0.4181 0.0000
vt 0.8062 0.4163 0.0000
vt 0.4793 0.4849 0.0000
vt 0.4800 0.4860 0.0000
vt 0.8823 0.2252 0.0000
vt 0.8946 0.2252 0.0000
vt 0.8043 0.4168 0.0000
vt 0.8050 0.4158 0.0000
vt 0.9130 0.6280 0.0000
vt 0.9130 0.6212 0.0000
vt 0.9253 0.6212 0.0000
vt 0.9253 0.6280 0.0000
vt 0.7555 0.4624 0.0000
vt 0.7528 0.4321 0.0000
vt 0.8946 0.3046 0.0000
vt 0.8823 0.3046 0.0000
vt 0.5317 0.5005 0.0000
vt 0.5294 0.5308 0.0000
vt 0.9253 0.5466 0.0000
vt 0.9130 0.5466 0.0000
vt 0.9130 0.4951 0.0000
vt 0.9253 0.4951 0.0000
vt 0.7130 0.4348 0.0000
vt 0.7125 0.4643 0.0000
vt 0.6612 0.4638 0.0000
vt 0.6617 0.4369 0.0000
vt 0.8823 0.3383 0.0000
vt 0.8946 0.3383 0.0000
vt 0.8946 0.3732 0.0000
vt 0.8823 0.3732 0.0000
vt 0.5724 0.5322 0.0000
vt 0.5716 0.5027 0.0000
vt 0.6229 0.5041 0.0000
vt 0.6238 0.5310 0.0000
vt 0.9130 0.4637 0.0000
vt 0.9253 0.4637 0.0000
vt 0.6028 0.4612 0.0000
vt 0.6010 0.4344 0.0000
vt 0.8946 0.4237 0.0000
vt 0.8823 0.4237 0.0000
vt 0.6835 0.5008 0.0000
vt 0.6820 0.5277 0.0000
vt 0.9130 0.4577 0.0000
vt 0.9253 0.4577 0.0000
vt 0.5869 0.4585 0.0000
vt 0.5936 0.4334 0.0000
vt 0.8946 0.4580 0.0000
vt 0.8823 0.4580 0.0000
vt 0.6909 0.4997 0.0000
vt 0.6980 0.5247 0.0000
vt 0.9130 0.3854 0.0000
vt 0.9130 0.3817 0.0000
vt 0.9253 0.3817 0.0000
vt 0.9253 0.3854 0.0000
vt 0.5561 0.4489 0.0000
vt 0.5525 0.4474 0.0000
vt 0.5591 0.4256 0.0000
vt 0.5632 0.4275 0.0000
vt 0.8946 0.4929 0.0000
vt 0.8946 0.4969 0.0000
vt 0.8823 0.4969 0.0000
vt 0.8823 0.4929 0.0000
vt 0.7286 0.5148 0.0000
vt 0.7212 0.4934 0.0000
vt 0.7253 0.4915 0.0000
vt 0.7322 0.5132 0.0000
vt 0.9253 0.5790 0.0000
vt 0.9130 0.5790 0.0000
vt 0.7370 0.4638 0.0000
vt 0.7317 0.4316 0.0000
vt 0.8823 0.3209 0.0000
vt 0.8946 0.3209 0.0000
vt 0.5479 0.5320 0.0000
vt 0.5528 0.4998 0.0000
vt 0.9130 0.4203 0.0000
vt 0.9253 0.4203 0.0000
vt 0.9253 0.4310 0.0000
vt 0.9130 0.4310 0.0000
vt 0.5607 0.4506 0.0000
vt 0.5659 0.4253 0.0000
vt 0.8946 0.4780 0.0000
vt 0.8823 0.4780 0.0000
vt 0.7185 0.4912 0.0000
vt 0.7241 0.5165 0.0000
vt 0.5254 0.4382 0.0000
vt 0.5133 0.4352 0.0000
vt 0.5152 0.4168 0.0000
vt 0.5330 0.4190 0.0000
vt 0.8946 0.5308 0.0000
vt 0.8823 0.5308 0.0000
vt 0.8823 0.5217 0.0000
vt 0.8946 0.5217 0.0000
vt 0.7691 0.4821 0.0000
vt 0.7712 0.5004 0.0000
vt 0.7592 0.5036 0.0000
vt 0.7513 0.4845 0.0000
vt 0.9130 0.2492 0.0000
vt 0.9130 0.2339 0.0000
vt 0.9253 0.2339 0.0000
vt 0.9253 0.2492 0.0000
vt 0.8946 0.5476 0.0000
vt 0.8946 0.5553 0.0000
vt 0.8823 0.5553 0.0000
vt 0.8823 0.5476 0.0000
vt 0.8823 0.5796 0.0000
vt 0.8946 0.5796 0.0000
vt 0.8946 0.5848 0.0000
vt 0.8823 0.5848 0.0000
vt 0.9130 0.2849 0.0000
vt 0.9253 0.2849 0.0000
vt 0.9253 0.2878 0.0000
vt 0.9130 0.2878 0.0000
vt 0.5108 0.4346 0.0000
vt 0.5126 0.4169 0.0000
vt 0.8946 0.5377 0.0000
vt 0.8823 0.5377 0.0000
vt 0.7717 0.4821 0.0000
vt 0.7737 0.4998 0.0000
vt 0.4957 0.4319 0.0000
vt 0.4941 0.4124 0.0000
vt 0.5093 0.4155 0.0000
vt 0.5073 0.4339 0.0000
vt 0.8823 0.5406 0.0000
vt 0.8946 0.5406 0.0000
vt 0.7749 0.4807 0.0000
vt 0.7902 0.4774 0.0000
vt 0.7888 0.4969 0.0000
vt 0.7772 0.4990 0.0000
vt 0.9253 0.2729 0.0000
vt 0.9130 0.2729 0.0000
vt 0.9130 0.2677 0.0000
vt 0.9253 0.2677 0.0000
vt 0.9253 0.3054 0.0000
vt 0.9253 0.3133 0.0000
vt 0.9130 0.3133 0.0000
vt 0.9130 0.3054 0.0000
vt 0.8823 0.5680 0.0000
vt 0.8946 0.5680 0.0000
vt 0.9253 0.2559 0.0000
vt 0.9130 0.2559 0.0000
vt 0.7760 0.4781 0.0000
vt 0.7847 0.4732 0.0000
vt 0.9253 0.2820 0.0000
vt 0.9130 0.2820 0.0000
vt 0.9130 0.2794 0.0000
vt 0.9253 0.2794 0.0000
vt 0.4995 0.4081 0.0000
vt 0.5082 0.4129 0.0000
vt 0.5195 0.4117 0.0000
vt 0.5316 0.4178 0.0000
vt 0.9253 0.2920 0.0000
vt 0.9130 0.2920 0.0000
vt 0.7528 0.4833 0.0000
vt 0.7647 0.4770 0.0000
vt 0.9253 0.3254 0.0000
vt 0.9130 0.3254 0.0000
vt 0.9130 0.3227 0.0000
vt 0.9253 0.3227 0.0000
vt 0.9253 0.2619 0.0000
vt 0.9130 0.2619 0.0000
vt 0.7762 0.4752 0.0000
vt 0.7791 0.4703 0.0000
vt 0.9130 0.2766 0.0000
vt 0.9253 0.2766 0.0000
vt 0.5050 0.4052 0.0000
vt 0.5080 0.4101 0.0000
vt 0.9253 0.2981 0.0000
vt 0.9130 0.2981 0.0000
vt 0.9130 0.3189 0.0000
vt 0.9253 0.3189 0.0000
vt 0.9130 0.2103 0.0000
vt 0.9253 0.2103 0.0000
vt 0.9130 0.3516 0.0000
vt 0.9253 0.3516 0.0000
vt 0.9253 0.3624 0.0000
vt 0.9130 0.3624 0.0000
vt 0.8946 0.5085 0.0000
vt 0.8823 0.5085 0.0000
vt 0.9253 0.3282 0.0000
vt 0.9130 0.3282 0.0000
vt 0.9253 0.3342 0.0000
vt 0.9130 0.3342 0.0000
vt 0.9130 0.3760 0.0000
vt 0.9253 0.3760 0.0000
vt 0.5569 0.4229 0.0000
vt 0.5422 0.4121 0.0000
vt 0.5476 0.4065 0.0000
vt 0.5545 0.4142 0.0000
vt 0.9253 0.3419 0.0000
vt 0.9130 0.3419 0.0000
vt 0.7420 0.4777 0.0000
vt 0.7275 0.4887 0.0000
vt 0.7297 0.4800 0.0000
vt 0.7365 0.4722 0.0000
vt 0.9130 0.3695 0.0000
vt 0.9253 0.3695 0.0000
vt 0.5297 0.4144 0.0000
vt 0.5243 0.4074 0.0000
vt 0.7545 0.4799 0.0000
vt 0.7598 0.4728 0.0000
vt 0.9253 0.3891 0.0000
vt 0.9130 0.3891 0.0000
vt 0.5681 0.4194 0.0000
vt 0.5896 0.4296 0.0000
vt 0.9253 0.3936 0.0000
vt 0.9130 0.3936 0.0000
vt 0.6948 0.4958 0.0000
vt 0.7162 0.4854 0.0000
vt 0.9130 0.4518 0.0000
vt 0.9253 0.4518 0.0000
vt 0.5732 0.4128 0.0000
vt 0.5872 0.4228 0.0000
vt 0.9253 0.4003 0.0000
vt 0.9130 0.4003 0.0000
vt 0.6972 0.4890 0.0000
vt 0.7111 0.4788 0.0000
vt 0.9130 0.4456 0.0000
vt 0.9253 0.4456 0.0000
vt 0.5817 0.4055 0.0000
vt 0.5869 0.4165 0.0000
vt 0.9253 0.4093 0.0000
vt 0.9130 0.4093 0.0000
vt 0.6974 0.4828 0.0000
vt 0.7025 0.4717 0.0000
vt 0.9130 0.4393 0.0000
vt 0.9253 0.4393 0.0000
vt 0.5325 0.4402 0.0000
vt 0.5373 0.4194 0.0000
vt 0.7470 0.4849 0.0000
vt 0.7521 0.5057 0.0000
vt 0.4865 0.4128 0.0000
vt 0.4748 0.4225 0.0000
vt 0.4630 0.4143 0.0000
vt 0.4608 0.4114 0.0000
vt 0.7978 0.4777 0.0000
vt 0.7937 0.4963 0.0000
vt 0.7756 0.4721 0.0000
vt 0.7734 0.4677 0.0000
vt 0.5085 0.4069 0.0000
vt 0.5107 0.4024 0.0000
vt 0.5294 0.4099 0.0000
vt 0.5327 0.4030 0.0000
vt 0.7548 0.4753 0.0000
vt 0.7514 0.4685 0.0000
vt 0.5557 0.4091 0.0000
vt 0.5594 0.3998 0.0000
vt 0.7285 0.4750 0.0000
vt 0.7247 0.4657 0.0000
vt 0.5931 0.3998 0.0000
vt 0.5886 0.4093 0.0000
vt 0.6956 0.4755 0.0000
vt 0.6910 0.4661 0.0000
vt 0.7390 0.4283 0.0000
vt 0.7417 0.4244 0.0000
vt 0.7468 0.4320 0.0000
vt 0.9253 0.5914 0.0000
vt 0.9130 0.5914 0.0000
vt 0.5189 0.4946 0.0000
vt 0.5249 0.4908 0.0000
vt 0.9130 0.5973 0.0000
vt 0.9253 0.5973 0.0000
vt 0.9253 0.6022 0.0000
vt 0.9130 0.6022 0.0000
vt 0.9253 0.6066 0.0000
vt 0.9130 0.6066 0.0000
vt 0.9253 0.6107 0.0000
vt 0.9130 0.6107 0.0000
vt 0.9253 0.6153 0.0000
vt 0.9130 0.6153 0.0000
vt 0.7656 0.4260 0.0000
vt 0.7595 0.4222 0.0000
vt 0.7502 0.4628 0.0000
vt 0.8946 0.3123 0.0000
vt 0.8823 0.3123 0.0000
vt 0.5378 0.5003 0.0000
vt 0.5347 0.5312 0.0000
vt 0.7550 0.4159 0.0000
vt 0.7505 0.4139 0.0000
vt 0.5385 0.4844 0.0000
vt 0.5338 0.4823 0.0000
vt 0.5293 0.4844 0.0000
vt 0.7433 0.4186 0.0000
vt 0.7458 0.4160 0.0000
vt 0.5455 0.4965 0.0000
vt 0.5427 0.4927 0.0000
vt 0.5411 0.4869 0.0000
vt 0.4908 0.4314 0.0000
vt 0.8096 0.4872 0.0000
vt 0.8155 0.4935 0.0000
vt 0.8162 0.4961 0.0000
vt 0.8234 0.4760 0.0000
vt 0.8212 0.4788 0.0000
vt 0.4683 0.4314 0.0000
vt 0.4689 0.4288 0.0000
vt 0.8655 0.5444 0.0000
vt 0.8655 0.5314 0.0000
vt 0.8778 0.5314 0.0000
vt 0.8778 0.5444 0.0000
vt 0.5015 0.6236 0.0000
vt 0.5168 0.6233 0.0000
vt 0.5155 0.6524 0.0000
vt 0.4990 0.6504 0.0000
vt 0.8778 0.2292 0.0000
vt 0.8778 0.2325 0.0000
vt 0.8655 0.2325 0.0000
vt 0.8655 0.2292 0.0000
vt 0.7823 0.3988 0.0000
vt 0.7657 0.4006 0.0000
vt 0.7649 0.3715 0.0000
vt 0.7801 0.3719 0.0000
vt 0.9102 0.2173 0.0000
vt 0.8979 0.2173 0.0000
vt 0.8979 0.2161 0.0000
vt 0.9102 0.2161 0.0000
vt 0.9102 0.2438 0.0000
vt 0.8979 0.2438 0.0000
vt 0.8979 0.2360 0.0000
vt 0.9102 0.2360 0.0000
vt 0.4856 0.6464 0.0000
vt 0.4889 0.6235 0.0000
vt 0.8778 0.5597 0.0000
vt 0.8655 0.5597 0.0000
vt 0.7927 0.3720 0.0000
vt 0.7957 0.3950 0.0000
vt 0.8979 0.2321 0.0000
vt 0.9102 0.2321 0.0000
vt 0.4780 0.6404 0.0000
vt 0.4847 0.6227 0.0000
vt 0.8778 0.5706 0.0000
vt 0.8655 0.5706 0.0000
vt 0.7970 0.3713 0.0000
vt 0.8034 0.3890 0.0000
vt 0.8979 0.2283 0.0000
vt 0.9102 0.2283 0.0000
vt 0.4721 0.6313 0.0000
vt 0.4811 0.6203 0.0000
vt 0.8778 0.5801 0.0000
vt 0.8655 0.5801 0.0000
vt 0.8006 0.3690 0.0000
vt 0.8094 0.3800 0.0000
vt 0.8979 0.2248 0.0000
vt 0.9102 0.2248 0.0000
vt 0.4704 0.6188 0.0000
vt 0.4797 0.6168 0.0000
vt 0.8778 0.5909 0.0000
vt 0.8655 0.5909 0.0000
vt 0.8021 0.3654 0.0000
vt 0.8113 0.3676 0.0000
vt 0.8979 0.2210 0.0000
vt 0.9102 0.2210 0.0000
vt 0.4740 0.6095 0.0000
vt 0.4784 0.6131 0.0000
vt 0.8778 0.6012 0.0000
vt 0.8655 0.6012 0.0000
vt 0.8034 0.3618 0.0000
vt 0.8078 0.3582 0.0000
vt 0.8979 0.2185 0.0000
vt 0.9102 0.2185 0.0000
vt 0.4765 0.6071 0.0000
vt 0.4784 0.6089 0.0000
vt 0.8778 0.6074 0.0000
vt 0.8655 0.6074 0.0000
vt 0.8035 0.3576 0.0000
vt 0.8054 0.3558 0.0000
vt 0.4777 0.6065 0.0000
vt 0.4784 0.6076 0.0000
vt 0.8778 0.6093 0.0000
vt 0.8655 0.6093 0.0000
vt 0.8035 0.3563 0.0000
vt 0.8042 0.3552 0.0000
vt 0.9102 0.2554 0.0000
vt 0.9102 0.2665 0.0000
vt 0.8979 0.2665 0.0000
vt 0.8979 0.2554 0.0000
vt 0.7543 0.4013 0.0000
vt 0.7518 0.3711 0.0000
vt 0.8655 0.5237 0.0000
vt 0.8778 0.5237 0.0000
vt 0.5298 0.6231 0.0000
vt 0.5270 0.6534 0.0000
vt 0.8979 0.3156 0.0000
vt 0.9102 0.3156 0.0000
vt 0.9102 0.3479 0.0000
vt 0.8979 0.3479 0.0000
vt 0.7120 0.3734 0.0000
vt 0.7113 0.4029 0.0000
vt 0.6599 0.4019 0.0000
vt 0.6607 0.3751 0.0000
vt 0.8778 0.4629 0.0000
vt 0.8655 0.4629 0.0000
vt 0.8655 0.4124 0.0000
vt 0.8778 0.4124 0.0000
vt 0.5700 0.6555 0.0000
vt 0.5696 0.6260 0.0000
vt 0.6209 0.6283 0.0000
vt 0.6213 0.6552 0.0000
vt 0.9102 0.3995 0.0000
vt 0.8979 0.3995 0.0000
vt 0.6016 0.3989 0.0000
vt 0.6001 0.3720 0.0000
vt 0.8655 0.3781 0.0000
vt 0.8778 0.3781 0.0000
vt 0.6816 0.6261 0.0000
vt 0.6796 0.6529 0.0000
vt 0.9102 0.4309 0.0000
vt 0.8979 0.4309 0.0000
vt 0.5857 0.3960 0.0000
vt 0.5926 0.3709 0.0000
vt 0.8655 0.3580 0.0000
vt 0.8778 0.3580 0.0000
vt 0.6890 0.6251 0.0000
vt 0.6956 0.6503 0.0000
vt 0.9102 0.5054 0.0000
vt 0.9102 0.5091 0.0000
vt 0.8979 0.5091 0.0000
vt 0.8979 0.5054 0.0000
vt 0.5550 0.3861 0.0000
vt 0.5514 0.3846 0.0000
vt 0.5582 0.3628 0.0000
vt 0.5623 0.3647 0.0000
vt 0.8655 0.3391 0.0000
vt 0.8655 0.3275 0.0000
vt 0.8778 0.3275 0.0000
vt 0.8778 0.3391 0.0000
vt 0.7264 0.6409 0.0000
vt 0.7194 0.6194 0.0000
vt 0.7235 0.6175 0.0000
vt 0.7301 0.6394 0.0000
vt 0.8979 0.3031 0.0000
vt 0.9102 0.3031 0.0000
vt 0.7358 0.4026 0.0000
vt 0.7307 0.3704 0.0000
vt 0.8778 0.4978 0.0000
vt 0.8655 0.4978 0.0000
vt 0.5455 0.6549 0.0000
vt 0.5510 0.6227 0.0000
vt 0.9102 0.4635 0.0000
vt 0.8979 0.4635 0.0000
vt 0.8979 0.4552 0.0000
vt 0.9102 0.4552 0.0000
vt 0.5596 0.3879 0.0000
vt 0.5650 0.3626 0.0000
vt 0.8655 0.3432 0.0000
vt 0.8778 0.3432 0.0000
vt 0.7168 0.6171 0.0000
vt 0.7219 0.6425 0.0000
vt 0.5244 0.3751 0.0000
vt 0.5123 0.3720 0.0000
vt 0.5144 0.3536 0.0000
vt 0.5322 0.3560 0.0000
vt 0.8655 0.2983 0.0000
vt 0.8778 0.2983 0.0000
vt 0.8778 0.3052 0.0000
vt 0.8655 0.3052 0.0000
vt 0.7675 0.6089 0.0000
vt 0.7693 0.6273 0.0000
vt 0.7572 0.6302 0.0000
vt 0.7497 0.6110 0.0000
vt 0.9102 0.6386 0.0000
vt 0.9102 0.6453 0.0000
vt 0.8979 0.6453 0.0000
vt 0.8979 0.6386 0.0000
vt 0.8655 0.2807 0.0000
vt 0.8655 0.2681 0.0000
vt 0.8778 0.2681 0.0000
vt 0.8778 0.2807 0.0000
vt 0.8778 0.2513 0.0000
vt 0.8655 0.2513 0.0000
vt 0.8655 0.2407 0.0000
vt 0.8778 0.2407 0.0000
vt 0.9102 0.6068 0.0000
vt 0.8979 0.6068 0.0000
vt 0.8979 0.6025 0.0000
vt 0.9102 0.6025 0.0000
vt 0.5098 0.3714 0.0000
vt 0.5118 0.3537 0.0000
vt 0.8655 0.2955 0.0000
vt 0.8778 0.2955 0.0000
vt 0.7701 0.6090 0.0000
vt 0.7718 0.6267 0.0000
vt 0.4948 0.3685 0.0000
vt 0.4933 0.3490 0.0000
vt 0.5085 0.3523 0.0000
vt 0.5064 0.3706 0.0000
vt 0.8778 0.2884 0.0000
vt 0.8655 0.2884 0.0000
vt 0.7734 0.6076 0.0000
vt 0.7886 0.6046 0.0000
vt 0.7869 0.6241 0.0000
vt 0.7753 0.6260 0.0000
vt 0.8979 0.6179 0.0000
vt 0.9102 0.6179 0.0000
vt 0.9102 0.6216 0.0000
vt 0.8979 0.6216 0.0000
vt 0.8979 0.5813 0.0000
vt 0.8979 0.5757 0.0000
vt 0.9102 0.5757 0.0000
vt 0.9102 0.5813 0.0000
vt 0.8778 0.2565 0.0000
vt 0.8655 0.2565 0.0000
vt 0.8979 0.6326 0.0000
vt 0.9102 0.6326 0.0000
vt 0.7745 0.6051 0.0000
vt 0.7832 0.6003 0.0000
vt 0.8979 0.6096 0.0000
vt 0.9102 0.6096 0.0000
vt 0.9102 0.6125 0.0000
vt 0.8979 0.6125 0.0000
vt 0.4988 0.3448 0.0000
vt 0.5075 0.3497 0.0000
vt 0.5188 0.3485 0.0000
vt 0.5307 0.3548 0.0000
vt 0.8979 0.5964 0.0000
vt 0.9102 0.5964 0.0000
vt 0.7511 0.6098 0.0000
vt 0.7632 0.6037 0.0000
vt 0.8979 0.5663 0.0000
vt 0.9102 0.5663 0.0000
vt 0.9102 0.5692 0.0000
vt 0.8979 0.5692 0.0000
vt 0.8979 0.6268 0.0000
vt 0.9102 0.6268 0.0000
vt 0.7747 0.6022 0.0000
vt 0.7777 0.5973 0.0000
vt 0.9102 0.6151 0.0000
vt 0.8979 0.6151 0.0000
vt 0.5043 0.3419 0.0000
vt 0.5072 0.3468 0.0000
vt 0.8979 0.5891 0.0000
vt 0.9102 0.5891 0.0000
vt 0.9102 0.5718 0.0000
vt 0.8979 0.5718 0.0000
vt 0.9102 0.6634 0.0000
vt 0.8979 0.6634 0.0000
vt 0.9102 0.5321 0.0000
vt 0.8979 0.5321 0.0000
vt 0.8979 0.5251 0.0000
vt 0.9102 0.5251 0.0000
vt 0.8655 0.3144 0.0000
vt 0.8778 0.3144 0.0000
vt 0.8979 0.5603 0.0000
vt 0.9102 0.5603 0.0000
vt 0.8979 0.5527 0.0000
vt 0.9102 0.5527 0.0000
vt 0.9102 0.5128 0.0000
vt 0.8979 0.5128 0.0000
vt 0.5560 0.3601 0.0000
vt 0.5415 0.3491 0.0000
vt 0.5469 0.3436 0.0000
vt 0.5538 0.3514 0.0000
vt 0.8979 0.5429 0.0000
vt 0.9102 0.5429 0.0000
vt 0.7405 0.6040 0.0000
vt 0.7258 0.6148 0.0000
vt 0.7282 0.6062 0.0000
vt 0.7351 0.5984 0.0000
vt 0.9102 0.5185 0.0000
vt 0.8979 0.5185 0.0000
vt 0.5289 0.3514 0.0000
vt 0.5236 0.3443 0.0000
vt 0.7530 0.6064 0.0000
vt 0.7584 0.5994 0.0000
vt 0.8979 0.5009 0.0000
vt 0.9102 0.5009 0.0000
vt 0.5673 0.3567 0.0000
vt 0.5887 0.3671 0.0000
vt 0.8979 0.4942 0.0000
vt 0.9102 0.4942 0.0000
vt 0.6930 0.6213 0.0000
vt 0.7146 0.6113 0.0000
vt 0.9102 0.4369 0.0000
vt 0.8979 0.4369 0.0000
vt 0.5724 0.3502 0.0000
vt 0.5863 0.3602 0.0000
vt 0.8979 0.4852 0.0000
vt 0.9102 0.4852 0.0000
vt 0.6955 0.6145 0.0000
vt 0.7095 0.6046 0.0000
vt 0.9102 0.4427 0.0000
vt 0.8979 0.4427 0.0000
vt 0.5810 0.3429 0.0000
vt 0.5860 0.3540 0.0000
vt 0.8979 0.4742 0.0000
vt 0.9102 0.4742 0.0000
vt 0.6958 0.6083 0.0000
vt 0.7011 0.5973 0.0000
vt 0.9102 0.4489 0.0000
vt 0.8979 0.4489 0.0000
vt 0.5315 0.3772 0.0000
vt 0.5365 0.3564 0.0000
vt 0.7454 0.6114 0.0000
vt 0.7501 0.6322 0.0000
vt 0.4857 0.3494 0.0000
vt 0.4739 0.3590 0.0000
vt 0.4623 0.3506 0.0000
vt 0.4601 0.3477 0.0000
vt 0.7962 0.6051 0.0000
vt 0.7918 0.6236 0.0000
vt 0.7742 0.5991 0.0000
vt 0.7721 0.5946 0.0000
vt 0.5078 0.3437 0.0000
vt 0.5100 0.3392 0.0000
vt 0.5286 0.3468 0.0000
vt 0.5320 0.3400 0.0000
vt 0.7533 0.6019 0.0000
vt 0.7500 0.5950 0.0000
vt 0.5549 0.3463 0.0000
vt 0.5587 0.3371 0.0000
vt 0.7271 0.6011 0.0000
vt 0.7234 0.5917 0.0000
vt 0.5924 0.3373 0.0000
vt 0.5879 0.3468 0.0000
vt 0.6941 0.6010 0.0000
vt 0.6897 0.5915 0.0000
vt 0.7381 0.3671 0.0000
vt 0.7408 0.3632 0.0000
vt 0.7458 0.3709 0.0000
vt 0.8979 0.2972 0.0000
vt 0.9102 0.2972 0.0000
vt 0.5171 0.6170 0.0000
vt 0.5231 0.6132 0.0000
vt 0.9102 0.2923 0.0000
vt 0.8979 0.2923 0.0000
vt 0.8979 0.2879 0.0000
vt 0.9102 0.2879 0.0000
vt 0.8979 0.2838 0.0000
vt 0.9102 0.2838 0.0000
vt 0.8979 0.2792 0.0000
vt 0.9102 0.2792 0.0000
vt 0.8979 0.2733 0.0000
vt 0.9102 0.2733 0.0000
vt 0.7647 0.3651 0.0000
vt 0.7587 0.3613 0.0000
vt 0.7490 0.4017 0.0000
vt 0.8655 0.5152 0.0000
vt 0.8778 0.5152 0.0000
vt 0.5359 0.6230 0.0000
vt 0.5322 0.6538 0.0000
vt 0.7542 0.3549 0.0000
vt 0.7497 0.3528 0.0000
vt 0.5369 0.6071 0.0000
vt 0.5322 0.6049 0.0000
vt 0.5277 0.6069 0.0000
vt 0.7424 0.3575 0.0000
vt 0.7450 0.3549 0.0000
vt 0.5437 0.6193 0.0000
vt 0.5410 0.6154 0.0000
vt 0.5394 0.6097 0.0000
vt 0.4899 0.3680 0.0000
vt 0.8079 0.6148 0.0000
vt 0.8137 0.6211 0.0000
vt 0.8144 0.6237 0.0000
vt 0.8219 0.6038 0.0000
vt 0.8197 0.6066 0.0000
vt 0.4673 0.3678 0.0000
vt 0.4680 0.3652 0.0000
# 1086 texture coords

o hooks_low
g hooks_low
usemtl wire_115115115
s off
f 281/460/217 282/461/218 283/462/218 284/463/217 
f 285/464/219 286/465/219 282/466/219 281/467/219 
f 287/468/220 288/469/221 289/470/221 290/471/220 
f 284/472/222 283/473/222 291/474/222 292/475/222 
f 293/476/223 294/477/223 295/478/224 296/479/224 
f 292/480/225 285/481/225 297/482/226 298/483/226 
f 285/464/219 281/467/219 299/484/227 297/485/227 
f 281/460/217 284/463/217 300/486/228 299/487/228 
f 284/472/222 292/475/222 298/488/229 300/489/229 
f 298/483/226 297/482/226 301/490/230 302/491/230 
f 297/485/227 299/484/227 303/492/219 301/493/219 
f 299/487/228 300/486/228 304/494/231 303/495/231 
f 300/489/229 298/488/229 302/496/222 304/497/222 
f 302/491/230 301/490/230 305/498/232 306/499/232 
f 301/493/219 303/492/219 307/500/219 305/501/219 
f 303/495/231 304/494/231 308/502/233 307/503/233 
f 304/497/222 302/496/222 306/504/222 308/505/222 
f 306/499/232 305/498/232 309/506/234 310/507/234 
f 305/501/219 307/500/219 311/508/235 309/509/219 
f 307/503/233 308/502/233 312/510/236 311/511/236 
f 308/505/222 306/504/222 310/512/222 312/513/237 
f 310/507/234 309/506/234 313/514/238 314/515/238 
f 309/509/219 311/508/235 315/516/227 313/517/219 
f 311/511/236 312/510/236 316/518/239 315/519/239 
f 312/513/237 310/512/222 314/520/222 316/521/229 
f 314/515/238 313/514/238 317/522/240 318/523/240 
f 313/517/219 315/516/227 319/524/235 317/525/219 
f 315/519/239 316/518/239 320/526/241 319/527/241 
f 316/521/229 314/520/222 318/528/222 320/529/237 
f 318/523/240 317/522/240 294/477/223 293/476/223 
f 317/525/219 319/524/235 295/530/235 294/531/235 
f 319/527/241 320/526/241 296/532/224 295/533/224 
f 320/529/237 318/528/222 293/534/237 296/535/237 
f 321/536/242 322/537/243 323/538/243 324/539/242 
f 291/474/222 283/473/222 325/540/229 326/541/222 
f 282/461/218 327/542/244 325/543/244 283/462/218 
f 286/465/219 328/544/227 327/545/227 282/466/219 
f 329/546/245 330/547/245 331/548/246 332/549/246 
f 330/550/222 333/551/222 334/552/229 331/553/229 
f 333/554/247 335/555/247 336/556/248 334/557/248 
f 335/558/227 329/559/227 332/560/227 336/561/227 
f 332/549/246 331/548/246 337/562/249 338/563/249 
f 331/553/229 334/552/229 339/564/229 337/565/229 
f 334/557/248 336/556/248 340/566/250 339/567/250 
f 336/561/227 332/560/227 338/568/227 340/569/227 
f 337/562/249 341/570/251 342/571/251 338/563/249 
f 337/565/229 339/564/229 343/572/222 341/573/222 
f 340/566/250 344/574/252 343/575/252 339/567/250 
f 338/568/227 342/576/227 344/577/227 340/569/227 
f 345/578/253 346/579/254 347/580/254 348/581/253 
f 349/582/222 350/583/255 346/584/256 345/585/222 
f 351/586/257 352/587/258 350/588/258 349/589/257 
f 351/590/227 348/591/227 347/592/259 352/593/260 
f 330/547/245 329/546/245 353/594/261 354/595/261 
f 355/596/229 333/551/222 330/550/222 354/597/222 
f 335/555/247 333/554/247 355/598/262 356/599/262 
f 329/559/227 335/558/227 356/600/227 353/601/227 
f 357/602/263 358/603/263 359/604/264 360/605/264 
f 361/606/222 362/607/222 341/573/222 343/572/222 
f 363/608/265 361/609/265 343/575/252 344/574/252 
f 342/576/227 364/610/227 363/611/227 344/577/227 
f 365/612/266 366/613/222 367/614/222 368/615/267 
f 369/616/268 366/617/268 365/618/269 370/619/269 
f 371/620/227 369/621/270 370/622/271 372/623/272 
f 373/624/273 374/625/274 375/626/274 376/627/273 
f 377/628/275 378/629/276 379/630/276 380/631/275 
f 381/632/277 382/633/277 383/634/278 384/635/278 
f 385/636/279 386/637/279 371/638/280 367/639/280 
f 387/640/229 385/641/229 367/614/222 366/613/222 
f 388/642/281 387/643/281 366/617/268 369/616/268 
f 386/644/227 388/645/227 369/621/270 371/620/227 
f 380/646/229 373/647/222 389/648/282 390/649/282 
f 377/628/275 380/631/275 390/650/283 391/651/283 
f 392/652/227 376/653/227 377/654/227 391/655/219 
f 393/656/284 394/657/284 395/658/285 396/659/285 
f 397/660/286 398/661/287 399/662/287 400/663/288 
f 384/635/278 383/634/278 289/470/221 288/469/221 
f 401/664/289 402/665/289 382/633/277 381/632/277 
f 373/624/273 376/627/273 403/666/290 404/667/290 
f 376/653/227 392/652/227 405/668/227 403/669/227 
f 392/670/291 389/671/291 406/672/292 405/673/292 
f 389/648/282 373/647/222 404/674/237 406/675/237 
f 368/615/267 367/614/222 407/676/237 408/677/237 
f 367/639/280 371/638/280 409/678/293 407/679/293 
f 371/620/227 372/623/272 410/680/227 409/681/227 
f 372/682/294 368/683/295 408/684/296 410/685/296 
f 404/667/290 403/666/290 411/686/297 412/687/297 
f 403/669/227 405/668/227 413/688/298 411/689/299 
f 405/673/292 406/672/292 414/690/300 413/691/300 
f 406/675/237 404/674/237 412/692/301 414/693/302 
f 407/679/293 409/678/293 415/694/303 416/695/303 
f 410/685/296 408/684/296 417/696/304 418/697/304 
f 412/687/297 411/686/297 396/659/285 395/658/285 
f 413/691/300 414/690/300 394/657/284 393/656/284 
f 416/695/303 415/694/303 397/660/286 400/663/288 
f 418/697/304 417/696/304 399/662/287 398/661/287 
f 287/698/220 290/699/220 375/626/274 374/625/274 
f 389/671/291 392/670/291 386/637/279 385/636/279 
f 390/649/282 389/648/282 385/641/229 387/640/229 
f 391/651/283 390/650/283 387/643/281 388/642/281 
f 392/652/227 391/655/219 388/645/227 386/644/227 
f 419/700/305 420/701/305 421/702/306 422/703/306 
f 423/704/307 424/705/307 350/588/258 352/587/258 
f 368/683/295 372/682/294 425/706/308 426/707/309 
f 370/619/269 365/618/269 424/705/307 423/704/307 
f 426/707/309 425/706/308 427/708/310 428/709/311 
f 347/580/254 346/579/254 429/710/312 430/711/312 
f 429/712/313 428/713/314 431/714/315 432/715/316 
f 428/709/311 427/708/310 433/716/317 431/717/317 
f 427/718/318 430/719/319 434/720/320 433/721/321 
f 430/711/312 429/710/312 432/722/322 434/723/322 
f 417/724/323 408/677/237 407/676/237 416/725/324 
f 418/726/325 415/727/326 409/681/227 410/680/227 
f 431/717/317 433/716/317 420/701/305 419/700/305 
f 434/723/322 432/722/322 422/703/306 421/702/306 
f 402/665/289 401/664/289 379/630/276 378/629/276 
f 345/578/253 348/581/253 364/728/327 362/729/327 
f 361/606/222 349/582/222 345/585/222 362/607/222 
f 351/586/257 349/589/257 361/609/265 363/608/265 
f 348/591/227 351/590/227 363/611/227 364/610/227 
f 341/573/222 362/607/222 435/730/237 436/731/237 
f 362/729/327 364/728/327 437/732/328 435/733/328 
f 364/610/227 342/576/227 438/734/227 437/735/227 
f 342/571/251 341/570/251 436/736/329 438/737/329 
f 436/731/237 435/730/237 439/738/237 440/739/237 
f 435/733/328 437/732/328 441/740/330 439/741/330 
f 437/735/227 438/734/227 442/742/227 441/743/227 
f 438/737/329 436/736/329 440/744/331 442/745/331 
f 440/739/237 439/738/237 443/746/332 444/747/333 
f 439/741/330 441/740/330 445/748/334 443/749/334 
f 441/743/227 442/742/227 446/750/335 445/751/336 
f 442/745/331 440/744/331 444/752/337 446/753/337 
f 350/583/255 424/754/338 426/755/339 346/584/256 
f 425/756/340 423/757/341 352/593/260 347/592/259 
f 424/754/338 365/612/266 368/615/267 426/755/339 
f 372/623/272 370/622/271 423/757/341 425/756/340 
f 346/584/256 426/755/339 428/713/314 429/712/313 
f 430/719/319 427/718/318 425/756/340 347/592/259 
f 374/758/229 384/759/229 288/760/229 287/761/229 
f 375/762/227 378/763/227 377/654/227 376/653/227 
f 393/764/342 396/765/342 411/689/299 413/688/298 
f 394/766/343 414/693/302 412/692/301 395/767/343 
f 399/768/344 417/724/323 416/725/324 400/769/344 
f 398/770/345 397/771/345 415/727/326 418/726/325 
f 422/772/346 432/715/316 431/714/315 419/773/346 
f 421/774/347 420/775/347 433/721/321 434/720/320 
f 443/746/332 357/776/348 360/777/348 444/747/333 
f 443/749/334 445/748/334 358/603/263 357/602/263 
f 445/751/336 446/750/335 359/778/349 358/779/349 
f 446/753/337 444/752/337 360/605/264 359/604/264 
f 447/780/237 448/781/237 449/782/222 354/597/222 
f 354/595/261 353/594/261 450/783/350 447/784/350 
f 324/785/227 323/786/227 286/465/227 285/464/227 
f 448/787/351 451/788/351 452/789/352 453/790/352 
f 453/790/352 452/789/352 454/791/353 455/792/353 
f 455/792/353 454/791/353 456/793/354 457/794/354 
f 457/794/354 456/793/354 458/795/355 459/796/355 
f 459/796/355 458/795/355 323/538/243 322/537/243 
f 285/481/225 292/480/225 321/536/242 324/539/242 
f 321/797/222 292/475/222 291/474/222 322/798/237 
f 323/786/227 328/544/227 286/465/227 
f 460/799/229 449/782/222 326/541/222 325/540/229 
f 461/800/244 460/801/244 325/543/244 327/542/244 
f 328/544/227 462/802/227 461/803/227 327/545/227 
f 459/804/237 322/798/237 326/541/222 457/805/237 
f 454/806/227 462/802/227 328/544/227 456/807/227 
f 323/786/227 458/808/227 456/807/227 328/544/227 
f 322/798/237 291/474/222 326/541/222 
f 448/781/237 453/809/222 455/810/222 449/782/222 
f 447/784/350 450/783/350 451/788/351 448/787/351 
f 355/596/229 354/597/222 449/782/222 460/799/229 
f 356/599/262 355/598/262 460/801/244 461/800/244 
f 462/802/227 353/601/227 356/600/227 461/803/227 
f 450/811/227 353/601/227 462/802/227 451/812/227 
f 455/810/222 457/805/237 326/541/222 449/782/222 
f 454/806/227 452/813/227 451/812/227 462/802/227 
f 373/647/222 380/646/229 379/814/229 374/758/229 
f 375/762/227 383/815/270 378/763/227 
f 383/815/270 382/816/270 402/817/270 378/763/227 
f 290/818/270 289/819/270 383/815/270 375/762/227 
f 374/758/229 379/814/229 384/759/229 
f 379/814/229 401/820/229 381/821/229 384/759/229 
f 463/822/356 464/823/357 465/824/357 466/825/356 
f 467/826/358 468/827/359 464/828/359 463/829/358 
f 469/830/360 470/831/361 471/832/361 472/833/360 
f 466/834/362 465/835/362 473/836/362 474/837/362 
f 475/838/363 476/839/363 477/840/364 478/841/364 
f 474/842/365 467/843/365 479/844/366 480/845/366 
f 467/826/358 463/829/358 481/846/358 479/847/358 
f 463/822/356 466/825/356 482/848/367 481/849/367 
f 466/834/362 474/837/362 480/850/368 482/851/368 
f 480/845/366 479/844/366 483/852/369 484/853/369 
f 479/847/358 481/846/358 485/854/359 483/855/359 
f 481/849/367 482/848/367 486/856/370 485/857/370 
f 482/851/368 480/850/368 484/858/362 486/859/368 
f 484/853/369 483/852/369 487/860/371 488/861/371 
f 483/855/359 485/854/359 489/862/359 487/863/359 
f 485/857/370 486/856/370 490/864/372 489/865/372 
f 486/859/368 484/858/362 488/866/362 490/867/362 
f 488/861/371 487/860/371 491/868/373 492/869/373 
f 487/863/359 489/862/359 493/870/359 491/871/359 
f 489/865/372 490/864/372 494/872/374 493/873/374 
f 490/867/362 488/866/362 492/874/362 494/875/362 
f 492/869/373 491/868/373 495/876/375 496/877/375 
f 491/871/359 493/870/359 497/878/359 495/879/359 
f 493/873/374 494/872/374 498/880/376 497/881/376 
f 494/875/362 492/874/362 496/882/362 498/883/362 
f 496/877/375 495/876/375 499/884/377 500/885/377 
f 495/879/359 497/878/359 501/886/358 499/887/358 
f 497/881/376 498/880/376 502/888/378 501/889/378 
f 498/883/362 496/882/362 500/890/362 502/891/362 
f 500/885/377 499/884/377 476/839/363 475/838/363 
f 499/887/358 501/886/358 477/892/358 476/893/358 
f 501/889/378 502/888/378 478/894/364 477/895/364 
f 502/891/362 500/890/362 475/896/368 478/897/368 
f 503/898/379 504/899/380 505/900/380 506/901/379 
f 473/836/362 465/835/362 507/902/362 508/903/362 
f 464/823/357 509/904/381 507/905/381 465/824/357 
f 468/827/359 510/906/358 509/907/359 464/828/359 
f 511/908/382 512/909/382 513/910/383 514/911/383 
f 512/912/362 515/913/362 516/914/362 513/915/362 
f 515/916/384 517/917/384 518/918/385 516/919/385 
f 517/920/359 511/921/359 514/922/359 518/923/359 
f 514/911/383 513/910/383 519/924/386 520/925/386 
f 513/915/362 516/914/362 521/926/368 519/927/368 
f 516/919/385 518/918/385 522/928/387 521/929/387 
f 518/923/359 514/922/359 520/930/358 522/931/358 
f 519/924/386 523/932/388 524/933/388 520/925/386 
f 519/927/368 521/926/368 525/934/362 523/935/362 
f 522/928/387 526/936/389 525/937/389 521/929/387 
f 520/930/358 524/938/358 526/939/358 522/931/358 
f 527/940/390 528/941/391 529/942/391 530/943/390 
f 531/944/362 532/945/392 528/946/393 527/947/362 
f 533/948/394 534/949/395 532/950/395 531/951/394 
f 533/952/359 530/953/359 529/954/396 534/955/397 
f 512/909/382 511/908/382 535/956/398 536/957/398 
f 537/958/368 515/913/362 512/912/362 536/959/368 
f 517/917/384 515/916/384 537/960/399 538/961/399 
f 511/921/359 517/920/359 538/962/359 535/963/359 
f 539/964/400 540/965/400 541/966/401 542/967/401 
f 543/968/362 544/969/362 523/935/362 525/934/362 
f 545/970/402 543/971/402 525/937/389 526/936/389 
f 524/938/358 546/972/358 545/973/358 526/939/358 
f 547/974/403 548/975/362 549/976/362 550/977/404 
f 551/978/405 548/979/405 547/980/406 552/981/406 
f 553/982/359 551/983/359 552/984/407 554/985/408 
f 555/986/409 556/987/410 557/988/410 558/989/409 
f 559/990/411 560/991/412 561/992/412 562/993/411 
f 563/994/413 564/995/413 565/996/414 566/997/414 
f 567/998/415 568/999/415 553/1000/416 549/1001/416 
f 569/1002/362 567/1003/362 549/976/362 548/975/362 
f 570/1004/417 569/1005/417 548/979/405 551/978/405 
f 568/1006/358 570/1007/358 551/983/359 553/982/359 
f 562/1008/368 555/1009/368 571/1010/368 572/1011/368 
f 559/990/411 562/993/411 572/1012/418 573/1013/418 
f 574/1014/358 558/1015/359 559/1016/359 573/1017/358 
f 575/1018/419 576/1019/419 577/1020/420 578/1021/420 
f 579/1022/421 580/1023/422 581/1024/422 582/1025/423 
f 566/997/414 565/996/414 471/832/361 470/831/361 
f 583/1026/424 584/1027/424 564/995/413 563/994/413 
f 555/986/409 558/989/409 585/1028/425 586/1029/425 
f 558/1015/359 574/1014/358 587/1030/359 585/1031/359 
f 574/1032/426 571/1033/426 588/1034/427 587/1035/427 
f 571/1010/368 555/1009/368 586/1036/362 588/1037/362 
f 550/977/404 549/976/362 589/1038/362 590/1039/362 
f 549/1001/416 553/1000/416 591/1040/428 589/1041/428 
f 553/982/359 554/985/408 592/1042/359 591/1043/359 
f 554/1044/429 550/1045/430 590/1046/431 592/1047/431 
f 586/1029/425 585/1028/425 593/1048/432 594/1049/432 
f 585/1031/359 587/1030/359 595/1050/433 593/1051/434 
f 587/1035/427 588/1034/427 596/1052/435 595/1053/435 
f 588/1037/362 586/1036/362 594/1054/436 596/1055/437 
f 589/1041/428 591/1040/428 597/1056/438 598/1057/438 
f 592/1047/431 590/1046/431 599/1058/439 600/1059/439 
f 594/1049/432 593/1048/432 578/1021/420 577/1020/420 
f 595/1053/435 596/1052/435 576/1019/419 575/1018/419 
f 598/1057/438 597/1056/438 579/1022/421 582/1025/423 
f 600/1059/439 599/1058/439 581/1024/422 580/1023/422 
f 469/1060/360 472/1061/360 557/988/410 556/987/410 
f 571/1033/426 574/1032/426 568/999/415 567/998/415 
f 572/1011/368 571/1010/368 567/1003/362 569/1002/362 
f 573/1013/418 572/1012/418 569/1005/417 570/1004/417 
f 574/1014/358 573/1017/358 570/1007/358 568/1006/358 
f 601/1062/440 602/1063/440 603/1064/441 604/1065/441 
f 605/1066/442 606/1067/442 532/950/395 534/949/395 
f 550/1045/430 554/1044/429 607/1068/443 608/1069/444 
f 552/981/406 547/980/406 606/1067/442 605/1066/442 
f 608/1069/444 607/1068/443 609/1070/445 610/1071/446 
f 529/942/391 528/941/391 611/1072/447 612/1073/447 
f 611/1074/448 610/1075/449 613/1076/450 614/1077/451 
f 610/1071/446 609/1070/445 615/1078/452 613/1079/452 
f 609/1080/453 612/1081/454 616/1082/455 615/1083/456 
f 612/1073/447 611/1072/447 614/1084/457 616/1085/457 
f 599/1086/458 590/1039/362 589/1038/362 598/1087/459 
f 600/1088/460 597/1089/461 591/1043/359 592/1042/359 
f 613/1079/452 615/1078/452 602/1063/440 601/1062/440 
f 616/1085/457 614/1084/457 604/1065/441 603/1064/441 
f 584/1027/424 583/1026/424 561/992/412 560/991/412 
f 527/940/390 530/943/390 546/1090/462 544/1091/462 
f 543/968/362 531/944/362 527/947/362 544/969/362 
f 533/948/394 531/951/394 543/971/402 545/970/402 
f 530/953/359 533/952/359 545/973/358 546/972/358 
f 523/935/362 544/969/362 617/1092/362 618/1093/362 
f 544/1091/462 546/1090/462 619/1094/463 617/1095/463 
f 546/972/358 524/938/358 620/1096/358 619/1097/359 
f 524/933/388 523/932/388 618/1098/464 620/1099/464 
f 618/1093/362 617/1092/362 621/1100/362 622/1101/362 
f 617/1095/463 619/1094/463 623/1102/465 621/1103/465 
f 619/1097/359 620/1096/358 624/1104/359 623/1105/359 
f 620/1099/464 618/1098/464 622/1106/466 624/1107/466 
f 622/1101/362 621/1100/362 625/1108/467 626/1109/468 
f 621/1103/465 623/1102/465 627/1110/469 625/1111/469 
f 623/1105/359 624/1104/359 628/1112/470 627/1113/471 
f 624/1107/466 622/1106/466 626/1114/472 628/1115/472 
f 532/945/392 606/1116/473 608/1117/474 528/946/393 
f 607/1118/475 605/1119/476 534/955/397 529/954/396 
f 606/1116/473 547/974/403 550/977/404 608/1117/474 
f 554/985/408 552/984/407 605/1119/476 607/1118/475 
f 528/946/393 608/1117/474 610/1075/449 611/1074/448 
f 612/1081/454 609/1080/453 607/1118/475 529/954/396 
f 556/1120/368 566/1121/362 470/1122/368 469/1123/368 
f 557/1124/359 560/1125/359 559/1016/359 558/1015/359 
f 575/1126/477 578/1127/477 593/1051/434 595/1050/433 
f 576/1128/478 596/1055/437 594/1054/436 577/1129/478 
f 581/1130/479 599/1086/458 598/1087/459 582/1131/479 
f 580/1132/480 579/1133/480 597/1089/461 600/1088/460 
f 604/1134/481 614/1077/451 613/1076/450 601/1135/481 
f 603/1136/482 602/1137/482 615/1083/456 616/1082/455 
f 625/1108/467 539/1138/483 542/1139/483 626/1109/468 
f 625/1111/469 627/1110/469 540/965/400 539/964/400 
f 627/1113/471 628/1112/470 541/1140/484 540/1141/484 
f 628/1115/472 626/1114/472 542/967/401 541/966/401 
f 629/1142/362 630/1143/368 631/1144/362 536/959/368 
f 536/957/398 535/956/398 632/1145/485 629/1146/485 
f 506/1147/359 505/1148/359 468/827/359 467/826/359 
f 630/1149/486 633/1150/486 634/1151/487 635/1152/487 
f 635/1152/487 634/1151/487 636/1153/488 637/1154/488 
f 637/1154/488 636/1153/488 638/1155/489 639/1156/489 
f 639/1156/489 638/1155/489 640/1157/490 641/1158/490 
f 641/1158/490 640/1157/490 505/900/380 504/899/380 
f 467/843/365 474/842/365 503/898/379 506/901/379 
f 503/1159/362 474/837/362 473/836/362 504/1160/362 
f 505/1148/359 510/906/359 468/827/359 
f 642/1161/368 631/1144/362 508/903/362 507/902/362 
f 643/1162/381 642/1163/381 507/905/381 509/904/381 
f 510/906/358 644/1164/359 643/1165/359 509/907/359 
f 641/1166/362 504/1160/362 508/903/362 639/1167/362 
f 636/1168/359 644/1164/359 510/906/359 638/1169/358 
f 505/1148/359 640/1170/358 638/1169/358 510/906/359 
f 504/1160/362 473/836/362 508/903/362 
f 630/1143/368 635/1171/368 637/1172/362 631/1144/362 
f 629/1146/485 632/1145/485 633/1150/486 630/1149/486 
f 537/958/368 536/959/368 631/1144/362 642/1161/368 
f 538/961/399 537/960/399 642/1163/381 643/1162/381 
f 644/1164/359 535/963/359 538/962/359 643/1165/359 
f 632/1173/359 535/963/359 644/1164/359 633/1174/359 
f 637/1172/362 639/1167/362 508/903/362 631/1144/362 
f 636/1168/359 634/1175/359 633/1174/359 644/1164/359 
f 555/1009/368 562/1008/368 561/1176/368 556/1120/368 
f 557/1124/359 565/1177/359 560/1125/359 
f 565/1177/359 564/1178/359 584/1179/359 560/1125/359 
f 472/1180/358 471/1181/358 565/1177/359 557/1124/359 
f 556/1120/368 561/1176/368 566/1121/362 
f 561/1176/368 583/1182/362 563/1183/362 566/1121/362 
f 645/1184/491 646/1185/492 647/1186/492 648/1187/491 
f 649/1188/493 650/1189/494 646/1190/494 645/1191/493 
f 651/1192/495 652/1193/496 653/1194/496 654/1195/495 
f 648/1196/497 647/1197/497 655/1198/497 656/1199/497 
f 657/1200/498 658/1201/498 659/1202/499 660/1203/499 
f 656/1204/500 649/1205/500 661/1206/501 662/1207/501 
f 649/1188/493 645/1191/493 663/1208/494 661/1209/494 
f 645/1184/491 648/1187/491 664/1210/502 663/1211/502 
f 648/1196/497 656/1199/497 662/1212/497 664/1213/497 
f 662/1207/501 661/1206/501 665/1214/503 666/1215/503 
f 661/1209/494 663/1208/494 667/1216/494 665/1217/494 
f 663/1211/502 664/1210/502 668/1218/504 667/1219/504 
f 664/1213/497 662/1212/497 666/1220/497 668/1221/497 
f 666/1215/503 665/1214/503 669/1222/505 670/1223/505 
f 665/1217/494 667/1216/494 671/1224/493 669/1225/493 
f 667/1219/504 668/1218/504 672/1226/506 671/1227/506 
f 668/1221/497 666/1220/497 670/1228/507 672/1229/507 
f 670/1223/505 669/1222/505 673/1230/508 674/1231/508 
f 669/1225/493 671/1224/493 675/1232/493 673/1233/493 
f 671/1227/506 672/1226/506 676/1234/509 675/1235/509 
f 672/1229/507 670/1228/507 674/1236/507 676/1237/507 
f 674/1231/508 673/1230/508 677/1238/510 678/1239/510 
f 673/1233/493 675/1232/493 679/1240/493 677/1241/493 
f 675/1235/509 676/1234/509 680/1242/511 679/1243/511 
f 676/1237/507 674/1236/507 678/1244/497 680/1245/497 
f 678/1239/510 677/1238/510 681/1246/512 682/1247/512 
f 677/1241/493 679/1240/493 683/1248/494 681/1249/493 
f 679/1243/511 680/1242/511 684/1250/513 683/1251/513 
f 680/1245/497 678/1244/497 682/1252/497 684/1253/497 
f 682/1247/512 681/1246/512 658/1201/498 657/1200/498 
f 681/1249/493 683/1248/494 659/1254/494 658/1255/494 
f 683/1251/513 684/1250/513 660/1256/499 659/1257/499 
f 684/1253/497 682/1252/497 657/1258/507 660/1259/507 
f 685/1260/514 686/1261/515 687/1262/515 688/1263/514 
f 655/1198/497 647/1197/497 689/1264/507 690/1265/497 
f 646/1185/492 691/1266/516 689/1267/516 647/1186/492 
f 650/1189/494 692/1268/494 691/1269/494 646/1190/494 
f 693/1270/517 694/1271/517 695/1272/518 696/1273/518 
f 694/1274/507 697/1275/507 698/1276/507 695/1277/507 
f 697/1278/519 699/1279/519 700/1280/520 698/1281/520 
f 699/1282/493 693/1283/493 696/1284/493 700/1285/493 
f 696/1273/518 695/1272/518 701/1286/521 702/1287/521 
f 695/1277/507 698/1276/507 703/1288/507 701/1289/507 
f 698/1281/520 700/1280/520 704/1290/522 703/1291/522 
f 700/1285/493 696/1284/493 702/1292/494 704/1293/494 
f 701/1286/521 705/1294/523 706/1295/523 702/1287/521 
f 701/1289/507 703/1288/507 707/1296/497 705/1297/497 
f 704/1290/522 708/1298/524 707/1299/524 703/1291/522 
f 702/1292/494 706/1300/494 708/1301/494 704/1293/494 
f 709/1302/525 710/1303/526 711/1304/526 712/1305/525 
f 713/1306/497 714/1307/527 710/1308/528 709/1309/497 
f 715/1310/529 716/1311/530 714/1312/530 713/1313/529 
f 715/1314/493 712/1315/493 711/1316/531 716/1317/532 
f 694/1271/517 693/1270/517 717/1318/533 718/1319/533 
f 719/1320/497 697/1275/507 694/1274/507 718/1321/497 
f 699/1279/519 697/1278/519 719/1322/534 720/1323/534 
f 693/1283/493 699/1282/493 720/1324/494 717/1325/494 
f 721/1326/535 722/1327/535 723/1328/536 724/1329/536 
f 725/1330/497 726/1331/497 705/1297/497 707/1296/497 
f 727/1332/537 725/1333/537 707/1299/524 708/1298/524 
f 706/1300/494 728/1334/493 727/1335/493 708/1301/494 
f 729/1336/538 730/1337/507 731/1338/507 732/1339/539 
f 733/1340/540 730/1341/540 729/1342/541 734/1343/541 
f 735/1344/494 733/1345/494 734/1346/542 736/1347/543 
f 737/1348/544 738/1349/545 739/1350/545 740/1351/544 
f 741/1352/546 742/1353/547 743/1354/547 744/1355/546 
f 745/1356/548 746/1357/548 747/1358/549 748/1359/549 
f 749/1360/550 750/1361/550 735/1362/551 731/1363/551 
f 751/1364/507 749/1365/507 731/1338/507 730/1337/507 
f 752/1366/552 751/1367/552 730/1341/540 733/1340/540 
f 750/1368/493 752/1369/493 733/1345/494 735/1344/494 
f 744/1370/507 737/1371/507 753/1372/497 754/1373/507 
f 741/1352/546 744/1355/546 754/1374/553 755/1375/553 
f 756/1376/493 740/1377/494 741/1378/494 755/1379/493 
f 757/1380/554 758/1381/554 759/1382/555 760/1383/555 
f 761/1384/556 762/1385/557 763/1386/557 764/1387/558 
f 748/1359/549 747/1358/549 653/1194/496 652/1193/496 
f 765/1388/559 766/1389/559 746/1357/548 745/1356/548 
f 737/1348/544 740/1351/544 767/1390/560 768/1391/560 
f 740/1377/494 756/1376/493 769/1392/494 767/1393/494 
f 756/1394/561 753/1395/561 770/1396/562 769/1397/562 
f 753/1372/497 737/1371/507 768/1398/497 770/1399/497 
f 732/1339/539 731/1338/507 771/1400/507 772/1401/507 
f 731/1363/551 735/1362/551 773/1402/563 771/1403/563 
f 735/1344/494 736/1347/543 774/1404/493 773/1405/493 
f 736/1406/564 732/1407/565 772/1408/566 774/1409/566 
f 768/1391/560 767/1390/560 775/1410/567 776/1411/567 
f 767/1393/494 769/1392/494 777/1412/568 775/1413/569 
f 769/1397/562 770/1396/562 778/1414/570 777/1415/570 
f 770/1399/497 768/1398/497 776/1416/571 778/1417/572 
f 771/1403/563 773/1402/563 779/1418/573 780/1419/573 
f 774/1409/566 772/1408/566 781/1420/574 782/1421/574 
f 776/1411/567 775/1410/567 760/1383/555 759/1382/555 
f 777/1415/570 778/1414/570 758/1381/554 757/1380/554 
f 780/1419/573 779/1418/573 761/1384/556 764/1387/558 
f 782/1421/574 781/1420/574 763/1386/557 762/1385/557 
f 651/1422/495 654/1423/495 739/1350/545 738/1349/545 
f 753/1395/561 756/1394/561 750/1361/550 749/1360/550 
f 754/1373/507 753/1372/497 749/1365/507 751/1364/507 
f 755/1375/553 754/1374/553 751/1367/552 752/1366/552 
f 756/1376/493 755/1379/493 752/1369/493 750/1368/493 
f 783/1424/575 784/1425/575 785/1426/576 786/1427/576 
f 787/1428/577 788/1429/577 714/1312/530 716/1311/530 
f 732/1407/565 736/1406/564 789/1430/578 790/1431/579 
f 734/1343/541 729/1342/541 788/1429/577 787/1428/577 
f 790/1431/579 789/1430/578 791/1432/580 792/1433/581 
f 711/1304/526 710/1303/526 793/1434/582 794/1435/582 
f 793/1436/583 792/1437/584 795/1438/585 796/1439/586 
f 792/1433/581 791/1432/580 797/1440/587 795/1441/587 
f 791/1442/588 794/1443/589 798/1444/590 797/1445/591 
f 794/1435/582 793/1434/582 796/1446/592 798/1447/592 
f 781/1448/593 772/1401/507 771/1400/507 780/1449/594 
f 782/1450/595 779/1451/596 773/1405/493 774/1404/493 
f 795/1441/587 797/1440/587 784/1425/575 783/1424/575 
f 798/1447/592 796/1446/592 786/1427/576 785/1426/576 
f 766/1389/559 765/1388/559 743/1354/547 742/1353/547 
f 709/1302/525 712/1305/525 728/1452/597 726/1453/597 
f 725/1330/497 713/1306/497 709/1309/497 726/1331/497 
f 715/1310/529 713/1313/529 725/1333/537 727/1332/537 
f 712/1315/493 715/1314/493 727/1335/493 728/1334/493 
f 705/1297/497 726/1331/497 799/1454/497 800/1455/497 
f 726/1453/597 728/1452/597 801/1456/598 799/1457/598 
f 728/1334/493 706/1300/494 802/1458/493 801/1459/493 
f 706/1295/523 705/1294/523 800/1460/599 802/1461/599 
f 800/1455/497 799/1454/497 803/1462/497 804/1463/497 
f 799/1457/598 801/1456/598 805/1464/600 803/1465/600 
f 801/1459/493 802/1458/493 806/1466/494 805/1467/494 
f 802/1461/599 800/1460/599 804/1468/601 806/1469/601 
f 804/1463/497 803/1462/497 807/1470/602 808/1471/603 
f 803/1465/600 805/1464/600 809/1472/604 807/1473/604 
f 805/1467/494 806/1466/494 810/1474/605 809/1475/606 
f 806/1469/601 804/1468/601 808/1476/607 810/1477/607 
f 714/1307/527 788/1478/608 790/1479/609 710/1308/528 
f 789/1480/610 787/1481/611 716/1317/532 711/1316/531 
f 788/1478/608 729/1336/538 732/1339/539 790/1479/609 
f 736/1347/543 734/1346/542 787/1481/611 789/1480/610 
f 710/1308/528 790/1479/609 792/1437/584 793/1436/583 
f 794/1443/589 791/1442/588 789/1480/610 711/1316/531 
f 738/1482/507 748/1483/507 652/1484/507 651/1485/507 
f 739/1486/493 742/1487/493 741/1378/494 740/1377/494 
f 757/1488/612 760/1489/612 775/1413/569 777/1412/568 
f 758/1490/613 778/1417/572 776/1416/571 759/1491/613 
f 763/1492/614 781/1448/593 780/1449/594 764/1493/614 
f 762/1494/615 761/1495/615 779/1451/596 782/1450/595 
f 786/1496/616 796/1439/586 795/1438/585 783/1497/616 
f 785/1498/617 784/1499/617 797/1445/591 798/1444/590 
f 807/1470/602 721/1500/618 724/1501/618 808/1471/603 
f 807/1473/604 809/1472/604 722/1327/535 721/1326/535 
f 809/1475/606 810/1474/605 723/1502/619 722/1503/619 
f 810/1477/607 808/1476/607 724/1329/536 723/1328/536 
f 811/1504/497 812/1505/507 813/1506/497 718/1321/497 
f 718/1319/533 717/1318/533 814/1507/620 811/1508/620 
f 688/1509/493 687/1510/494 650/1189/494 649/1188/493 
f 812/1511/621 815/1512/621 816/1513/622 817/1514/622 
f 817/1514/622 816/1513/622 818/1515/623 819/1516/623 
f 819/1516/623 818/1515/623 820/1517/624 821/1518/624 
f 821/1518/624 820/1517/624 822/1519/625 823/1520/625 
f 823/1520/625 822/1519/625 687/1262/515 686/1261/515 
f 649/1205/500 656/1204/500 685/1260/514 688/1263/514 
f 685/1521/497 656/1199/497 655/1198/497 686/1522/497 
f 687/1510/494 692/1268/494 650/1189/494 
f 824/1523/497 813/1506/497 690/1265/497 689/1264/507 
f 825/1524/516 824/1525/516 689/1267/516 691/1266/516 
f 692/1268/494 826/1526/494 825/1527/494 691/1269/494 
f 823/1528/507 686/1522/497 690/1265/497 821/1529/497 
f 818/1530/494 826/1526/494 692/1268/494 820/1531/494 
f 687/1510/494 822/1532/494 820/1531/494 692/1268/494 
f 686/1522/497 655/1198/497 690/1265/497 
f 812/1505/507 817/1533/507 819/1534/497 813/1506/497 
f 811/1508/620 814/1507/620 815/1512/621 812/1511/621 
f 719/1320/497 718/1321/497 813/1506/497 824/1523/497 
f 720/1323/534 719/1322/534 824/1525/516 825/1524/516 
f 826/1526/494 717/1325/494 720/1324/494 825/1527/494 
f 814/1535/494 717/1325/494 826/1526/494 815/1536/494 
f 819/1534/497 821/1529/497 690/1265/497 813/1506/497 
f 818/1530/494 816/1537/494 815/1536/494 826/1526/494 
f 737/1371/507 744/1370/507 743/1538/507 738/1482/507 
f 739/1486/493 747/1539/494 742/1487/493 
f 747/1539/494 746/1540/494 766/1541/494 742/1487/493 
f 654/1542/494 653/1543/494 747/1539/494 739/1486/493 
f 738/1482/507 743/1538/507 748/1483/507 
f 743/1538/507 765/1544/507 745/1545/507 748/1483/507 
# 534 polygons - 12 triangles

